-- phpMyAdmin SQL Dump
-- version 5.0.2
-- https://www.phpmyadmin.net/
--
-- Host: 127.0.0.1
-- Generation Time: Mar 26, 2021 at 03:04 AM
-- Server version: 10.4.11-MariaDB
-- PHP Version: 7.2.31

SET SQL_MODE = "NO_AUTO_VALUE_ON_ZERO";
START TRANSACTION;
SET time_zone = "+00:00";


/*!40101 SET @OLD_CHARACTER_SET_CLIENT=@@CHARACTER_SET_CLIENT */;
/*!40101 SET @OLD_CHARACTER_SET_RESULTS=@@CHARACTER_SET_RESULTS */;
/*!40101 SET @OLD_COLLATION_CONNECTION=@@COLLATION_CONNECTION */;
/*!40101 SET NAMES utf8mb4 */;

--
-- Database: `blueridge`
--

-- --------------------------------------------------------

--
-- Table structure for table `account_groups`
--

CREATE TABLE `account_groups` (
  `id` bigint(20) UNSIGNED NOT NULL,
  `group_id` bigint(20) UNSIGNED DEFAULT NULL,
  `group_name` varchar(191) COLLATE utf8mb4_unicode_ci NOT NULL,
  `description` longtext COLLATE utf8mb4_unicode_ci DEFAULT NULL,
  `created_at` timestamp NULL DEFAULT NULL,
  `updated_at` timestamp NULL DEFAULT NULL,
  `deleted_at` timestamp NULL DEFAULT NULL,
  `created_by` bigint(20) UNSIGNED DEFAULT NULL
) ENGINE=InnoDB DEFAULT CHARSET=utf8mb4 COLLATE=utf8mb4_unicode_ci;

--
-- Dumping data for table `account_groups`
--

INSERT INTO `account_groups` (`id`, `group_id`, `group_name`, `description`, `created_at`, `updated_at`, `deleted_at`, `created_by`) VALUES
(1, NULL, 'PART I: RECEIPTS PROGRAM', 'Section 2: Receipts Program include income from the following sources:', '2020-03-03 10:12:17', '2020-03-03 10:12:17', NULL, NULL),
(2, NULL, 'PART II: EXPENDITURE PROGRAM', 'Section 3: Expenditures Program cover the following areas of operations:', '2020-03-03 10:12:17', '2020-03-03 10:12:17', NULL, NULL),
(3, 2, 'GENERAL ADMINISTRATION PROGRAM', NULL, '2020-03-03 10:12:17', '2020-03-03 10:12:17', NULL, NULL),
(4, 3, 'Personal Services (PS)', NULL, '2020-03-03 10:12:17', '2020-03-03 10:12:17', NULL, NULL),
(5, 3, 'Maintenance and Other Operating Expenses (MOOE)', NULL, '2020-03-03 10:12:17', '2020-03-03 10:12:17', NULL, NULL),
(6, 5, 'Travelling Expenses - Local', NULL, '2020-03-03 10:12:17', '2020-03-03 10:12:17', NULL, NULL),
(7, 5, 'Training and Scholarship Expenses', NULL, '2020-03-03 10:12:17', '2020-03-03 10:12:17', NULL, NULL),
(8, 5, 'Supplies and Materials Expenses', NULL, '2020-03-03 10:12:17', '2020-03-03 10:12:17', NULL, NULL),
(9, 5, 'Utility Expenses', NULL, '2020-03-03 10:12:17', '2020-03-03 10:12:17', NULL, NULL),
(10, 5, 'Communication Expenses', NULL, '2020-03-03 10:12:17', '2020-03-03 10:12:17', NULL, NULL),
(11, 5, 'Professional Services', NULL, '2020-03-03 10:12:17', '2020-03-03 10:12:17', NULL, NULL),
(12, 5, 'General Services', NULL, '2020-03-03 10:12:17', '2020-03-03 10:12:17', NULL, NULL),
(13, 5, 'Repairs and Maintenance', NULL, '2020-03-03 10:12:17', '2020-03-03 10:12:17', NULL, NULL),
(14, 5, 'Taxes, Insurance Premiums and Other Fees', NULL, '2020-03-03 10:12:17', '2020-03-03 10:12:17', NULL, NULL),
(15, 5, 'Other MOOE', NULL, '2020-03-03 10:12:17', '2020-03-03 10:12:17', NULL, NULL),
(16, 3, 'Capital Outlay', NULL, '2020-03-03 10:12:17', '2020-03-03 10:12:17', NULL, NULL),
(17, 3, 'Special Purpose Appropriation (SPA)', NULL, '2020-03-03 10:12:17', '2020-03-03 10:12:17', NULL, NULL),
(18, 2, 'BASIC SERVICES AND FACILITIES PROGRAM', 'Section 4: General Provisions for the following Basic Services and Facilities are also adopted:', '2020-03-03 10:12:17', '2020-03-03 10:12:17', NULL, NULL);

-- --------------------------------------------------------

--
-- Table structure for table `account_ledgers`
--

CREATE TABLE `account_ledgers` (
  `id` bigint(20) UNSIGNED NOT NULL,
  `group_id` bigint(20) UNSIGNED NOT NULL,
  `ledger_id` bigint(20) UNSIGNED DEFAULT NULL,
  `account_code` varchar(191) COLLATE utf8mb4_unicode_ci DEFAULT NULL,
  `account_type` tinyint(4) NOT NULL,
  `ledger_name` varchar(191) COLLATE utf8mb4_unicode_ci NOT NULL,
  `description` varchar(191) COLLATE utf8mb4_unicode_ci DEFAULT NULL,
  `reference_group` bigint(20) UNSIGNED DEFAULT NULL,
  `reference_ledger` bigint(20) UNSIGNED DEFAULT NULL,
  `budget_percentage` decimal(8,2) DEFAULT NULL,
  `attachments` varchar(191) COLLATE utf8mb4_unicode_ci DEFAULT NULL,
  `attachments_name` varchar(191) COLLATE utf8mb4_unicode_ci DEFAULT NULL,
  `created_at` timestamp NULL DEFAULT NULL,
  `updated_at` timestamp NULL DEFAULT NULL,
  `deleted_at` timestamp NULL DEFAULT NULL,
  `created_by` bigint(20) UNSIGNED DEFAULT NULL
) ENGINE=InnoDB DEFAULT CHARSET=utf8mb4 COLLATE=utf8mb4_unicode_ci;

--
-- Dumping data for table `account_ledgers`
--

INSERT INTO `account_ledgers` (`id`, `group_id`, `ledger_id`, `account_code`, `account_type`, `ledger_name`, `description`, `reference_group`, `reference_ledger`, `budget_percentage`, `attachments`, `attachments_name`, `created_at`, `updated_at`, `deleted_at`, `created_by`) VALUES
(1, 1, NULL, '04-01-02-040', 0, 'Real Property Tax-Basic', NULL, NULL, NULL, NULL, NULL, NULL, '2020-03-03 10:12:17', '2020-03-03 10:12:17', NULL, NULL),
(2, 1, NULL, '4-01-03-030', 0, 'Business Tax', NULL, NULL, NULL, NULL, NULL, NULL, '2020-03-03 10:12:17', '2020-03-03 10:12:17', NULL, NULL),
(3, 1, NULL, '4-01-01-050', 0, 'Community Tax', NULL, NULL, NULL, NULL, NULL, NULL, '2020-03-03 10:12:17', '2020-03-03 10:12:17', NULL, NULL),
(4, 1, NULL, '4-01-06-010', 0, 'Share from Internal Revenue Collections (IRA)', NULL, NULL, NULL, NULL, NULL, NULL, '2020-03-03 10:12:17', '2020-03-03 10:12:17', NULL, NULL),
(5, 1, NULL, '4-02-01-990', 0, 'Other Service Income', NULL, NULL, NULL, NULL, NULL, NULL, '2020-03-03 10:12:17', '2020-03-03 10:12:17', NULL, NULL),
(6, 1, NULL, '4-04-02-010', 0, 'Grants and Donations in Cash', NULL, NULL, NULL, NULL, NULL, NULL, '2020-03-03 10:12:17', '2020-03-03 10:12:17', NULL, NULL),
(7, 4, NULL, '5-01-02', 1, 'Other Compensation', NULL, NULL, NULL, NULL, NULL, NULL, '2020-03-03 10:12:17', '2020-03-03 10:12:17', NULL, NULL),
(8, 4, 7, '5-01-02-100', 1, 'Honoraria', NULL, NULL, NULL, NULL, NULL, NULL, '2020-03-03 10:12:17', '2020-03-03 10:12:17', NULL, NULL),
(9, 4, 7, '5-01-02-150', 1, 'Cash Gift', NULL, NULL, NULL, NULL, NULL, NULL, '2020-03-03 10:12:17', '2020-03-03 10:12:17', NULL, NULL),
(10, 4, 7, '5-01-02-140', 1, 'Year End Bonus', NULL, NULL, NULL, NULL, NULL, NULL, '2020-03-03 10:12:17', '2020-03-03 10:12:17', NULL, NULL),
(11, 4, NULL, '5-01-03', 1, 'Personnel Benefit Contributions', NULL, NULL, NULL, NULL, NULL, NULL, '2020-03-03 10:12:17', '2020-03-03 10:12:17', NULL, NULL),
(12, 4, 11, '5-01-03-010', 1, 'Retirement and Life Insurance Premiums', NULL, NULL, NULL, NULL, NULL, NULL, '2020-03-03 10:12:17', '2020-03-03 10:12:17', NULL, NULL),
(13, 4, NULL, '5-01-04', 1, 'Other Personnel Benefits', NULL, NULL, NULL, NULL, NULL, NULL, '2020-03-03 10:12:17', '2020-03-03 10:12:17', NULL, NULL),
(14, 4, 13, '5-01-04-990', 1, 'Other Personnel Benefits', NULL, NULL, NULL, NULL, NULL, NULL, '2020-03-03 10:12:17', '2020-03-03 10:12:17', NULL, NULL),
(15, 6, NULL, '5-02-03-090', 1, 'Fuel, Oil and Lubricant Expenses', NULL, NULL, NULL, NULL, NULL, NULL, '2020-03-03 10:12:17', '2020-03-03 10:12:17', NULL, NULL),
(16, 7, NULL, '5-02-02-010', 1, 'Training Expenses', NULL, NULL, NULL, NULL, NULL, NULL, '2020-03-03 10:12:17', '2020-03-03 10:12:17', NULL, NULL),
(17, 8, NULL, '5-02-03-010', 1, 'Office Supplies Expenses', NULL, NULL, NULL, NULL, NULL, NULL, '2020-03-03 10:12:17', '2020-03-03 10:12:17', NULL, NULL),
(18, 8, NULL, '5-02-03-020', 1, 'Accountable Forms Expenses', NULL, NULL, NULL, NULL, NULL, NULL, '2020-03-03 10:12:17', '2020-03-03 10:12:17', NULL, NULL),
(19, 8, NULL, '5-02-03-990', 1, 'Other Supplies and Materials Expenses', NULL, NULL, NULL, NULL, NULL, NULL, '2020-03-03 10:12:17', '2020-03-03 10:12:17', NULL, NULL),
(20, 8, NULL, '5-02-99-020', 1, 'Printing and Publication Expenses', NULL, NULL, NULL, NULL, NULL, NULL, '2020-03-03 10:12:17', '2020-03-03 10:12:17', NULL, NULL),
(21, 9, NULL, '5-02-04-010', 1, 'Water Expenses', NULL, NULL, NULL, NULL, NULL, NULL, '2020-03-03 10:12:17', '2020-03-03 10:12:17', NULL, NULL),
(22, 9, NULL, '5-02-04-020', 1, 'Electricity Expenses', NULL, NULL, NULL, NULL, NULL, NULL, '2020-03-03 10:12:17', '2020-03-03 10:12:17', NULL, NULL),
(23, 10, NULL, '5-02-05-010', 1, 'Postage and Courier Services', NULL, NULL, NULL, NULL, NULL, NULL, '2020-03-03 10:12:17', '2020-03-03 10:12:17', NULL, NULL),
(24, 10, NULL, '5-02-05-020', 1, 'Telephone Expenses', NULL, NULL, NULL, NULL, NULL, NULL, '2020-03-03 10:12:17', '2020-03-03 10:12:17', NULL, NULL),
(25, 11, NULL, '5-02-11-990', 1, 'Other Professional Services', NULL, NULL, NULL, NULL, NULL, NULL, '2020-03-03 10:12:17', '2020-03-03 10:12:17', NULL, NULL),
(26, 12, NULL, '5-02-12-010', 1, 'Environment/Sanitary Services', NULL, NULL, NULL, NULL, NULL, NULL, '2020-03-03 10:12:17', '2020-03-03 10:12:17', NULL, NULL),
(27, 12, NULL, '5-02-12-990', 1, 'Other General Services', NULL, NULL, NULL, NULL, NULL, NULL, '2020-03-03 10:12:17', '2020-03-03 10:12:17', NULL, NULL),
(28, 13, NULL, '5-02-13-050', 1, 'Repairs and Maintenance - Machinery and Equipment', NULL, NULL, NULL, NULL, NULL, NULL, '2020-03-03 10:12:17', '2020-03-03 10:12:17', NULL, NULL),
(29, 13, NULL, '5-02-13-990', 1, 'Repairs and Maintenance - Other Property, Plant and Equipment', NULL, NULL, NULL, NULL, NULL, NULL, '2020-03-03 10:12:17', '2020-03-03 10:12:17', NULL, NULL),
(30, 14, NULL, '5-02-16-020', 1, 'Fidelity Bond Premiums', NULL, NULL, NULL, NULL, NULL, NULL, '2020-03-03 10:12:17', '2020-03-03 10:12:17', NULL, NULL),
(31, 14, NULL, '5-02-11-010', 1, 'Legal Services', NULL, NULL, NULL, NULL, NULL, NULL, '2020-03-03 10:12:17', '2020-03-03 10:12:17', NULL, NULL),
(32, 15, NULL, '5-02-99-990', 1, 'Other Maintenance and Operating Expenses', NULL, NULL, NULL, NULL, NULL, NULL, '2020-03-03 10:12:17', '2020-03-03 10:12:17', NULL, NULL),
(33, 15, NULL, '5-02-99-060', 1, 'Membership Dues and Contributions to Organization', NULL, NULL, NULL, NULL, NULL, NULL, '2020-03-03 10:12:17', '2020-03-03 10:12:17', NULL, NULL),
(34, 15, NULL, '5-02-10-030', 1, 'Extraordinary and Miscellaneous Expenses', NULL, NULL, NULL, NULL, NULL, NULL, '2020-03-03 10:12:17', '2020-03-03 10:12:17', NULL, NULL),
(35, 15, NULL, '5-02-99-040', 1, 'Transportation and Delivery Expenses', NULL, NULL, NULL, NULL, NULL, NULL, '2020-03-03 10:12:17', '2020-03-03 10:12:17', NULL, NULL),
(36, 17, NULL, NULL, 1, 'Appropriation for Sangguniang Kabataan', NULL, NULL, NULL, NULL, NULL, NULL, '2020-03-03 10:12:17', '2020-03-03 10:12:17', NULL, NULL),
(37, 17, NULL, NULL, 1, 'Appropriation for Infrastructure (20% Devt Fund)', NULL, NULL, NULL, NULL, NULL, NULL, '2020-03-03 10:12:17', '2020-03-03 10:12:17', NULL, NULL),
(38, 17, NULL, NULL, 1, 'Appropriation for BDRRMF', NULL, NULL, NULL, NULL, NULL, NULL, '2020-03-03 10:12:17', '2020-03-03 10:12:17', NULL, NULL),
(39, 17, 38, NULL, 1, 'Disaster Preparedness, Prevention & Mitigation', NULL, NULL, NULL, NULL, NULL, NULL, '2020-03-03 10:12:17', '2020-03-03 10:12:17', NULL, NULL),
(40, 17, 38, NULL, 1, 'Response, Rehabilitation and Recovery', NULL, NULL, NULL, NULL, NULL, NULL, '2020-03-03 10:12:17', '2020-03-03 10:12:17', NULL, NULL),
(41, 18, NULL, NULL, 1, 'a) Day Care', NULL, NULL, NULL, NULL, NULL, NULL, '2020-03-03 10:12:17', '2020-03-03 10:12:17', NULL, NULL),
(42, 18, NULL, NULL, 1, 'b) Health and Nutrition', NULL, NULL, NULL, NULL, NULL, NULL, '2020-03-03 10:12:17', '2020-03-03 10:12:17', NULL, NULL),
(43, 18, 42, NULL, 1, 'MOOE (Health and Nutrition)', NULL, NULL, NULL, NULL, NULL, NULL, '2020-03-03 10:12:17', '2020-03-03 10:12:17', NULL, NULL),
(44, 18, NULL, NULL, 1, 'c) BPOS/BDAC', NULL, NULL, NULL, NULL, NULL, NULL, '2020-03-03 10:12:17', '2020-03-03 10:12:17', NULL, NULL),
(45, 18, 44, NULL, 1, 'MOOE (BPOS/BDAC)', NULL, NULL, NULL, NULL, NULL, NULL, '2020-03-03 10:12:17', '2020-03-03 10:12:17', NULL, NULL),
(46, 18, NULL, NULL, 1, 'd) Agricultural Support', NULL, NULL, NULL, NULL, NULL, NULL, '2020-03-03 10:12:17', '2020-03-03 10:12:17', NULL, NULL),
(47, 18, NULL, NULL, 1, 'e) Katarungang Pambarangay', NULL, NULL, NULL, NULL, NULL, NULL, '2020-03-03 10:12:17', '2020-03-03 10:12:17', NULL, NULL),
(48, 18, NULL, NULL, 1, 'f) Information and Reading Center', NULL, NULL, NULL, NULL, NULL, NULL, '2020-03-03 10:12:17', '2020-03-03 10:12:17', NULL, NULL),
(49, 18, NULL, NULL, 1, 'g) Other Services', NULL, NULL, NULL, NULL, NULL, NULL, '2020-03-03 10:12:17', '2020-03-03 10:12:17', NULL, NULL),
(50, 18, 49, NULL, 1, 'Senior Citizens', NULL, NULL, NULL, NULL, NULL, NULL, '2020-03-03 10:12:17', '2020-03-03 10:12:17', NULL, NULL),
(51, 18, 49, NULL, 1, 'PWDs', NULL, NULL, NULL, NULL, NULL, NULL, '2020-03-03 10:12:17', '2020-03-03 10:12:17', NULL, NULL),
(52, 18, 49, NULL, 1, 'GAD', NULL, NULL, NULL, NULL, NULL, NULL, '2020-03-03 10:12:17', '2020-03-03 10:12:17', NULL, NULL),
(53, 18, 49, NULL, 1, 'BCPC (less attribution from BDRRM & BADAC)', NULL, NULL, NULL, NULL, NULL, NULL, '2020-03-03 10:12:17', '2020-03-03 10:12:17', NULL, NULL),
(54, 18, 49, NULL, 1, 'Children\'s Fund', NULL, NULL, NULL, NULL, NULL, NULL, '2020-03-03 10:12:17', '2020-03-03 10:12:17', NULL, NULL);

-- --------------------------------------------------------

--
-- Table structure for table `assets`
--

CREATE TABLE `assets` (
  `id` bigint(20) UNSIGNED NOT NULL,
  `inventory_id` bigint(20) UNSIGNED NOT NULL,
  `inventory_status_id` bigint(20) UNSIGNED NOT NULL,
  `asset_tag` varchar(191) COLLATE utf8mb4_unicode_ci NOT NULL,
  `serial_number` varchar(191) COLLATE utf8mb4_unicode_ci DEFAULT NULL,
  `date_acquired` date NOT NULL,
  `location` varchar(191) COLLATE utf8mb4_unicode_ci DEFAULT NULL,
  `custodian` varchar(191) COLLATE utf8mb4_unicode_ci DEFAULT NULL,
  `other_details` longtext COLLATE utf8mb4_unicode_ci DEFAULT NULL,
  `remark` varchar(191) COLLATE utf8mb4_unicode_ci DEFAULT NULL,
  `created_at` timestamp NULL DEFAULT NULL,
  `updated_at` timestamp NULL DEFAULT NULL,
  `deleted_at` timestamp NULL DEFAULT NULL,
  `created_by` bigint(20) UNSIGNED DEFAULT NULL
) ENGINE=InnoDB DEFAULT CHARSET=utf8mb4 COLLATE=utf8mb4_unicode_ci;

--
-- Dumping data for table `assets`
--

INSERT INTO `assets` (`id`, `inventory_id`, `inventory_status_id`, `asset_tag`, `serial_number`, `date_acquired`, `location`, `custodian`, `other_details`, `remark`, `created_at`, `updated_at`, `deleted_at`, `created_by`) VALUES
(1, 3, 1, '001', '0001', '2020-05-14', NULL, 'sample', NULL, NULL, '2020-05-14 06:23:00', '2020-05-15 08:17:17', NULL, NULL),
(2, 3, 1, '002', NULL, '2020-05-14', NULL, NULL, NULL, NULL, '2020-05-14 06:23:00', '2020-05-14 06:23:00', NULL, NULL),
(3, 3, 1, '003', NULL, '2020-05-14', NULL, NULL, NULL, NULL, '2020-05-14 06:23:00', '2020-05-14 06:23:00', NULL, NULL),
(4, 3, 1, '004', NULL, '2020-05-14', NULL, NULL, NULL, NULL, '2020-05-14 06:23:00', '2020-05-14 06:23:00', NULL, NULL),
(5, 3, 1, '005', NULL, '2020-05-14', NULL, NULL, NULL, NULL, '2020-05-14 06:23:00', '2020-05-14 06:23:00', NULL, NULL),
(6, 3, 1, '006', NULL, '2020-05-14', NULL, NULL, NULL, NULL, '2020-05-14 06:23:00', '2020-05-14 06:23:00', NULL, NULL),
(7, 3, 1, '007', NULL, '2020-05-14', NULL, NULL, NULL, NULL, '2020-05-14 06:23:00', '2020-05-14 06:23:00', NULL, NULL),
(8, 4, 1, '008', NULL, '2020-05-14', NULL, NULL, NULL, NULL, '2020-05-14 08:00:39', '2020-05-14 08:00:39', NULL, NULL),
(9, 10, 1, '001', NULL, '2020-11-05', NULL, NULL, NULL, NULL, '2020-11-04 23:13:48', '2020-11-04 23:13:48', NULL, NULL),
(10, 10, 1, '002', NULL, '2020-11-05', NULL, NULL, NULL, NULL, '2020-11-04 23:13:48', '2020-11-04 23:13:48', NULL, NULL),
(11, 10, 1, '003', NULL, '2020-11-05', NULL, NULL, NULL, NULL, '2020-11-04 23:13:48', '2020-11-04 23:13:48', NULL, NULL),
(12, 10, 1, '004', NULL, '2020-11-05', NULL, NULL, NULL, NULL, '2020-11-04 23:13:48', '2020-11-04 23:13:48', NULL, NULL),
(13, 29, 1, '001', NULL, '2021-01-22', NULL, NULL, NULL, NULL, '2021-01-21 21:02:22', '2021-01-21 21:02:22', NULL, NULL),
(14, 29, 1, '002', NULL, '2021-01-22', NULL, NULL, NULL, NULL, '2021-01-21 21:47:35', '2021-01-21 21:47:35', NULL, NULL),
(15, 36, 1, '003', NULL, '2021-01-22', NULL, NULL, NULL, NULL, '2021-01-21 21:51:17', '2021-01-21 21:51:17', NULL, NULL),
(16, 36, 1, '004', NULL, '2021-01-22', NULL, NULL, NULL, NULL, '2021-01-21 21:51:18', '2021-01-21 21:51:18', NULL, NULL),
(17, 36, 1, '005', NULL, '2021-01-22', NULL, NULL, NULL, NULL, '2021-01-21 21:51:18', '2021-01-21 21:51:18', NULL, NULL),
(18, 36, 1, '006', NULL, '2021-01-22', NULL, NULL, NULL, NULL, '2021-01-21 21:51:18', '2021-01-21 21:51:18', NULL, NULL),
(19, 36, 1, '007', NULL, '2021-01-22', NULL, NULL, NULL, NULL, '2021-01-21 21:51:18', '2021-01-21 21:51:18', NULL, NULL),
(20, 37, 1, '008', NULL, '2021-01-22', NULL, NULL, NULL, NULL, '2021-01-21 21:51:18', '2021-01-21 21:51:18', NULL, NULL),
(21, 37, 1, '009', NULL, '2021-01-22', NULL, NULL, NULL, NULL, '2021-01-21 21:51:18', '2021-01-21 21:51:18', NULL, NULL),
(22, 37, 1, '010', NULL, '2021-01-22', NULL, NULL, NULL, NULL, '2021-01-21 21:51:18', '2021-01-21 21:51:18', NULL, NULL),
(23, 37, 1, '011', NULL, '2021-01-22', NULL, NULL, NULL, NULL, '2021-01-21 21:51:18', '2021-01-21 21:51:18', NULL, NULL),
(24, 37, 1, '012', NULL, '2021-01-22', NULL, NULL, NULL, NULL, '2021-01-21 21:51:18', '2021-01-21 21:51:18', NULL, NULL),
(25, 38, 1, '013', NULL, '2021-01-22', NULL, NULL, NULL, NULL, '2021-01-21 21:51:18', '2021-01-21 21:51:18', NULL, NULL),
(26, 38, 1, '014', NULL, '2021-01-22', NULL, NULL, NULL, NULL, '2021-01-21 21:51:18', '2021-01-21 21:51:18', NULL, NULL),
(27, 38, 1, '015', NULL, '2021-01-22', NULL, NULL, NULL, NULL, '2021-01-21 21:51:18', '2021-01-21 21:51:18', NULL, NULL),
(28, 39, 1, '016', NULL, '2021-01-22', NULL, NULL, NULL, NULL, '2021-01-21 21:51:18', '2021-01-21 21:51:18', NULL, NULL),
(29, 39, 1, '017', NULL, '2021-01-22', NULL, NULL, NULL, NULL, '2021-01-21 21:51:18', '2021-01-21 21:51:18', NULL, NULL),
(30, 39, 1, '018', NULL, '2021-01-22', NULL, NULL, NULL, NULL, '2021-01-21 21:51:18', '2021-01-21 21:51:18', NULL, NULL),
(31, 40, 1, '019', NULL, '2021-01-22', NULL, NULL, NULL, NULL, '2021-01-21 21:51:18', '2021-01-21 21:51:18', NULL, NULL),
(32, 41, 1, '020', NULL, '2021-01-22', NULL, NULL, NULL, NULL, '2021-01-21 21:51:18', '2021-01-21 21:51:18', NULL, NULL),
(33, 44, 1, '021', NULL, '2021-01-22', NULL, NULL, NULL, NULL, '2021-01-21 21:51:19', '2021-01-21 21:51:19', NULL, NULL),
(34, 44, 1, '022', NULL, '2021-01-22', NULL, NULL, NULL, NULL, '2021-01-21 21:51:19', '2021-01-21 21:51:19', NULL, NULL),
(35, 44, 1, '023', NULL, '2021-01-22', NULL, NULL, NULL, NULL, '2021-01-21 21:51:19', '2021-01-21 21:51:19', NULL, NULL),
(36, 44, 1, '024', NULL, '2021-01-22', NULL, NULL, NULL, NULL, '2021-01-21 21:51:19', '2021-01-21 21:51:19', NULL, NULL),
(37, 44, 1, '025', NULL, '2021-01-22', NULL, NULL, NULL, NULL, '2021-01-21 21:51:19', '2021-01-21 21:51:19', NULL, NULL),
(38, 44, 1, '026', NULL, '2021-01-22', NULL, NULL, NULL, NULL, '2021-01-21 21:51:19', '2021-01-21 21:51:19', NULL, NULL),
(39, 44, 1, '027', NULL, '2021-01-22', NULL, NULL, NULL, NULL, '2021-01-21 21:51:19', '2021-01-21 21:51:19', NULL, NULL),
(40, 44, 1, '028', NULL, '2021-01-22', NULL, NULL, NULL, NULL, '2021-01-21 21:51:19', '2021-01-21 21:51:19', NULL, NULL),
(41, 44, 1, '029', NULL, '2021-01-22', NULL, NULL, NULL, NULL, '2021-01-21 21:51:19', '2021-01-21 21:51:19', NULL, NULL),
(42, 44, 1, '030', NULL, '2021-01-22', NULL, NULL, NULL, NULL, '2021-01-21 21:51:19', '2021-01-21 21:51:19', NULL, NULL),
(43, 44, 1, '031', NULL, '2021-01-22', NULL, NULL, NULL, NULL, '2021-01-21 21:51:19', '2021-01-21 21:51:19', NULL, NULL),
(44, 44, 1, '032', NULL, '2021-01-22', NULL, NULL, NULL, NULL, '2021-01-21 21:51:19', '2021-01-21 21:51:19', NULL, NULL),
(45, 44, 1, '033', NULL, '2021-01-22', NULL, NULL, NULL, NULL, '2021-01-21 21:51:19', '2021-01-21 21:51:19', NULL, NULL),
(46, 44, 1, '034', NULL, '2021-01-22', NULL, NULL, NULL, NULL, '2021-01-21 21:51:19', '2021-01-21 21:51:19', NULL, NULL),
(47, 44, 1, '035', NULL, '2021-01-22', NULL, NULL, NULL, NULL, '2021-01-21 21:51:19', '2021-01-21 21:51:19', NULL, NULL),
(48, 44, 1, '036', NULL, '2021-01-22', NULL, NULL, NULL, NULL, '2021-01-21 21:51:19', '2021-01-21 21:51:19', NULL, NULL),
(49, 44, 1, '037', NULL, '2021-01-22', NULL, NULL, NULL, NULL, '2021-01-21 21:51:19', '2021-01-21 21:51:19', NULL, NULL),
(50, 44, 1, '038', NULL, '2021-01-22', NULL, NULL, NULL, NULL, '2021-01-21 21:51:19', '2021-01-21 21:51:19', NULL, NULL),
(51, 44, 1, '039', NULL, '2021-01-22', NULL, NULL, NULL, NULL, '2021-01-21 21:51:19', '2021-01-21 21:51:19', NULL, NULL),
(52, 44, 1, '040', NULL, '2021-01-22', NULL, NULL, NULL, NULL, '2021-01-21 21:51:19', '2021-01-21 21:51:19', NULL, NULL),
(53, 44, 1, '041', NULL, '2021-01-22', NULL, NULL, NULL, NULL, '2021-01-21 21:51:19', '2021-01-21 21:51:19', NULL, NULL),
(54, 44, 1, '042', NULL, '2021-01-22', NULL, NULL, NULL, NULL, '2021-01-21 21:51:19', '2021-01-21 21:51:19', NULL, NULL),
(55, 44, 1, '043', NULL, '2021-01-22', NULL, NULL, NULL, NULL, '2021-01-21 21:51:19', '2021-01-21 21:51:19', NULL, NULL),
(56, 44, 1, '044', NULL, '2021-01-22', NULL, NULL, NULL, NULL, '2021-01-21 21:51:19', '2021-01-21 21:51:19', NULL, NULL),
(57, 44, 1, '045', NULL, '2021-01-22', NULL, NULL, NULL, NULL, '2021-01-21 21:51:19', '2021-01-21 21:51:19', NULL, NULL),
(58, 44, 1, '046', NULL, '2021-01-22', NULL, NULL, NULL, NULL, '2021-01-21 21:51:19', '2021-01-21 21:51:19', NULL, NULL),
(59, 44, 1, '047', NULL, '2021-01-22', NULL, NULL, NULL, NULL, '2021-01-21 21:51:19', '2021-01-21 21:51:19', NULL, NULL),
(60, 44, 1, '048', NULL, '2021-01-22', NULL, NULL, NULL, NULL, '2021-01-21 21:51:19', '2021-01-21 21:51:19', NULL, NULL),
(61, 44, 1, '049', NULL, '2021-01-22', NULL, NULL, NULL, NULL, '2021-01-21 21:51:19', '2021-01-21 21:51:19', NULL, NULL),
(62, 44, 1, '050', NULL, '2021-01-22', NULL, NULL, NULL, NULL, '2021-01-21 21:51:19', '2021-01-21 21:51:19', NULL, NULL),
(63, 44, 1, '051', NULL, '2021-01-22', NULL, NULL, NULL, NULL, '2021-01-21 21:51:19', '2021-01-21 21:51:19', NULL, NULL),
(64, 44, 1, '052', NULL, '2021-01-22', NULL, NULL, NULL, NULL, '2021-01-21 21:51:19', '2021-01-21 21:51:19', NULL, NULL),
(65, 44, 1, '053', NULL, '2021-01-22', NULL, NULL, NULL, NULL, '2021-01-21 21:51:20', '2021-01-21 21:51:20', NULL, NULL),
(66, 44, 1, '054', NULL, '2021-01-22', NULL, NULL, NULL, NULL, '2021-01-21 21:51:20', '2021-01-21 21:51:20', NULL, NULL),
(67, 44, 1, '055', NULL, '2021-01-22', NULL, NULL, NULL, NULL, '2021-01-21 21:51:20', '2021-01-21 21:51:20', NULL, NULL),
(68, 44, 1, '056', NULL, '2021-01-22', NULL, NULL, NULL, NULL, '2021-01-21 21:51:20', '2021-01-21 21:51:20', NULL, NULL),
(69, 44, 1, '057', NULL, '2021-01-22', NULL, NULL, NULL, NULL, '2021-01-21 21:51:20', '2021-01-21 21:51:20', NULL, NULL),
(70, 44, 1, '058', NULL, '2021-01-22', NULL, NULL, NULL, NULL, '2021-01-21 21:51:20', '2021-01-21 21:51:20', NULL, NULL),
(71, 44, 1, '059', NULL, '2021-01-22', NULL, NULL, NULL, NULL, '2021-01-21 21:51:20', '2021-01-21 21:51:20', NULL, NULL),
(72, 44, 1, '060', NULL, '2021-01-22', NULL, NULL, NULL, NULL, '2021-01-21 21:51:20', '2021-01-21 21:51:20', NULL, NULL),
(73, 44, 1, '061', NULL, '2021-01-22', NULL, NULL, NULL, NULL, '2021-01-21 21:51:20', '2021-01-21 21:51:20', NULL, NULL),
(74, 44, 1, '062', NULL, '2021-01-22', NULL, NULL, NULL, NULL, '2021-01-21 21:51:20', '2021-01-21 21:51:20', NULL, NULL),
(75, 44, 1, '063', NULL, '2021-01-22', NULL, NULL, NULL, NULL, '2021-01-21 21:51:20', '2021-01-21 21:51:20', NULL, NULL),
(76, 44, 1, '064', NULL, '2021-01-22', NULL, NULL, NULL, NULL, '2021-01-21 21:51:20', '2021-01-21 21:51:20', NULL, NULL),
(77, 44, 1, '065', NULL, '2021-01-22', NULL, NULL, NULL, NULL, '2021-01-21 21:51:20', '2021-01-21 21:51:20', NULL, NULL),
(78, 44, 1, '066', NULL, '2021-01-22', NULL, NULL, NULL, NULL, '2021-01-21 21:51:20', '2021-01-21 21:51:20', NULL, NULL),
(79, 44, 1, '067', NULL, '2021-01-22', NULL, NULL, NULL, NULL, '2021-01-21 21:51:20', '2021-01-21 21:51:20', NULL, NULL),
(80, 44, 1, '068', NULL, '2021-01-22', NULL, NULL, NULL, NULL, '2021-01-21 21:51:20', '2021-01-21 21:51:20', NULL, NULL),
(81, 44, 1, '069', NULL, '2021-01-22', NULL, NULL, NULL, NULL, '2021-01-21 21:51:20', '2021-01-21 21:51:20', NULL, NULL),
(82, 44, 1, '070', NULL, '2021-01-22', NULL, NULL, NULL, NULL, '2021-01-21 21:51:20', '2021-01-21 21:51:20', NULL, NULL),
(83, 44, 1, '071', NULL, '2021-01-22', NULL, NULL, NULL, NULL, '2021-01-21 21:51:20', '2021-01-21 21:51:20', NULL, NULL),
(84, 44, 1, '072', NULL, '2021-01-22', NULL, NULL, NULL, NULL, '2021-01-21 21:51:20', '2021-01-21 21:51:20', NULL, NULL),
(85, 44, 1, '073', NULL, '2021-01-22', NULL, NULL, NULL, NULL, '2021-01-21 21:51:20', '2021-01-21 21:51:20', NULL, NULL),
(86, 44, 1, '074', NULL, '2021-01-22', NULL, NULL, NULL, NULL, '2021-01-21 21:51:20', '2021-01-21 21:51:20', NULL, NULL),
(87, 44, 1, '075', NULL, '2021-01-22', NULL, NULL, NULL, NULL, '2021-01-21 21:51:20', '2021-01-21 21:51:20', NULL, NULL),
(88, 44, 1, '076', NULL, '2021-01-22', NULL, NULL, NULL, NULL, '2021-01-21 21:51:20', '2021-01-21 21:51:20', NULL, NULL),
(89, 44, 1, '077', NULL, '2021-01-22', NULL, NULL, NULL, NULL, '2021-01-21 21:51:20', '2021-01-21 21:51:20', NULL, NULL),
(90, 44, 1, '078', NULL, '2021-01-22', NULL, NULL, NULL, NULL, '2021-01-21 21:51:21', '2021-01-21 21:51:21', NULL, NULL),
(91, 44, 1, '079', NULL, '2021-01-22', NULL, NULL, NULL, NULL, '2021-01-21 21:51:21', '2021-01-21 21:51:21', NULL, NULL),
(92, 44, 1, '080', NULL, '2021-01-22', NULL, NULL, NULL, NULL, '2021-01-21 21:51:21', '2021-01-21 21:51:21', NULL, NULL),
(93, 44, 1, '081', NULL, '2021-01-22', NULL, NULL, NULL, NULL, '2021-01-21 21:51:21', '2021-01-21 21:51:21', NULL, NULL),
(94, 44, 1, '082', NULL, '2021-01-22', NULL, NULL, NULL, NULL, '2021-01-21 21:51:21', '2021-01-21 21:51:21', NULL, NULL),
(95, 44, 1, '083', NULL, '2021-01-22', NULL, NULL, NULL, NULL, '2021-01-21 21:51:21', '2021-01-21 21:51:21', NULL, NULL),
(96, 44, 1, '084', NULL, '2021-01-22', NULL, NULL, NULL, NULL, '2021-01-21 21:51:21', '2021-01-21 21:51:21', NULL, NULL),
(97, 44, 1, '085', NULL, '2021-01-22', NULL, NULL, NULL, NULL, '2021-01-21 21:51:21', '2021-01-21 21:51:21', NULL, NULL),
(98, 44, 1, '086', NULL, '2021-01-22', NULL, NULL, NULL, NULL, '2021-01-21 21:51:21', '2021-01-21 21:51:21', NULL, NULL),
(99, 44, 1, '087', NULL, '2021-01-22', NULL, NULL, NULL, NULL, '2021-01-21 21:51:21', '2021-01-21 21:51:21', NULL, NULL),
(100, 44, 1, '088', NULL, '2021-01-22', NULL, NULL, NULL, NULL, '2021-01-21 21:51:21', '2021-01-21 21:51:21', NULL, NULL),
(101, 44, 1, '089', NULL, '2021-01-22', NULL, NULL, NULL, NULL, '2021-01-21 21:51:21', '2021-01-21 21:51:21', NULL, NULL),
(102, 44, 1, '090', NULL, '2021-01-22', NULL, NULL, NULL, NULL, '2021-01-21 21:51:21', '2021-01-21 21:51:21', NULL, NULL),
(103, 44, 1, '091', NULL, '2021-01-22', NULL, NULL, NULL, NULL, '2021-01-21 21:51:21', '2021-01-21 21:51:21', NULL, NULL),
(104, 44, 1, '092', NULL, '2021-01-22', NULL, NULL, NULL, NULL, '2021-01-21 21:51:21', '2021-01-21 21:51:21', NULL, NULL),
(105, 44, 1, '093', NULL, '2021-01-22', NULL, NULL, NULL, NULL, '2021-01-21 21:51:21', '2021-01-21 21:51:21', NULL, NULL),
(106, 44, 1, '094', NULL, '2021-01-22', NULL, NULL, NULL, NULL, '2021-01-21 21:51:21', '2021-01-21 21:51:21', NULL, NULL),
(107, 44, 1, '095', NULL, '2021-01-22', NULL, NULL, NULL, NULL, '2021-01-21 21:51:21', '2021-01-21 21:51:21', NULL, NULL),
(108, 44, 1, '096', NULL, '2021-01-22', NULL, NULL, NULL, NULL, '2021-01-21 21:51:21', '2021-01-21 21:51:21', NULL, NULL),
(109, 44, 1, '097', NULL, '2021-01-22', NULL, NULL, NULL, NULL, '2021-01-21 21:51:21', '2021-01-21 21:51:21', NULL, NULL),
(110, 44, 1, '098', NULL, '2021-01-22', NULL, NULL, NULL, NULL, '2021-01-21 21:51:21', '2021-01-21 21:51:21', NULL, NULL),
(111, 44, 1, '099', NULL, '2021-01-22', NULL, NULL, NULL, NULL, '2021-01-21 21:51:21', '2021-01-21 21:51:21', NULL, NULL),
(112, 44, 1, '100', NULL, '2021-01-22', NULL, NULL, NULL, NULL, '2021-01-21 21:51:21', '2021-01-21 21:51:21', NULL, NULL),
(113, 44, 1, '101', NULL, '2021-01-22', NULL, NULL, NULL, NULL, '2021-01-21 21:51:21', '2021-01-21 21:51:21', NULL, NULL),
(114, 44, 1, '102', NULL, '2021-01-22', NULL, NULL, NULL, NULL, '2021-01-21 21:51:21', '2021-01-21 21:51:21', NULL, NULL),
(115, 44, 1, '103', NULL, '2021-01-22', NULL, NULL, NULL, NULL, '2021-01-21 21:51:21', '2021-01-21 21:51:21', NULL, NULL),
(116, 44, 1, '104', NULL, '2021-01-22', NULL, NULL, NULL, NULL, '2021-01-21 21:51:21', '2021-01-21 21:51:21', NULL, NULL),
(117, 44, 1, '105', NULL, '2021-01-22', NULL, NULL, NULL, NULL, '2021-01-21 21:51:22', '2021-01-21 21:51:22', NULL, NULL),
(118, 44, 1, '106', NULL, '2021-01-22', NULL, NULL, NULL, NULL, '2021-01-21 21:51:22', '2021-01-21 21:51:22', NULL, NULL),
(119, 44, 1, '107', NULL, '2021-01-22', NULL, NULL, NULL, NULL, '2021-01-21 21:51:22', '2021-01-21 21:51:22', NULL, NULL),
(120, 44, 1, '108', NULL, '2021-01-22', NULL, NULL, NULL, NULL, '2021-01-21 21:51:22', '2021-01-21 21:51:22', NULL, NULL),
(121, 44, 1, '109', NULL, '2021-01-22', NULL, NULL, NULL, NULL, '2021-01-21 21:51:22', '2021-01-21 21:51:22', NULL, NULL),
(122, 44, 1, '110', NULL, '2021-01-22', NULL, NULL, NULL, NULL, '2021-01-21 21:51:22', '2021-01-21 21:51:22', NULL, NULL),
(123, 44, 1, '111', NULL, '2021-01-22', NULL, NULL, NULL, NULL, '2021-01-21 21:51:22', '2021-01-21 21:51:22', NULL, NULL),
(124, 44, 1, '112', NULL, '2021-01-22', NULL, NULL, NULL, NULL, '2021-01-21 21:51:22', '2021-01-21 21:51:22', NULL, NULL),
(125, 44, 1, '113', NULL, '2021-01-22', NULL, NULL, NULL, NULL, '2021-01-21 21:51:22', '2021-01-21 21:51:22', NULL, NULL),
(126, 44, 1, '114', NULL, '2021-01-22', NULL, NULL, NULL, NULL, '2021-01-21 21:51:22', '2021-01-21 21:51:22', NULL, NULL),
(127, 44, 1, '115', NULL, '2021-01-22', NULL, NULL, NULL, NULL, '2021-01-21 21:51:22', '2021-01-21 21:51:22', NULL, NULL),
(128, 44, 1, '116', NULL, '2021-01-22', NULL, NULL, NULL, NULL, '2021-01-21 21:51:22', '2021-01-21 21:51:22', NULL, NULL),
(129, 44, 1, '117', NULL, '2021-01-22', NULL, NULL, NULL, NULL, '2021-01-21 21:51:22', '2021-01-21 21:51:22', NULL, NULL),
(130, 44, 1, '118', NULL, '2021-01-22', NULL, NULL, NULL, NULL, '2021-01-21 21:51:22', '2021-01-21 21:51:22', NULL, NULL),
(131, 44, 1, '119', NULL, '2021-01-22', NULL, NULL, NULL, NULL, '2021-01-21 21:51:22', '2021-01-21 21:51:22', NULL, NULL),
(132, 44, 1, '120', NULL, '2021-01-22', NULL, NULL, NULL, NULL, '2021-01-21 21:51:22', '2021-01-21 21:51:22', NULL, NULL),
(133, 45, 1, '121', NULL, '2021-01-22', NULL, NULL, NULL, NULL, '2021-01-21 21:51:22', '2021-01-21 21:51:22', NULL, NULL),
(134, 45, 1, '122', NULL, '2021-01-22', NULL, NULL, NULL, NULL, '2021-01-21 21:51:22', '2021-01-21 21:51:22', NULL, NULL),
(135, 46, 1, '123', NULL, '2021-01-22', NULL, NULL, NULL, NULL, '2021-01-21 21:51:22', '2021-01-21 21:51:22', NULL, NULL),
(136, 46, 1, '124', NULL, '2021-01-22', NULL, NULL, NULL, NULL, '2021-01-21 21:51:22', '2021-01-21 21:51:22', NULL, NULL),
(137, 47, 1, '125', NULL, '2021-01-22', NULL, NULL, NULL, NULL, '2021-01-21 21:51:22', '2021-01-21 21:51:22', NULL, NULL),
(138, 28, 1, '001', NULL, '2021-01-22', NULL, NULL, NULL, NULL, '2021-01-21 23:44:53', '2021-01-21 23:44:53', NULL, NULL),
(139, 94, 1, '001', NULL, '2021-03-08', NULL, NULL, NULL, NULL, '2021-03-08 02:10:33', '2021-03-08 02:10:33', NULL, NULL),
(140, 99, 1, '001', NULL, '2021-03-10', NULL, NULL, NULL, NULL, '2021-03-10 01:19:37', '2021-03-10 01:19:37', NULL, NULL),
(141, 99, 1, '002', NULL, '2021-03-10', NULL, NULL, NULL, NULL, '2021-03-10 01:19:37', '2021-03-10 01:19:37', NULL, NULL),
(142, 99, 1, '003', NULL, '2021-03-10', NULL, NULL, NULL, NULL, '2021-03-10 01:19:37', '2021-03-10 01:19:37', NULL, NULL),
(143, 99, 1, '004', NULL, '2021-03-10', NULL, NULL, NULL, NULL, '2021-03-10 01:19:37', '2021-03-10 01:19:37', NULL, NULL),
(144, 99, 1, '005', NULL, '2021-03-10', NULL, NULL, NULL, NULL, '2021-03-10 01:19:37', '2021-03-10 01:19:37', NULL, NULL),
(145, 99, 1, '006', NULL, '2021-03-10', NULL, NULL, NULL, NULL, '2021-03-10 01:19:37', '2021-03-10 01:19:37', NULL, NULL),
(146, 99, 1, '007', NULL, '2021-03-10', NULL, NULL, NULL, NULL, '2021-03-10 01:19:37', '2021-03-10 01:19:37', NULL, NULL),
(147, 99, 1, '008', NULL, '2021-03-10', NULL, NULL, NULL, NULL, '2021-03-10 01:19:37', '2021-03-10 01:19:37', NULL, NULL),
(148, 99, 1, '009', NULL, '2021-03-10', NULL, NULL, NULL, NULL, '2021-03-10 01:19:37', '2021-03-10 01:19:37', NULL, NULL),
(149, 99, 1, '010', NULL, '2021-03-10', NULL, NULL, NULL, NULL, '2021-03-10 01:19:37', '2021-03-10 01:19:37', NULL, NULL),
(150, 99, 1, '011', NULL, '2021-03-10', NULL, NULL, NULL, NULL, '2021-03-10 01:19:37', '2021-03-10 01:19:37', NULL, NULL),
(151, 99, 1, '012', NULL, '2021-03-10', NULL, NULL, NULL, NULL, '2021-03-10 01:19:37', '2021-03-10 01:19:37', NULL, NULL),
(152, 65, 1, '013', NULL, '2021-03-10', NULL, NULL, NULL, NULL, '2021-03-10 01:28:29', '2021-03-10 01:28:29', NULL, NULL),
(153, 151, 1, '001', NULL, '2021-03-22', NULL, NULL, NULL, NULL, '2021-03-21 18:45:41', '2021-03-21 18:45:41', NULL, NULL),
(154, 151, 1, '002', NULL, '2021-03-22', NULL, NULL, NULL, NULL, '2021-03-21 18:45:41', '2021-03-21 18:45:41', NULL, NULL),
(155, 152, 1, '003', NULL, '2021-03-22', NULL, NULL, NULL, NULL, '2021-03-21 18:45:41', '2021-03-21 18:45:41', NULL, NULL),
(156, 152, 1, '004', NULL, '2021-03-22', NULL, NULL, NULL, NULL, '2021-03-21 18:45:41', '2021-03-21 18:45:41', NULL, NULL),
(157, 152, 1, '005', NULL, '2021-03-22', NULL, NULL, NULL, NULL, '2021-03-21 18:45:41', '2021-03-21 18:45:41', NULL, NULL),
(158, 152, 1, '006', NULL, '2021-03-22', NULL, NULL, NULL, NULL, '2021-03-21 18:45:41', '2021-03-21 18:45:41', NULL, NULL),
(159, 152, 1, '007', NULL, '2021-03-22', NULL, NULL, NULL, NULL, '2021-03-21 18:45:42', '2021-03-21 18:45:42', NULL, NULL),
(160, 153, 1, '008', NULL, '2021-03-22', NULL, NULL, NULL, NULL, '2021-03-21 18:45:42', '2021-03-21 18:45:42', NULL, NULL),
(161, 154, 1, '009', NULL, '2021-03-22', NULL, NULL, NULL, NULL, '2021-03-21 18:45:42', '2021-03-21 18:45:42', NULL, NULL),
(162, 154, 1, '010', NULL, '2021-03-22', NULL, NULL, NULL, NULL, '2021-03-21 18:45:42', '2021-03-21 18:45:42', NULL, NULL),
(163, 154, 1, '011', NULL, '2021-03-22', NULL, NULL, NULL, NULL, '2021-03-21 18:45:42', '2021-03-21 18:45:42', NULL, NULL),
(164, 154, 1, '012', NULL, '2021-03-22', NULL, NULL, NULL, NULL, '2021-03-21 18:45:42', '2021-03-21 18:45:42', NULL, NULL);

-- --------------------------------------------------------

--
-- Table structure for table `assigned_supplies`
--

CREATE TABLE `assigned_supplies` (
  `id` bigint(20) UNSIGNED NOT NULL,
  `assigned_user_id` bigint(20) UNSIGNED NOT NULL,
  `created_at` timestamp NULL DEFAULT NULL,
  `updated_at` timestamp NULL DEFAULT NULL,
  `deleted_at` timestamp NULL DEFAULT NULL,
  `created_by` bigint(20) UNSIGNED DEFAULT NULL
) ENGINE=InnoDB DEFAULT CHARSET=utf8mb4 COLLATE=utf8mb4_unicode_ci;

--
-- Dumping data for table `assigned_supplies`
--

INSERT INTO `assigned_supplies` (`id`, `assigned_user_id`, `created_at`, `updated_at`, `deleted_at`, `created_by`) VALUES
(1, 4, '2020-03-20 08:09:22', NULL, NULL, NULL);

-- --------------------------------------------------------

--
-- Table structure for table `assigned_supply_items`
--

CREATE TABLE `assigned_supply_items` (
  `id` bigint(20) UNSIGNED NOT NULL,
  `assigned_supply_id` bigint(20) UNSIGNED NOT NULL,
  `inventory_id` bigint(20) UNSIGNED DEFAULT NULL,
  `asset_id` bigint(20) UNSIGNED DEFAULT NULL,
  `quantity` decimal(14,3) NOT NULL,
  `created_at` timestamp NULL DEFAULT NULL,
  `updated_at` timestamp NULL DEFAULT NULL,
  `created_by` bigint(20) UNSIGNED DEFAULT NULL
) ENGINE=InnoDB DEFAULT CHARSET=utf8mb4 COLLATE=utf8mb4_unicode_ci;

--
-- Dumping data for table `assigned_supply_items`
--

INSERT INTO `assigned_supply_items` (`id`, `assigned_supply_id`, `inventory_id`, `asset_id`, `quantity`, `created_at`, `updated_at`, `created_by`) VALUES
(1, 1, 1, NULL, '4.000', '2020-03-20 08:09:22', NULL, NULL);

-- --------------------------------------------------------

--
-- Table structure for table `banks`
--

CREATE TABLE `banks` (
  `id` bigint(20) UNSIGNED NOT NULL,
  `name` varchar(191) COLLATE utf8mb4_unicode_ci NOT NULL,
  `address` varchar(191) COLLATE utf8mb4_unicode_ci DEFAULT NULL,
  `contact_number` varchar(191) COLLATE utf8mb4_unicode_ci DEFAULT NULL,
  `account_name` varchar(191) COLLATE utf8mb4_unicode_ci DEFAULT NULL,
  `account_number` varchar(191) COLLATE utf8mb4_unicode_ci DEFAULT NULL,
  `account_type` tinyint(4) DEFAULT 1 COMMENT '1 = Savings,2 = Current',
  `product_type` tinyint(4) DEFAULT 1 COMMENT '1 = passbook,2 = ATM',
  `initial_deposit` decimal(14,2) DEFAULT 0.00,
  `created_at` timestamp NULL DEFAULT NULL,
  `updated_at` timestamp NULL DEFAULT NULL,
  `deleted_at` timestamp NULL DEFAULT NULL,
  `created_by` bigint(20) UNSIGNED DEFAULT NULL
) ENGINE=InnoDB DEFAULT CHARSET=utf8mb4 COLLATE=utf8mb4_unicode_ci;

--
-- Dumping data for table `banks`
--

INSERT INTO `banks` (`id`, `name`, `address`, `contact_number`, `account_name`, `account_number`, `account_type`, `product_type`, `initial_deposit`, `created_at`, `updated_at`, `deleted_at`, `created_by`) VALUES
(1, 'LandBank', 'Quezon City Hall', '09000000000', 'BLUE RIDGE B BARANGAY OF QUEZON CITY', '001722100731', 1, 1, '1555559.99', '2020-05-13 08:48:58', '2020-11-09 03:00:37', NULL, 2);

-- --------------------------------------------------------

--
-- Table structure for table `budget_allocations`
--

CREATE TABLE `budget_allocations` (
  `id` bigint(20) UNSIGNED NOT NULL,
  `year` year(4) NOT NULL,
  `deleted_at` timestamp NULL DEFAULT NULL,
  `created_at` timestamp NULL DEFAULT NULL,
  `updated_at` timestamp NULL DEFAULT NULL,
  `created_by` bigint(20) UNSIGNED DEFAULT NULL
) ENGINE=InnoDB DEFAULT CHARSET=utf8mb4 COLLATE=utf8mb4_unicode_ci;

--
-- Dumping data for table `budget_allocations`
--

INSERT INTO `budget_allocations` (`id`, `year`, `deleted_at`, `created_at`, `updated_at`, `created_by`) VALUES
(1, 2020, NULL, '2020-03-20 03:09:14', '2020-03-20 03:09:14', NULL),
(2, 2019, NULL, '2020-03-23 06:01:09', '2020-03-23 06:01:09', NULL),
(3, 2021, NULL, '2021-02-08 23:21:44', '2021-02-08 23:21:44', NULL);

-- --------------------------------------------------------

--
-- Table structure for table `budget_allocation_groups`
--

CREATE TABLE `budget_allocation_groups` (
  `id` bigint(20) UNSIGNED NOT NULL,
  `budget_id` bigint(20) UNSIGNED NOT NULL,
  `group_id` bigint(20) UNSIGNED NOT NULL,
  `description` varchar(191) COLLATE utf8mb4_unicode_ci NOT NULL,
  `created_at` timestamp NULL DEFAULT NULL,
  `updated_at` timestamp NULL DEFAULT NULL,
  `deleted_at` timestamp NULL DEFAULT NULL,
  `created_by` bigint(20) UNSIGNED DEFAULT NULL
) ENGINE=InnoDB DEFAULT CHARSET=utf8mb4 COLLATE=utf8mb4_unicode_ci;

--
-- Dumping data for table `budget_allocation_groups`
--

INSERT INTO `budget_allocation_groups` (`id`, `budget_id`, `group_id`, `description`, `created_at`, `updated_at`, `deleted_at`, `created_by`) VALUES
(1, 1, 1, 'Total of PART I: RECEIPTS PROGRAM', NULL, NULL, NULL, NULL),
(2, 1, 4, 'Total of Personal Services (PS)', NULL, NULL, NULL, NULL),
(3, 1, 5, 'Total of Maintenance and Other Operating Expenses (MOOE)', NULL, NULL, NULL, NULL),
(4, 1, 6, 'Total of Travelling Expenses - Local', NULL, NULL, NULL, NULL),
(5, 1, 7, 'Total of Training and Scholarship Expenses', NULL, NULL, NULL, NULL),
(6, 1, 8, 'Total of Supplies and Materials Expenses', NULL, NULL, NULL, NULL),
(7, 1, 9, 'Total of Utility Expenses', NULL, NULL, NULL, NULL),
(8, 1, 10, 'Total of Communication Expenses', NULL, NULL, NULL, NULL),
(9, 1, 11, 'Total of Professional Services', NULL, NULL, NULL, NULL),
(10, 1, 12, 'Total of General Services', NULL, NULL, NULL, NULL),
(11, 1, 13, 'Total of Repairs and Maintenance', NULL, NULL, NULL, NULL),
(12, 1, 14, 'Total of Taxes, Insurance Premiums and Other Fees', NULL, NULL, NULL, NULL),
(13, 1, 15, 'Total of Other MOOE', NULL, NULL, NULL, NULL),
(14, 1, 17, 'Total of Special Purpose Appropriation (SPA)', NULL, NULL, NULL, NULL),
(15, 1, 18, 'Total of BASIC SERVICES AND FACILITIES PROGRAM', NULL, NULL, NULL, NULL),
(16, 2, 3, 'Total of GENERAL ADMINISTRATION PROGRAM', NULL, NULL, NULL, NULL),
(17, 2, 4, 'Total of Personal Services (PS)', NULL, NULL, NULL, NULL),
(18, 2, 5, 'Total of Maintenance and Other Operating Expenses (MOOE)', NULL, NULL, NULL, NULL),
(19, 2, 6, 'Total of Travelling Expenses - Local', NULL, NULL, NULL, NULL),
(20, 2, 7, 'Total of Training and Scholarship Expenses', NULL, NULL, NULL, NULL),
(21, 2, 14, 'Total of Taxes, Insurance Premiums and Other Fees', NULL, NULL, NULL, NULL),
(22, 3, 1, 'Total of PART I: RECEIPTS PROGRAM', NULL, NULL, NULL, NULL),
(23, 3, 2, 'Total of PART II: EXPENDITURE PROGRAM', NULL, NULL, NULL, NULL),
(24, 3, 3, 'Total of GENERAL ADMINISTRATION PROGRAM', NULL, NULL, NULL, NULL),
(25, 3, 4, 'Total of Personal Services (PS)', NULL, NULL, NULL, NULL),
(26, 3, 5, 'Total of Maintenance and Other Operating Expenses (MOOE)', NULL, NULL, NULL, NULL),
(27, 3, 6, 'Total of Travelling Expenses - Local', NULL, NULL, NULL, NULL),
(28, 3, 8, 'Total of Supplies and Materials Expenses', NULL, NULL, NULL, NULL);

-- --------------------------------------------------------

--
-- Table structure for table `budget_allocation_items`
--

CREATE TABLE `budget_allocation_items` (
  `id` bigint(20) UNSIGNED NOT NULL,
  `budget_id` bigint(20) UNSIGNED NOT NULL,
  `ledger_id` bigint(20) UNSIGNED NOT NULL,
  `amount` decimal(14,2) NOT NULL,
  `created_at` timestamp NULL DEFAULT NULL,
  `updated_at` timestamp NULL DEFAULT NULL,
  `deleted_at` timestamp NULL DEFAULT NULL,
  `created_by` bigint(20) UNSIGNED DEFAULT NULL
) ENGINE=InnoDB DEFAULT CHARSET=utf8mb4 COLLATE=utf8mb4_unicode_ci;

--
-- Dumping data for table `budget_allocation_items`
--

INSERT INTO `budget_allocation_items` (`id`, `budget_id`, `ledger_id`, `amount`, `created_at`, `updated_at`, `deleted_at`, `created_by`) VALUES
(1, 1, 1, '4385848.09', NULL, NULL, NULL, NULL),
(2, 1, 2, '300000.00', NULL, NULL, NULL, NULL),
(3, 1, 3, '8000.00', NULL, NULL, NULL, NULL),
(4, 1, 4, '2572924.00', NULL, NULL, NULL, NULL),
(5, 1, 5, '650000.00', NULL, NULL, NULL, NULL),
(6, 1, 6, '50000.00', NULL, NULL, NULL, NULL),
(7, 1, 8, '2813772.00', NULL, NULL, NULL, NULL),
(8, 1, 9, '125000.00', NULL, NULL, NULL, NULL),
(9, 1, 10, '152412.65', NULL, NULL, NULL, NULL),
(10, 1, 12, '1950.00', NULL, NULL, NULL, NULL),
(11, 1, 14, '231952.43', NULL, NULL, NULL, NULL),
(12, 1, 15, '120000.00', NULL, NULL, NULL, NULL),
(13, 1, 16, '214826.84', NULL, NULL, NULL, NULL),
(14, 1, 17, '60000.00', NULL, NULL, NULL, NULL),
(15, 1, 18, '3065.00', NULL, NULL, NULL, NULL),
(16, 1, 19, '20000.00', NULL, NULL, NULL, NULL),
(17, 1, 20, '8045.00', NULL, NULL, NULL, NULL),
(18, 1, 21, '90000.00', NULL, NULL, NULL, NULL),
(19, 1, 22, '130000.00', NULL, NULL, NULL, NULL),
(20, 1, 23, '2400.00', NULL, NULL, NULL, NULL),
(21, 1, 24, '24268.80', NULL, NULL, NULL, NULL),
(22, 1, 25, '10000.00', NULL, NULL, NULL, NULL),
(23, 1, 26, '639168.00', NULL, NULL, NULL, NULL),
(24, 1, 27, '270000.00', NULL, NULL, NULL, NULL),
(25, 1, 28, '95000.00', NULL, NULL, NULL, NULL),
(26, 1, 29, '50000.00', NULL, NULL, NULL, NULL),
(27, 1, 30, '33906.75', NULL, NULL, NULL, NULL),
(28, 1, 31, '15312.00', NULL, NULL, NULL, NULL),
(29, 1, 32, '73683.63', NULL, NULL, NULL, NULL),
(30, 1, 33, '39420.00', NULL, NULL, NULL, NULL),
(31, 1, 34, '59108.01', NULL, NULL, NULL, NULL),
(32, 1, 35, '4800.00', NULL, NULL, NULL, NULL),
(33, 1, 36, '796677.21', NULL, NULL, NULL, NULL),
(34, 1, 37, '514584.80', NULL, NULL, NULL, NULL),
(35, 1, 39, '278837.03', NULL, NULL, NULL, NULL),
(36, 1, 40, '119501.58', NULL, NULL, NULL, NULL),
(37, 1, 43, '79667.72', NULL, NULL, NULL, NULL),
(38, 1, 45, '100000.00', NULL, NULL, NULL, NULL),
(39, 1, 48, '6000.00', NULL, NULL, NULL, NULL),
(40, 1, 50, '79667.72', NULL, NULL, NULL, NULL),
(41, 1, 51, '79667.72', NULL, NULL, NULL, NULL),
(42, 1, 52, '398338.60', NULL, NULL, NULL, NULL),
(43, 1, 53, '200009.36', NULL, NULL, NULL, NULL),
(44, 1, 54, '25729.24', NULL, NULL, NULL, NULL),
(45, 2, 1, '3439619.28', NULL, NULL, NULL, NULL),
(46, 2, 2, '500335.57', NULL, NULL, NULL, NULL),
(47, 2, 3, '20000.00', NULL, NULL, NULL, NULL),
(48, 2, 4, '2258326.00', NULL, NULL, NULL, NULL),
(49, 2, 5, '685000.00', NULL, NULL, NULL, NULL),
(50, 2, 6, '50000.00', NULL, NULL, NULL, NULL),
(51, 2, 8, '2476992.00', NULL, NULL, NULL, NULL),
(52, 2, 9, '130000.00', NULL, NULL, NULL, NULL),
(53, 2, 10, '155952.17', NULL, NULL, NULL, NULL),
(54, 2, 12, '2354.00', NULL, NULL, NULL, NULL),
(55, 2, 14, '221779.98', NULL, NULL, NULL, NULL),
(56, 2, 15, '87311.74', NULL, NULL, NULL, NULL),
(57, 2, 16, '150000.00', NULL, NULL, NULL, NULL),
(58, 2, 17, '40000.00', NULL, NULL, NULL, NULL),
(59, 2, 18, '2400.00', NULL, NULL, NULL, NULL),
(60, 2, 19, '4000.00', NULL, NULL, NULL, NULL),
(61, 2, 20, '10000.00', NULL, NULL, NULL, NULL),
(62, 2, 21, '60000.00', NULL, NULL, NULL, NULL),
(63, 2, 22, '108000.00', NULL, NULL, NULL, NULL),
(64, 2, 23, '2400.00', NULL, NULL, NULL, NULL),
(65, 2, 24, '33256.80', NULL, NULL, NULL, NULL),
(66, 2, 25, '10000.00', NULL, NULL, NULL, NULL),
(67, 2, 26, '691152.00', NULL, NULL, NULL, NULL),
(68, 2, 27, '114000.00', NULL, NULL, NULL, NULL),
(69, 2, 28, '11727.07', NULL, NULL, NULL, NULL),
(70, 2, 29, '10000.00', NULL, NULL, NULL, NULL),
(71, 2, 30, '38624.00', NULL, NULL, NULL, NULL),
(72, 2, 31, '10800.00', NULL, NULL, NULL, NULL),
(73, 2, 32, '46080.00', NULL, NULL, NULL, NULL),
(74, 2, 33, '22620.00', NULL, NULL, NULL, NULL),
(75, 2, 34, '63080.14', NULL, NULL, NULL, NULL),
(76, 2, 35, '3713.06', NULL, NULL, NULL, NULL),
(77, 2, 36, '695328.09', NULL, NULL, NULL, NULL),
(78, 2, 43, '95318.71', NULL, NULL, NULL, NULL),
(79, 2, 45, '100000.00', NULL, NULL, NULL, NULL),
(80, 2, 50, '69536.80', NULL, NULL, NULL, NULL),
(81, 2, 51, '69544.48', NULL, NULL, NULL, NULL),
(82, 2, 52, '348400.00', NULL, NULL, NULL, NULL),
(83, 2, 53, '24699.30', NULL, NULL, NULL, NULL),
(84, 2, 54, '22583.26', NULL, NULL, NULL, NULL),
(85, 3, 1, '3355442.92', NULL, NULL, NULL, NULL),
(86, 3, 2, '300000.00', NULL, NULL, NULL, NULL),
(87, 3, 3, '10000.00', NULL, NULL, NULL, NULL),
(88, 3, 4, '2754104.00', NULL, NULL, NULL, NULL),
(89, 3, 5, '1346000.00', NULL, NULL, NULL, NULL),
(90, 3, 6, '50000.00', NULL, NULL, NULL, NULL),
(91, 3, 8, '3201984.00', NULL, NULL, NULL, NULL),
(92, 3, 9, '130000.00', NULL, NULL, NULL, NULL),
(93, 3, 10, '173431.00', NULL, NULL, NULL, NULL),
(94, 3, 12, '1950.00', NULL, NULL, NULL, NULL),
(95, 3, 14, '255145.79', NULL, NULL, NULL, NULL),
(96, 3, 15, '90000.00', NULL, NULL, NULL, NULL),
(97, 3, 17, '50000.00', NULL, NULL, NULL, NULL),
(98, 3, 18, '2350.00', NULL, NULL, NULL, NULL),
(99, 3, 19, '40000.00', NULL, NULL, NULL, NULL),
(100, 3, 20, '10000.00', NULL, NULL, NULL, NULL),
(101, 3, 21, '70000.00', NULL, NULL, NULL, NULL),
(102, 3, 22, '100000.00', NULL, NULL, NULL, NULL),
(103, 3, 23, '180.00', NULL, NULL, NULL, NULL),
(104, 3, 24, '24268.80', NULL, NULL, NULL, NULL),
(105, 3, 25, '10000.00', NULL, NULL, NULL, NULL),
(106, 3, 26, '420000.00', NULL, NULL, NULL, NULL),
(107, 3, 27, '360000.00', NULL, NULL, NULL, NULL),
(108, 3, 28, '50000.00', NULL, NULL, NULL, NULL),
(109, 3, 29, '50000.00', NULL, NULL, NULL, NULL),
(110, 3, 30, '35000.00', NULL, NULL, NULL, NULL),
(111, 3, 31, '15000.00', NULL, NULL, NULL, NULL),
(112, 3, 32, '36412.62', NULL, NULL, NULL, NULL),
(113, 3, 33, '41420.00', NULL, NULL, NULL, NULL),
(114, 3, 34, '62879.48', NULL, NULL, NULL, NULL),
(115, 3, 35, '5654.00', NULL, NULL, NULL, NULL),
(116, 3, 36, '781554.69', NULL, NULL, NULL, NULL),
(117, 3, 37, '550820.80', NULL, NULL, NULL, NULL),
(118, 3, 38, '0.00', NULL, NULL, NULL, NULL),
(119, 3, 39, '273544.15', NULL, NULL, NULL, NULL),
(120, 3, 40, '117233.20', NULL, NULL, NULL, NULL),
(121, 3, 43, '48000.00', NULL, NULL, NULL, NULL),
(122, 3, 44, '0.00', NULL, NULL, NULL, NULL),
(123, 3, 45, '100000.00', NULL, NULL, NULL, NULL),
(124, 3, 48, '6000.00', NULL, NULL, NULL, NULL),
(125, 3, 49, '0.00', NULL, NULL, NULL, NULL),
(126, 3, 50, '92400.00', NULL, NULL, NULL, NULL),
(127, 3, 52, '390777.35', NULL, NULL, NULL, NULL),
(128, 3, 53, '192000.00', NULL, NULL, NULL, NULL),
(129, 3, 54, '27541.04', NULL, NULL, NULL, NULL);

-- --------------------------------------------------------

--
-- Table structure for table `canvasses`
--

CREATE TABLE `canvasses` (
  `id` bigint(20) UNSIGNED NOT NULL,
  `pr_id` bigint(20) UNSIGNED NOT NULL,
  `supplier_id` bigint(20) UNSIGNED NOT NULL,
  `awarded` tinyint(1) NOT NULL,
  `group_id` int(11) NOT NULL,
  `created_at` timestamp NULL DEFAULT NULL,
  `updated_at` timestamp NULL DEFAULT NULL,
  `deleted_at` timestamp NULL DEFAULT NULL,
  `created_by` bigint(20) UNSIGNED DEFAULT NULL
) ENGINE=InnoDB DEFAULT CHARSET=utf8mb4 COLLATE=utf8mb4_unicode_ci;

--
-- Dumping data for table `canvasses`
--

INSERT INTO `canvasses` (`id`, `pr_id`, `supplier_id`, `awarded`, `group_id`, `created_at`, `updated_at`, `deleted_at`, `created_by`) VALUES
(1, 1, 1, 1, 1, '2020-03-20 07:57:54', '2020-03-20 07:57:54', NULL, NULL),
(2, 1, 2, 0, 1, '2020-03-20 07:57:54', '2020-03-20 07:57:54', NULL, NULL),
(3, 1, 3, 0, 1, '2020-03-20 07:57:54', '2020-03-20 07:57:54', NULL, NULL),
(4, 3, 7, 1, 1, '2020-05-14 03:43:28', '2020-05-14 03:43:28', NULL, NULL),
(5, 3, 8, 0, 1, '2020-05-14 03:43:28', '2020-05-14 03:43:28', NULL, NULL),
(6, 3, 9, 0, 1, '2020-05-14 03:43:28', '2020-05-14 03:43:28', NULL, NULL),
(7, 3, 8, 1, 2, '2020-05-14 03:46:45', '2020-05-14 03:46:45', NULL, NULL),
(8, 3, 9, 0, 2, '2020-05-14 03:46:45', '2020-05-14 03:46:45', NULL, NULL),
(9, 3, 7, 0, 2, '2020-05-14 03:46:45', '2020-05-14 03:46:45', NULL, NULL),
(10, 4, 10, 1, 1, '2020-05-14 07:53:10', '2020-05-14 07:53:10', NULL, NULL),
(11, 4, 11, 0, 1, '2020-05-14 07:53:10', '2020-05-14 07:53:10', NULL, NULL),
(12, 4, 12, 0, 1, '2020-05-14 07:53:10', '2020-05-14 07:53:10', NULL, NULL),
(13, 5, 13, 1, 1, '2020-05-14 07:53:54', '2020-05-14 07:53:54', NULL, NULL),
(14, 5, 11, 0, 1, '2020-05-14 07:53:54', '2020-05-14 07:53:54', NULL, NULL),
(15, 5, 4, 0, 1, '2020-05-14 07:53:54', '2020-05-14 07:53:54', NULL, NULL),
(16, 4, 11, 1, 2, '2020-05-14 07:56:13', '2020-05-14 07:56:13', NULL, NULL),
(17, 4, 10, 0, 2, '2020-05-14 07:56:13', '2020-05-14 07:56:13', NULL, NULL),
(18, 4, 12, 0, 2, '2020-05-14 07:56:13', '2020-05-14 07:56:13', NULL, NULL),
(19, 4, 12, 1, 3, '2020-05-14 07:57:40', '2020-05-14 07:57:40', NULL, NULL),
(20, 4, 13, 0, 3, '2020-05-14 07:57:40', '2020-05-14 07:57:40', NULL, NULL),
(21, 4, 4, 0, 3, '2020-05-14 07:57:40', '2020-05-14 07:57:40', NULL, NULL),
(22, 7, 16, 1, 1, '2020-09-04 08:55:41', '2020-09-04 08:55:41', NULL, NULL),
(23, 7, 12, 0, 1, '2020-09-04 08:55:41', '2020-09-04 08:55:41', NULL, NULL),
(24, 7, 4, 0, 1, '2020-09-04 08:55:41', '2020-09-04 08:55:41', NULL, NULL),
(25, 9, 24, 1, 1, '2020-11-04 19:28:09', '2020-11-04 19:28:09', NULL, NULL),
(26, 9, 1, 0, 1, '2020-11-04 19:28:09', '2020-11-04 19:28:09', NULL, NULL),
(27, 9, 25, 0, 1, '2020-11-04 19:28:09', '2020-11-04 19:28:09', NULL, NULL),
(28, 11, 16, 1, 1, '2021-01-06 20:00:03', '2021-01-06 20:07:34', '2021-01-06 20:07:34', NULL),
(29, 11, 3, 0, 1, '2021-01-06 20:00:03', '2021-01-06 20:07:34', '2021-01-06 20:07:34', NULL),
(30, 11, 12, 0, 1, '2021-01-06 20:00:03', '2021-01-06 20:07:34', '2021-01-06 20:07:34', NULL),
(31, 11, 16, 1, 1, '2021-01-06 20:09:29', '2021-01-06 20:09:29', NULL, NULL),
(32, 11, 3, 0, 1, '2021-01-06 20:09:29', '2021-01-06 20:09:29', NULL, NULL),
(33, 11, 12, 0, 1, '2021-01-06 20:09:29', '2021-01-06 20:09:29', NULL, NULL),
(34, 11, 24, 1, 2, '2021-01-06 20:13:03', '2021-01-06 20:13:03', NULL, NULL),
(35, 11, 5, 0, 2, '2021-01-06 20:13:03', '2021-01-06 20:13:03', NULL, NULL),
(36, 11, 3, 0, 2, '2021-01-06 20:13:03', '2021-01-06 20:13:03', NULL, NULL),
(37, 11, 8, 1, 3, '2021-01-06 20:14:14', '2021-01-06 20:14:14', NULL, NULL),
(38, 11, 2, 0, 3, '2021-01-06 20:14:14', '2021-01-06 20:14:14', NULL, NULL),
(39, 11, 7, 0, 3, '2021-01-06 20:14:14', '2021-01-06 20:14:14', NULL, NULL),
(40, 12, 28, 1, 1, '2021-01-07 21:39:27', '2021-01-07 21:39:27', NULL, NULL),
(41, 12, 29, 0, 1, '2021-01-07 21:39:27', '2021-01-07 21:39:27', NULL, NULL),
(42, 12, 30, 0, 1, '2021-01-07 21:39:27', '2021-01-07 21:39:27', NULL, NULL),
(43, 12, 29, 1, 2, '2021-01-07 21:46:23', '2021-01-07 21:46:23', NULL, NULL),
(44, 12, 30, 0, 2, '2021-01-07 21:46:23', '2021-01-07 21:46:23', NULL, NULL),
(45, 12, 28, 0, 2, '2021-01-07 21:46:23', '2021-01-07 21:46:23', NULL, NULL),
(46, 12, 30, 1, 3, '2021-01-07 21:51:56', '2021-01-07 21:51:56', NULL, NULL),
(47, 12, 28, 0, 3, '2021-01-07 21:51:56', '2021-01-07 21:51:56', NULL, NULL),
(48, 12, 29, 0, 3, '2021-01-07 21:51:56', '2021-01-07 21:51:56', NULL, NULL),
(49, 13, 28, 1, 1, '2021-01-10 17:24:14', '2021-01-22 00:12:50', '2021-01-22 00:12:50', NULL),
(50, 13, 30, 0, 1, '2021-01-10 17:24:14', '2021-01-22 00:12:50', '2021-01-22 00:12:50', NULL),
(51, 13, 29, 0, 1, '2021-01-10 17:24:14', '2021-01-22 00:12:50', '2021-01-22 00:12:50', NULL),
(52, 14, 31, 1, 1, '2021-01-13 17:33:52', '2021-01-26 00:49:38', '2021-01-26 08:50:07', NULL),
(53, 14, 32, 0, 1, '2021-01-13 17:33:52', '2021-01-26 00:49:38', '2021-01-26 08:50:34', NULL),
(54, 14, 33, 0, 1, '2021-01-13 17:33:52', '2021-01-26 00:49:38', '2021-01-26 08:50:37', NULL),
(55, 14, 34, 1, 2, '2021-01-13 19:27:04', '2021-01-25 23:37:37', '2021-01-26 08:50:40', NULL),
(56, 14, 34, 1, 3, '2021-01-13 19:27:46', '2021-01-25 23:37:47', '2021-01-26 08:58:29', NULL),
(57, 14, 34, 1, 4, '2021-01-13 19:29:15', '2021-01-25 23:37:56', '2021-01-26 08:58:33', NULL),
(58, 14, 34, 1, 5, '2021-01-13 19:38:50', '2021-01-25 23:38:23', '2021-01-26 08:58:36', NULL),
(59, 14, 34, 1, 6, '2021-01-13 19:39:55', '2021-01-25 23:38:34', '2021-01-26 09:00:12', NULL),
(60, 14, 34, 1, 7, '2021-01-13 19:40:49', '2021-01-25 23:42:25', '2021-01-26 09:00:16', NULL),
(61, 14, 34, 1, 8, '2021-01-13 19:41:18', '2021-01-25 23:42:16', '2021-01-26 09:00:20', NULL),
(62, 14, 34, 1, 9, '2021-01-13 20:03:04', '2021-01-25 23:41:45', '2021-01-26 09:00:23', NULL),
(63, 14, 34, 1, 10, '2021-01-13 20:03:15', '2021-01-25 23:38:59', '2021-01-26 09:00:27', NULL),
(64, 14, 34, 1, 11, '2021-01-13 20:08:57', '2021-01-25 23:39:23', '2021-01-26 09:00:30', NULL),
(65, 14, 34, 1, 12, '2021-01-13 20:23:07', '2021-01-25 23:41:28', '2021-01-26 09:00:35', NULL),
(66, 14, 34, 1, 13, '2021-01-13 21:26:44', '2021-01-25 23:41:18', '2021-01-26 09:00:41', NULL),
(67, 14, 34, 1, 14, '2021-01-13 21:53:18', '2021-01-26 00:35:10', '2021-01-26 09:00:45', NULL),
(68, 14, 34, 1, 15, '2021-01-13 23:31:27', '2021-01-13 23:31:27', '2021-01-26 09:00:48', NULL),
(69, 14, 71, 0, 15, '2021-01-13 23:31:27', '2021-01-13 23:31:27', '2021-01-26 09:00:51', NULL),
(70, 14, 36, 0, 15, '2021-01-13 23:31:27', '2021-01-13 23:31:27', '2021-01-26 09:00:55', NULL),
(71, 14, 31, 1, 16, '2021-01-13 23:54:12', '2021-01-13 23:54:12', '2021-01-26 09:00:57', NULL),
(72, 14, 32, 0, 16, '2021-01-13 23:54:12', '2021-01-13 23:54:12', '2021-01-26 09:01:02', NULL),
(73, 14, 33, 0, 16, '2021-01-13 23:54:12', '2021-01-13 23:54:12', '2021-01-26 09:01:05', NULL),
(74, 14, 32, 1, 17, '2021-01-13 23:56:06', '2021-01-13 23:56:06', '2021-01-26 09:01:08', NULL),
(75, 14, 37, 0, 17, '2021-01-13 23:56:06', '2021-01-13 23:56:06', '2021-01-19 09:01:11', NULL),
(76, 14, 21, 0, 17, '2021-01-13 23:56:06', '2021-01-13 23:56:06', '2021-01-26 09:01:14', NULL),
(77, 15, 121, 1, 1, '2021-01-14 16:57:49', '2021-01-21 22:42:29', '2021-01-21 22:42:29', NULL),
(78, 15, 13, 0, 1, '2021-01-14 16:57:49', '2021-01-21 22:42:29', '2021-01-21 22:42:29', NULL),
(79, 15, 93, 0, 1, '2021-01-14 16:57:49', '2021-01-21 22:42:29', '2021-01-21 22:42:29', NULL),
(80, 15, 28, 1, 2, '2021-01-14 17:10:31', '2021-01-21 22:42:46', '2021-01-21 22:42:46', NULL),
(81, 15, 30, 0, 2, '2021-01-14 17:10:32', '2021-01-21 22:42:46', '2021-01-21 22:42:46', NULL),
(82, 15, 29, 0, 2, '2021-01-14 17:10:32', '2021-01-21 22:42:46', '2021-01-21 22:42:46', NULL),
(83, 16, 122, 1, 1, '2021-01-14 18:36:01', '2021-01-25 19:21:51', '2021-01-25 19:21:51', NULL),
(84, 16, 123, 0, 1, '2021-01-14 18:36:01', '2021-01-25 19:21:51', '2021-01-25 19:21:51', NULL),
(85, 16, 65, 0, 1, '2021-01-14 18:36:01', '2021-01-25 19:21:51', '2021-01-25 19:21:51', NULL),
(86, 18, 132, 1, 1, '2021-01-17 18:19:08', '2021-01-25 18:32:13', '2021-01-25 18:32:13', NULL),
(87, 18, 133, 0, 1, '2021-01-17 18:19:08', '2021-01-25 18:32:13', '2021-01-25 18:32:13', NULL),
(88, 18, 134, 0, 1, '2021-01-17 18:19:08', '2021-01-25 18:32:13', '2021-01-25 18:32:13', NULL),
(89, 19, 122, 1, 1, '2021-01-17 19:42:43', '2021-01-21 19:36:09', '2021-01-21 19:36:09', NULL),
(90, 19, 63, 0, 1, '2021-01-17 19:42:43', '2021-01-21 19:36:09', '2021-01-21 19:36:09', NULL),
(91, 19, 121, 0, 1, '2021-01-17 19:42:43', '2021-01-21 19:36:09', '2021-01-21 19:36:09', NULL),
(92, 20, 135, 1, 1, '2021-01-19 05:55:40', '2021-01-19 05:55:40', NULL, NULL),
(93, 20, 137, 0, 1, '2021-01-19 05:55:40', '2021-01-19 05:55:40', NULL, NULL),
(94, 20, 66, 0, 1, '2021-01-19 05:55:40', '2021-01-19 05:55:40', NULL, NULL),
(95, 20, 115, 1, 2, '2021-01-19 06:03:12', '2021-01-20 20:20:47', '2021-01-20 20:20:47', NULL),
(96, 20, 13, 0, 2, '2021-01-19 06:03:12', '2021-01-20 20:20:47', '2021-01-20 20:20:47', NULL),
(97, 20, 73, 0, 2, '2021-01-19 06:03:13', '2021-01-20 20:20:47', '2021-01-20 20:20:47', NULL),
(98, 20, 136, 1, 3, '2021-01-19 17:09:40', '2021-01-19 17:09:40', NULL, NULL),
(99, 20, 79, 0, 3, '2021-01-19 17:09:40', '2021-01-19 17:09:40', NULL, NULL),
(100, 20, 83, 0, 3, '2021-01-19 17:09:40', '2021-01-19 17:09:40', NULL, NULL),
(101, 20, 115, 1, 4, '2021-01-19 17:15:28', '2021-01-19 18:07:24', '2021-01-19 18:07:24', NULL),
(102, 20, 13, 0, 4, '2021-01-19 17:15:28', '2021-01-19 18:07:24', '2021-01-19 18:07:24', NULL),
(103, 20, 71, 0, 4, '2021-01-19 17:15:28', '2021-01-19 18:07:24', '2021-01-19 18:07:24', NULL),
(104, 20, 137, 1, 5, '2021-01-19 17:20:45', '2021-01-19 17:20:45', NULL, NULL),
(105, 20, 3, 0, 5, '2021-01-19 17:20:45', '2021-01-19 17:20:45', NULL, NULL),
(106, 20, 66, 0, 5, '2021-01-19 17:20:45', '2021-01-19 17:20:45', NULL, NULL),
(113, 20, 115, 1, 6, '2021-01-20 20:25:10', '2021-01-20 20:25:10', NULL, NULL),
(114, 20, 13, 0, 6, '2021-01-20 20:25:10', '2021-01-20 20:25:10', NULL, NULL),
(115, 20, 116, 0, 6, '2021-01-20 20:25:10', '2021-01-20 20:25:10', NULL, NULL),
(122, 22, 122, 1, 1, '2021-01-21 19:41:19', '2021-01-21 19:51:54', '2021-01-21 19:51:54', NULL),
(123, 22, 123, 0, 1, '2021-01-21 19:41:20', '2021-01-21 19:51:54', '2021-01-21 19:51:54', NULL),
(124, 22, 121, 0, 1, '2021-01-21 19:41:20', '2021-01-21 19:51:54', '2021-01-21 19:51:54', NULL),
(125, 22, 122, 1, 1, '2021-01-21 20:43:33', '2021-01-21 20:43:33', NULL, NULL),
(126, 22, 17, 0, 1, '2021-01-21 20:43:33', '2021-01-21 20:43:33', NULL, NULL),
(127, 22, 19, 0, 1, '2021-01-21 20:43:34', '2021-01-21 20:43:34', NULL, NULL),
(128, 24, 28, 1, 1, '2021-01-22 01:32:26', '2021-01-22 01:32:26', NULL, NULL),
(129, 24, 30, 0, 1, '2021-01-22 01:32:27', '2021-01-22 01:32:27', NULL, NULL),
(130, 24, 140, 0, 1, '2021-01-22 01:32:27', '2021-01-22 01:32:27', NULL, NULL),
(131, 24, 29, 1, 2, '2021-01-22 01:35:00', '2021-01-22 01:35:00', NULL, NULL),
(132, 24, 140, 0, 2, '2021-01-22 01:35:00', '2021-01-22 01:35:00', NULL, NULL),
(133, 24, 28, 0, 2, '2021-01-22 01:35:00', '2021-01-22 01:35:00', NULL, NULL),
(134, 24, 30, 1, 3, '2021-01-22 01:38:51', '2021-01-22 01:38:51', NULL, NULL),
(135, 24, 140, 0, 3, '2021-01-22 01:38:51', '2021-01-22 01:38:51', NULL, NULL),
(136, 24, 28, 0, 3, '2021-01-22 01:38:51', '2021-01-22 01:38:51', NULL, NULL),
(137, 25, 30, 1, 1, '2021-01-25 18:01:25', '2021-01-25 18:01:25', NULL, NULL),
(138, 25, 28, 0, 1, '2021-01-25 18:01:25', '2021-01-25 18:01:25', NULL, NULL),
(139, 25, 29, 0, 1, '2021-01-25 18:01:25', '2021-01-25 18:01:25', NULL, NULL),
(140, 26, 141, 1, 1, '2021-01-25 20:19:11', '2021-01-25 20:19:11', NULL, NULL),
(141, 26, 142, 0, 1, '2021-01-25 20:19:12', '2021-01-25 20:19:12', NULL, NULL),
(142, 26, 143, 0, 1, '2021-01-25 20:19:12', '2021-01-25 20:19:12', NULL, NULL),
(143, 27, 132, 1, 1, '2021-01-25 20:46:17', '2021-01-25 20:46:17', NULL, NULL),
(144, 27, 134, 0, 1, '2021-01-25 20:46:17', '2021-01-25 20:46:17', NULL, NULL),
(145, 27, 133, 0, 1, '2021-01-25 20:46:17', '2021-01-25 20:46:17', NULL, NULL),
(146, 28, 121, 1, 1, '2021-01-25 21:53:37', '2021-01-25 21:53:37', NULL, NULL),
(147, 28, 141, 0, 1, '2021-01-25 21:53:37', '2021-01-25 21:53:37', NULL, NULL),
(148, 28, 91, 0, 1, '2021-01-25 21:53:37', '2021-01-25 21:53:37', NULL, NULL),
(149, 28, 28, 1, 2, '2021-01-25 22:01:39', '2021-01-25 22:01:39', NULL, NULL),
(150, 28, 29, 0, 2, '2021-01-25 22:01:40', '2021-01-25 22:01:40', NULL, NULL),
(151, 28, 30, 0, 2, '2021-01-25 22:01:40', '2021-01-25 22:01:40', NULL, NULL),
(152, 14, 144, 1, 1, '2021-01-26 01:20:56', '2021-01-26 01:20:56', NULL, NULL),
(153, 14, 146, 0, 1, '2021-01-26 01:20:56', '2021-01-26 01:20:56', NULL, NULL),
(154, 14, 145, 0, 1, '2021-01-26 01:20:56', '2021-01-26 01:20:56', NULL, NULL),
(155, 29, 149, 1, 1, '2021-02-01 18:26:33', '2021-02-01 18:26:33', NULL, NULL),
(156, 29, 85, 0, 1, '2021-02-01 18:26:33', '2021-02-01 18:26:33', NULL, NULL),
(157, 29, 151, 0, 1, '2021-02-01 18:26:34', '2021-02-01 18:26:34', NULL, NULL),
(158, 29, 150, 1, 2, '2021-02-01 18:28:30', '2021-02-01 18:28:30', NULL, NULL),
(159, 29, 151, 0, 2, '2021-02-01 18:28:30', '2021-02-01 18:28:30', NULL, NULL),
(160, 29, 85, 0, 2, '2021-02-01 18:28:30', '2021-02-01 18:28:30', NULL, NULL),
(161, 30, 4, 1, 1, '2021-02-02 23:03:37', '2021-02-02 23:32:49', '2021-02-02 23:32:49', NULL),
(162, 30, 152, 0, 1, '2021-02-02 23:03:37', '2021-02-02 23:32:49', '2021-02-02 23:32:49', NULL),
(163, 30, 116, 0, 1, '2021-02-02 23:03:37', '2021-02-02 23:32:49', '2021-02-02 23:32:49', NULL),
(164, 30, 4, 1, 2, '2021-02-02 23:09:02', '2021-02-02 23:31:50', '2021-02-02 23:31:50', NULL),
(165, 30, 152, 0, 2, '2021-02-02 23:09:02', '2021-02-02 23:31:50', '2021-02-02 23:31:50', NULL),
(166, 30, 116, 0, 2, '2021-02-02 23:09:02', '2021-02-02 23:31:50', '2021-02-02 23:31:50', NULL),
(167, 30, 4, 1, 1, '2021-02-02 23:37:07', '2021-02-02 23:37:07', NULL, NULL),
(168, 30, 152, 0, 1, '2021-02-02 23:37:07', '2021-02-02 23:37:07', NULL, NULL),
(169, 30, 116, 0, 1, '2021-02-02 23:37:08', '2021-02-02 23:37:08', NULL, NULL),
(170, 14, 153, 1, 2, '2021-02-04 00:14:43', '2021-02-04 00:14:43', NULL, NULL),
(171, 14, 155, 0, 2, '2021-02-04 00:14:43', '2021-02-04 00:14:43', NULL, NULL),
(172, 14, 154, 0, 2, '2021-02-04 00:14:43', '2021-02-04 00:14:43', NULL, NULL),
(173, 31, 156, 1, 1, '2021-02-04 18:16:23', '2021-02-04 18:16:23', NULL, NULL),
(174, 31, 159, 0, 1, '2021-02-04 18:16:23', '2021-02-04 18:16:23', NULL, NULL),
(175, 31, 45, 0, 1, '2021-02-04 18:16:24', '2021-02-04 18:16:24', NULL, NULL),
(176, 31, 157, 1, 2, '2021-02-04 18:18:13', '2021-02-04 18:18:13', NULL, NULL),
(177, 31, 159, 0, 2, '2021-02-04 18:18:14', '2021-02-04 18:18:14', NULL, NULL),
(178, 31, 129, 0, 2, '2021-02-04 18:18:14', '2021-02-04 18:18:14', NULL, NULL),
(179, 31, 158, 1, 3, '2021-02-04 18:19:47', '2021-02-04 18:19:47', NULL, NULL),
(180, 31, 24, 0, 3, '2021-02-04 18:19:48', '2021-02-04 18:19:48', NULL, NULL),
(181, 31, 129, 0, 3, '2021-02-04 18:19:48', '2021-02-04 18:19:48', NULL, NULL),
(182, 31, 159, 1, 4, '2021-02-04 18:28:07', '2021-02-04 18:28:07', NULL, NULL),
(183, 31, 71, 0, 4, '2021-02-04 18:28:07', '2021-02-04 18:28:07', NULL, NULL),
(184, 31, 129, 0, 4, '2021-02-04 18:28:08', '2021-02-04 18:28:08', NULL, NULL),
(185, 32, 160, 1, 1, '2021-02-04 22:41:50', '2021-02-04 22:41:50', NULL, NULL),
(186, 32, 150, 0, 1, '2021-02-04 22:41:50', '2021-02-04 22:41:50', NULL, NULL),
(187, 32, 14, 0, 1, '2021-02-04 22:41:50', '2021-02-04 22:41:50', NULL, NULL),
(188, 32, 79, 1, 2, '2021-02-04 22:50:40', '2021-02-04 22:50:40', NULL, NULL),
(189, 32, 150, 0, 2, '2021-02-04 22:50:40', '2021-02-04 22:50:40', NULL, NULL),
(190, 32, 149, 0, 2, '2021-02-04 22:50:40', '2021-02-04 22:50:40', NULL, NULL),
(191, 14, 70, 1, 3, '2021-02-09 18:07:34', '2021-02-09 18:07:34', NULL, NULL),
(192, 14, 163, 0, 3, '2021-02-09 18:07:34', '2021-02-09 18:07:34', NULL, NULL),
(193, 14, 40, 0, 3, '2021-02-09 18:07:34', '2021-02-09 18:07:34', NULL, NULL),
(194, 14, 167, 1, 4, '2021-02-09 18:18:17', '2021-02-09 18:18:17', NULL, NULL),
(195, 14, 17, 0, 4, '2021-02-09 18:18:17', '2021-02-09 18:18:17', NULL, NULL),
(196, 14, 62, 0, 4, '2021-02-09 18:18:17', '2021-02-09 18:18:17', NULL, NULL),
(197, 14, 167, 1, 5, '2021-02-09 18:21:45', '2021-02-09 18:21:45', NULL, NULL),
(198, 14, 17, 0, 5, '2021-02-09 18:21:45', '2021-02-09 18:21:45', NULL, NULL),
(199, 14, 62, 0, 5, '2021-02-09 18:21:45', '2021-02-09 18:21:45', NULL, NULL),
(200, 33, 165, 1, 1, '2021-02-10 00:50:50', '2021-02-10 00:50:50', NULL, NULL),
(201, 33, 135, 0, 1, '2021-02-10 00:50:50', '2021-02-10 00:50:50', NULL, NULL),
(202, 33, 80, 0, 1, '2021-02-10 00:50:50', '2021-02-10 00:50:50', NULL, NULL),
(203, 34, 168, 1, 1, '2021-02-18 17:03:25', '2021-02-18 17:03:25', NULL, NULL),
(204, 34, 28, 0, 1, '2021-02-18 17:03:25', '2021-02-18 17:03:25', NULL, NULL),
(205, 34, 156, 0, 1, '2021-02-18 17:03:25', '2021-02-18 17:03:25', NULL, NULL),
(206, 34, 169, 1, 2, '2021-02-18 17:26:05', '2021-02-18 17:26:05', NULL, NULL),
(207, 34, 77, 0, 2, '2021-02-18 17:26:05', '2021-02-18 17:26:05', NULL, NULL),
(208, 34, 92, 0, 2, '2021-02-18 17:26:05', '2021-02-18 17:26:05', NULL, NULL),
(209, 35, 62, 1, 1, '2021-02-21 18:04:21', '2021-02-21 18:04:21', NULL, NULL),
(210, 35, 47, 0, 1, '2021-02-21 18:04:21', '2021-02-21 18:04:21', NULL, NULL),
(211, 35, 65, 0, 1, '2021-02-21 18:04:21', '2021-02-21 18:04:21', NULL, NULL),
(212, 36, 122, 1, 1, '2021-02-21 19:14:49', '2021-02-21 19:14:49', NULL, NULL),
(213, 36, 65, 0, 1, '2021-02-21 19:14:49', '2021-02-21 19:14:49', NULL, NULL),
(214, 36, 121, 0, 1, '2021-02-21 19:14:50', '2021-02-21 19:14:50', NULL, NULL),
(215, 37, 170, 1, 1, '2021-02-21 22:28:41', '2021-02-21 22:28:41', NULL, NULL),
(216, 37, 171, 0, 1, '2021-02-21 22:28:41', '2021-02-21 22:28:41', NULL, NULL),
(217, 37, 34, 0, 1, '2021-02-21 22:28:41', '2021-02-21 22:28:41', NULL, NULL),
(218, 37, 126, 1, 2, '2021-02-21 22:32:45', '2021-02-21 22:32:45', NULL, NULL),
(219, 37, 172, 0, 2, '2021-02-21 22:32:45', '2021-02-21 22:32:45', NULL, NULL),
(220, 37, 57, 0, 2, '2021-02-21 22:32:45', '2021-02-21 22:32:45', NULL, NULL),
(221, 37, 173, 1, 3, '2021-02-21 22:33:49', '2021-02-21 22:33:49', NULL, NULL),
(222, 37, 8, 0, 3, '2021-02-21 22:33:49', '2021-02-21 22:33:49', NULL, NULL),
(223, 37, 9, 0, 3, '2021-02-21 22:33:49', '2021-02-21 22:33:49', NULL, NULL),
(224, 37, 125, 1, 4, '2021-02-21 22:36:49', '2021-02-21 22:36:49', NULL, NULL),
(225, 37, 174, 0, 4, '2021-02-21 22:36:49', '2021-02-21 22:36:49', NULL, NULL),
(226, 37, 175, 0, 4, '2021-02-21 22:36:49', '2021-02-21 22:36:49', NULL, NULL),
(227, 37, 176, 1, 5, '2021-02-21 22:37:50', '2021-02-21 22:43:27', '2021-02-21 22:43:27', NULL),
(228, 37, 9, 0, 5, '2021-02-21 22:37:50', '2021-02-21 22:43:27', '2021-02-21 22:43:27', NULL),
(229, 37, 8, 0, 5, '2021-02-21 22:37:50', '2021-02-21 22:43:27', '2021-02-21 22:43:27', NULL),
(230, 37, 35, 1, 6, '2021-02-21 22:39:51', '2021-02-21 22:39:51', NULL, NULL),
(231, 37, 34, 0, 6, '2021-02-21 22:39:51', '2021-02-21 22:39:51', NULL, NULL),
(232, 37, 36, 0, 6, '2021-02-21 22:39:51', '2021-02-21 22:39:51', NULL, NULL),
(233, 37, 176, 1, 7, '2021-02-21 22:40:43', '2021-02-21 22:43:45', '2021-02-21 22:43:45', NULL),
(234, 37, 8, 0, 7, '2021-02-21 22:40:43', '2021-02-21 22:43:45', '2021-02-21 22:43:45', NULL),
(235, 37, 9, 0, 7, '2021-02-21 22:40:43', '2021-02-21 22:43:45', '2021-02-21 22:43:45', NULL),
(236, 37, 176, 1, 7, '2021-02-21 22:45:22', '2021-02-21 22:45:22', NULL, NULL),
(237, 37, 8, 0, 7, '2021-02-21 22:45:22', '2021-02-21 22:45:22', NULL, NULL),
(238, 37, 9, 0, 7, '2021-02-21 22:45:22', '2021-02-21 22:45:22', NULL, NULL),
(239, 38, 35, 1, 1, '2021-02-23 18:49:31', '2021-02-23 21:20:19', '2021-02-23 21:20:19', NULL),
(240, 38, 34, 0, 1, '2021-02-23 18:49:31', '2021-02-23 21:20:19', '2021-02-23 21:20:19', NULL),
(241, 38, 36, 0, 1, '2021-02-23 18:49:32', '2021-02-23 21:20:19', '2021-02-23 21:20:19', NULL),
(242, 38, 157, 1, 2, '2021-02-23 18:59:24', '2021-02-23 21:20:05', '2021-02-23 21:20:05', NULL),
(243, 38, 55, 0, 2, '2021-02-23 18:59:24', '2021-02-23 21:20:05', '2021-02-23 21:20:05', NULL),
(244, 38, 56, 0, 2, '2021-02-23 18:59:24', '2021-02-23 21:20:05', '2021-02-23 21:20:05', NULL),
(245, 38, 158, 1, 3, '2021-02-23 19:09:38', '2021-02-23 21:19:51', '2021-02-23 21:19:51', NULL),
(246, 38, 67, 0, 3, '2021-02-23 19:09:38', '2021-02-23 21:19:51', '2021-02-23 21:19:51', NULL),
(247, 38, 66, 0, 3, '2021-02-23 19:09:38', '2021-02-23 21:19:51', '2021-02-23 21:19:51', NULL),
(248, 38, 112, 1, 4, '2021-02-23 19:16:46', '2021-02-23 21:20:33', '2021-02-23 21:20:33', NULL),
(249, 38, 156, 0, 4, '2021-02-23 19:16:46', '2021-02-23 21:20:33', '2021-02-23 21:20:33', NULL),
(250, 38, 71, 0, 4, '2021-02-23 19:16:47', '2021-02-23 21:20:33', '2021-02-23 21:20:33', NULL),
(251, 39, 176, 1, 1, '2021-02-25 18:30:52', '2021-02-25 18:33:38', '2021-02-25 18:33:38', NULL),
(252, 39, 8, 0, 1, '2021-02-25 18:30:53', '2021-02-25 18:33:38', '2021-02-25 18:33:38', NULL),
(253, 39, 9, 0, 1, '2021-02-25 18:30:53', '2021-02-25 18:33:38', '2021-02-25 18:33:38', NULL),
(254, 39, 176, 1, 1, '2021-02-25 18:38:35', '2021-02-25 19:59:36', NULL, NULL),
(255, 39, 8, 0, 1, '2021-02-25 18:38:36', '2021-02-25 19:59:36', '2021-02-25 19:59:36', NULL),
(256, 39, 9, 0, 1, '2021-02-25 18:38:36', '2021-02-25 19:59:36', '2021-02-25 19:59:36', NULL),
(257, 39, 176, 1, 1, '2021-02-25 20:01:57', '2021-02-25 20:01:57', NULL, NULL),
(258, 39, 9, 0, 1, '2021-02-25 20:01:57', '2021-02-25 20:01:57', NULL, NULL),
(259, 39, 8, 0, 1, '2021-02-25 20:01:57', '2021-02-25 20:01:57', NULL, NULL),
(260, 39, 177, 1, 2, '2021-02-25 20:04:27', '2021-02-25 20:04:27', NULL, NULL),
(261, 39, 9, 0, 2, '2021-02-25 20:04:27', '2021-02-25 20:04:27', NULL, NULL),
(262, 39, 8, 0, 2, '2021-02-25 20:04:27', '2021-02-25 20:04:27', NULL, NULL),
(263, 40, 28, 1, 1, '2021-03-01 01:29:05', '2021-03-01 01:29:05', NULL, NULL),
(264, 40, 29, 0, 1, '2021-03-01 01:29:05', '2021-03-01 01:29:05', NULL, NULL),
(265, 40, 93, 0, 1, '2021-03-01 01:29:05', '2021-03-01 01:29:05', NULL, NULL),
(266, 40, 178, 1, 2, '2021-03-02 00:01:56', '2021-03-02 00:01:56', NULL, NULL),
(267, 40, 184, 0, 2, '2021-03-02 00:01:56', '2021-03-02 00:01:56', NULL, NULL),
(268, 40, 185, 0, 2, '2021-03-02 00:01:56', '2021-03-02 00:01:56', NULL, NULL),
(269, 40, 179, 1, 3, '2021-03-02 00:10:52', '2021-03-02 00:10:52', NULL, NULL),
(270, 40, 182, 0, 3, '2021-03-02 00:10:52', '2021-03-02 00:10:52', NULL, NULL),
(271, 40, 181, 0, 3, '2021-03-02 00:10:52', '2021-03-02 00:10:52', NULL, NULL),
(272, 40, 180, 1, 4, '2021-03-02 00:42:21', '2021-03-02 00:42:21', NULL, NULL),
(273, 40, 182, 0, 4, '2021-03-02 00:42:21', '2021-03-02 00:42:21', NULL, NULL),
(274, 40, 181, 0, 4, '2021-03-02 00:42:21', '2021-03-02 00:42:21', NULL, NULL),
(275, 40, 30, 1, 5, '2021-03-02 00:54:47', '2021-03-02 00:54:47', NULL, NULL),
(276, 40, 183, 0, 5, '2021-03-02 00:54:47', '2021-03-02 00:54:47', NULL, NULL),
(277, 40, 181, 0, 5, '2021-03-02 00:54:48', '2021-03-02 00:54:48', NULL, NULL),
(278, 40, 181, 1, 6, '2021-03-02 01:07:18', '2021-03-02 01:07:18', NULL, NULL),
(279, 40, 182, 0, 6, '2021-03-02 01:07:18', '2021-03-02 01:07:18', NULL, NULL),
(280, 40, 77, 0, 6, '2021-03-02 01:07:18', '2021-03-02 01:07:18', NULL, NULL),
(281, 40, 182, 1, 7, '2021-03-02 01:28:53', '2021-03-02 01:28:53', NULL, NULL),
(282, 40, 77, 0, 7, '2021-03-02 01:28:53', '2021-03-02 01:28:53', NULL, NULL),
(283, 40, 91, 0, 7, '2021-03-02 01:28:53', '2021-03-02 01:28:53', NULL, NULL),
(284, 41, 7, 1, 1, '2021-03-04 18:50:59', '2021-03-04 18:50:59', NULL, NULL),
(285, 41, 9, 0, 1, '2021-03-04 18:51:00', '2021-03-04 18:51:00', NULL, NULL),
(286, 41, 177, 0, 1, '2021-03-04 18:51:00', '2021-03-04 18:51:00', NULL, NULL),
(287, 41, 8, 1, 2, '2021-03-04 18:55:25', '2021-03-04 18:55:25', NULL, NULL),
(288, 41, 177, 0, 2, '2021-03-04 18:55:25', '2021-03-04 18:55:25', NULL, NULL),
(289, 41, 9, 0, 2, '2021-03-04 18:55:25', '2021-03-04 18:55:25', NULL, NULL),
(290, 41, 8, 1, 3, '2021-03-04 19:05:54', '2021-03-04 19:05:54', NULL, NULL),
(291, 41, 177, 0, 3, '2021-03-04 19:05:55', '2021-03-04 19:05:55', NULL, NULL),
(292, 41, 9, 0, 3, '2021-03-04 19:05:55', '2021-03-04 19:05:55', NULL, NULL),
(293, 41, 7, 1, 4, '2021-03-04 19:07:36', '2021-03-04 19:07:36', NULL, NULL),
(294, 41, 177, 0, 4, '2021-03-04 19:07:36', '2021-03-04 19:07:36', NULL, NULL),
(295, 41, 9, 0, 4, '2021-03-04 19:07:37', '2021-03-04 19:07:37', NULL, NULL),
(296, 41, 7, 1, 5, '2021-03-04 19:08:47', '2021-03-04 19:08:47', NULL, NULL),
(297, 41, 177, 0, 5, '2021-03-04 19:08:47', '2021-03-04 19:08:47', NULL, NULL),
(298, 41, 9, 0, 5, '2021-03-04 19:08:47', '2021-03-04 19:08:47', NULL, NULL),
(299, 41, 7, 1, 6, '2021-03-04 19:10:01', '2021-03-04 19:10:01', NULL, NULL),
(300, 41, 177, 0, 6, '2021-03-04 19:10:01', '2021-03-04 19:10:01', NULL, NULL),
(301, 41, 9, 0, 6, '2021-03-04 19:10:01', '2021-03-04 19:10:01', NULL, NULL),
(302, 42, 188, 1, 1, '2021-03-04 19:16:52', '2021-03-04 19:16:52', NULL, NULL),
(303, 42, 64, 0, 1, '2021-03-04 19:16:52', '2021-03-04 19:16:52', NULL, NULL),
(304, 42, 21, 0, 1, '2021-03-04 19:16:52', '2021-03-04 19:16:52', NULL, NULL),
(305, 42, 157, 1, 2, '2021-03-04 19:21:27', '2021-03-04 19:21:27', NULL, NULL),
(306, 42, 54, 0, 2, '2021-03-04 19:21:27', '2021-03-04 19:21:27', NULL, NULL),
(307, 42, 55, 0, 2, '2021-03-04 19:21:27', '2021-03-04 19:21:27', NULL, NULL),
(308, 41, 189, 1, 7, '2021-03-04 19:23:38', '2021-03-04 19:23:38', NULL, NULL),
(309, 41, 177, 0, 7, '2021-03-04 19:23:38', '2021-03-04 19:23:38', NULL, NULL),
(310, 41, 9, 0, 7, '2021-03-04 19:23:38', '2021-03-04 19:23:38', NULL, NULL),
(311, 41, 190, 1, 8, '2021-03-04 19:25:06', '2021-03-04 19:25:06', NULL, NULL),
(312, 41, 191, 0, 8, '2021-03-04 19:25:06', '2021-03-04 19:25:06', NULL, NULL),
(313, 41, 192, 0, 8, '2021-03-04 19:25:06', '2021-03-04 19:25:06', NULL, NULL),
(314, 42, 67, 1, 3, '2021-03-04 19:26:19', '2021-03-04 19:39:29', '2021-03-04 19:39:29', NULL),
(315, 42, 34, 0, 3, '2021-03-04 19:26:19', '2021-03-04 19:39:29', '2021-03-04 19:39:29', NULL),
(316, 42, 36, 0, 3, '2021-03-04 19:26:19', '2021-03-04 19:39:29', '2021-03-04 19:39:29', NULL),
(317, 42, 67, 1, 4, '2021-03-04 19:29:13', '2021-03-04 19:39:57', '2021-03-04 19:39:57', NULL),
(318, 42, 45, 0, 4, '2021-03-04 19:29:13', '2021-03-04 19:39:57', '2021-03-04 19:39:57', NULL),
(319, 42, 156, 0, 4, '2021-03-04 19:29:13', '2021-03-04 19:39:57', '2021-03-04 19:39:57', NULL),
(320, 42, 67, 1, 5, '2021-03-04 19:34:03', '2021-03-04 19:40:35', '2021-03-04 19:40:35', NULL),
(321, 42, 35, 0, 5, '2021-03-04 19:34:03', '2021-03-04 19:40:35', '2021-03-04 19:40:35', NULL),
(322, 42, 36, 0, 5, '2021-03-04 19:34:04', '2021-03-04 19:40:35', '2021-03-04 19:40:35', NULL),
(323, 42, 67, 1, 6, '2021-03-04 19:36:42', '2021-03-04 19:40:59', '2021-03-04 19:40:59', NULL),
(324, 42, 36, 0, 6, '2021-03-04 19:36:43', '2021-03-04 19:40:59', '2021-03-04 19:40:59', NULL),
(325, 42, 182, 0, 6, '2021-03-04 19:36:43', '2021-03-04 19:40:59', '2021-03-04 19:40:59', NULL),
(326, 42, 67, 1, 3, '2021-03-04 19:50:17', '2021-03-04 19:50:17', NULL, NULL),
(327, 42, 34, 0, 3, '2021-03-04 19:50:18', '2021-03-04 19:50:18', NULL, NULL),
(328, 42, 71, 0, 3, '2021-03-04 19:50:18', '2021-03-04 19:50:18', NULL, NULL),
(329, 43, 31, 1, 1, '2021-03-05 00:22:48', '2021-03-05 00:22:48', NULL, NULL),
(330, 43, 154, 0, 1, '2021-03-05 00:22:48', '2021-03-05 00:22:48', NULL, NULL),
(331, 43, 22, 0, 1, '2021-03-05 00:22:48', '2021-03-05 00:22:48', NULL, NULL),
(332, 43, 154, 1, 2, '2021-03-05 00:27:10', '2021-03-05 00:27:10', NULL, NULL),
(333, 43, 22, 0, 2, '2021-03-05 00:27:10', '2021-03-05 00:27:10', NULL, NULL),
(334, 43, 23, 0, 2, '2021-03-05 00:27:10', '2021-03-05 00:27:10', NULL, NULL),
(335, 43, 194, 1, 3, '2021-03-05 00:36:07', '2021-03-05 00:36:07', NULL, NULL),
(336, 43, 39, 0, 3, '2021-03-05 00:36:07', '2021-03-05 00:36:07', NULL, NULL),
(337, 43, 51, 0, 3, '2021-03-05 00:36:07', '2021-03-05 00:36:07', NULL, NULL),
(338, 43, 154, 1, 4, '2021-03-05 00:39:02', '2021-03-05 00:39:02', NULL, NULL),
(339, 43, 22, 0, 4, '2021-03-05 00:39:02', '2021-03-05 00:39:02', NULL, NULL),
(340, 43, 155, 0, 4, '2021-03-05 00:39:02', '2021-03-05 00:39:02', NULL, NULL),
(341, 43, 23, 1, 5, '2021-03-05 00:41:46', '2021-03-05 00:41:46', NULL, NULL),
(342, 43, 155, 0, 5, '2021-03-05 00:41:46', '2021-03-05 00:41:46', NULL, NULL),
(343, 43, 22, 0, 5, '2021-03-05 00:41:46', '2021-03-05 00:41:46', NULL, NULL),
(344, 43, 23, 1, 6, '2021-03-05 00:43:42', '2021-03-05 00:43:42', NULL, NULL),
(345, 43, 155, 0, 6, '2021-03-05 00:43:42', '2021-03-05 00:43:42', NULL, NULL),
(346, 43, 154, 0, 6, '2021-03-05 00:43:42', '2021-03-05 00:43:42', NULL, NULL),
(347, 43, 53, 1, 7, '2021-03-05 00:52:54', '2021-03-05 00:52:54', NULL, NULL),
(348, 43, 50, 0, 7, '2021-03-05 00:52:54', '2021-03-05 00:52:54', NULL, NULL),
(349, 43, 193, 0, 7, '2021-03-05 00:52:54', '2021-03-05 00:52:54', NULL, NULL),
(350, 43, 195, 1, 8, '2021-03-05 00:59:47', '2021-03-05 00:59:47', NULL, NULL),
(351, 43, 39, 0, 8, '2021-03-05 00:59:47', '2021-03-05 00:59:47', NULL, NULL),
(352, 43, 51, 0, 8, '2021-03-05 00:59:47', '2021-03-05 00:59:47', NULL, NULL),
(353, 43, 23, 1, 9, '2021-03-05 01:01:56', '2021-03-05 01:01:56', NULL, NULL),
(354, 43, 155, 0, 9, '2021-03-05 01:01:57', '2021-03-05 01:01:57', NULL, NULL),
(355, 43, 38, 0, 9, '2021-03-05 01:01:57', '2021-03-05 01:01:57', NULL, NULL),
(356, 43, 193, 1, 10, '2021-03-05 01:07:29', '2021-03-05 01:07:29', NULL, NULL),
(357, 43, 51, 0, 10, '2021-03-05 01:07:29', '2021-03-05 01:07:29', NULL, NULL),
(358, 43, 71, 0, 10, '2021-03-05 01:07:29', '2021-03-05 01:07:29', NULL, NULL),
(359, 43, 50, 1, 11, '2021-03-05 01:09:33', '2021-03-05 01:09:33', NULL, NULL),
(360, 43, 17, 0, 11, '2021-03-05 01:09:33', '2021-03-05 01:09:33', NULL, NULL),
(361, 43, 40, 0, 11, '2021-03-05 01:09:34', '2021-03-05 01:09:34', NULL, NULL),
(362, 43, 23, 1, 12, '2021-03-05 01:11:14', '2021-03-05 01:11:14', NULL, NULL),
(363, 43, 153, 0, 12, '2021-03-05 01:11:14', '2021-03-05 01:11:14', NULL, NULL),
(364, 43, 154, 0, 12, '2021-03-05 01:11:14', '2021-03-05 01:11:14', NULL, NULL),
(365, 43, 23, 1, 13, '2021-03-05 01:13:18', '2021-03-05 01:13:18', NULL, NULL),
(366, 43, 155, 0, 13, '2021-03-05 01:13:19', '2021-03-05 01:13:19', NULL, NULL),
(367, 43, 154, 0, 13, '2021-03-05 01:13:19', '2021-03-05 01:13:19', NULL, NULL),
(368, 43, 23, 1, 14, '2021-03-05 01:14:52', '2021-03-05 01:14:52', NULL, NULL),
(369, 43, 154, 0, 14, '2021-03-05 01:14:52', '2021-03-05 01:14:52', NULL, NULL),
(370, 43, 155, 0, 14, '2021-03-05 01:14:52', '2021-03-05 01:14:52', NULL, NULL),
(371, 43, 50, 1, 15, '2021-03-05 01:17:37', '2021-03-05 01:17:37', NULL, NULL),
(372, 43, 36, 0, 15, '2021-03-05 01:17:37', '2021-03-05 01:17:37', NULL, NULL),
(373, 43, 53, 0, 15, '2021-03-05 01:17:37', '2021-03-05 01:17:37', NULL, NULL),
(374, 43, 53, 1, 16, '2021-03-05 01:19:16', '2021-03-05 01:19:16', NULL, NULL),
(375, 43, 71, 0, 16, '2021-03-05 01:19:16', '2021-03-05 01:19:16', NULL, NULL),
(376, 43, 34, 0, 16, '2021-03-05 01:19:17', '2021-03-05 01:19:17', NULL, NULL),
(377, 43, 193, 1, 17, '2021-03-05 01:22:32', '2021-03-05 01:22:32', NULL, NULL),
(378, 43, 31, 0, 17, '2021-03-05 01:22:32', '2021-03-05 01:22:32', NULL, NULL),
(379, 43, 64, 0, 17, '2021-03-05 01:22:32', '2021-03-05 01:22:32', NULL, NULL),
(380, 44, 196, 1, 1, '2021-03-05 03:46:46', '2021-03-05 03:46:46', NULL, NULL),
(381, 44, 197, 0, 1, '2021-03-05 03:46:46', '2021-03-05 03:46:46', NULL, NULL),
(382, 44, 55, 0, 1, '2021-03-05 03:46:46', '2021-03-05 03:46:46', NULL, NULL),
(383, 44, 198, 1, 2, '2021-03-05 04:49:02', '2021-03-05 04:49:02', NULL, NULL),
(384, 44, 68, 0, 2, '2021-03-05 04:49:02', '2021-03-05 04:49:02', NULL, NULL),
(385, 44, 69, 0, 2, '2021-03-05 04:49:02', '2021-03-05 04:49:02', NULL, NULL),
(386, 45, 201, 1, 1, '2021-03-08 01:51:13', '2021-03-08 01:51:13', NULL, NULL),
(387, 45, 202, 0, 1, '2021-03-08 01:51:13', '2021-03-08 01:51:13', NULL, NULL),
(388, 45, 203, 0, 1, '2021-03-08 01:51:13', '2021-03-08 01:51:13', NULL, NULL),
(389, 46, 204, 1, 1, '2021-03-09 18:04:12', '2021-03-09 18:04:12', NULL, NULL),
(390, 46, 73, 0, 1, '2021-03-09 18:04:12', '2021-03-09 18:04:12', NULL, NULL),
(391, 46, 134, 0, 1, '2021-03-09 18:04:12', '2021-03-09 18:04:12', NULL, NULL),
(392, 47, 124, 1, 1, '2021-03-09 23:55:17', '2021-03-09 23:55:17', NULL, NULL),
(393, 47, 36, 0, 1, '2021-03-09 23:55:18', '2021-03-09 23:55:18', NULL, NULL),
(394, 47, 71, 0, 1, '2021-03-09 23:55:18', '2021-03-09 23:55:18', NULL, NULL),
(395, 47, 205, 1, 2, '2021-03-10 00:11:23', '2021-03-10 00:11:23', NULL, NULL),
(396, 47, 124, 0, 2, '2021-03-10 00:11:23', '2021-03-10 00:11:23', NULL, NULL),
(397, 47, 206, 0, 2, '2021-03-10 00:11:23', '2021-03-10 00:11:23', NULL, NULL),
(398, 47, 124, 1, 3, '2021-03-10 00:13:54', '2021-03-10 00:13:54', NULL, NULL),
(399, 47, 36, 0, 3, '2021-03-10 00:13:54', '2021-03-10 00:13:54', NULL, NULL),
(400, 47, 205, 0, 3, '2021-03-10 00:13:55', '2021-03-10 00:13:55', NULL, NULL),
(401, 47, 206, 1, 4, '2021-03-10 00:16:55', '2021-03-10 00:16:55', NULL, NULL),
(402, 47, 124, 0, 4, '2021-03-10 00:16:55', '2021-03-10 00:16:55', NULL, NULL),
(403, 47, 71, 0, 4, '2021-03-10 00:16:55', '2021-03-10 00:16:55', NULL, NULL),
(404, 47, 206, 1, 5, '2021-03-10 00:20:38', '2021-03-10 00:20:38', NULL, NULL),
(405, 47, 124, 0, 5, '2021-03-10 00:20:38', '2021-03-10 00:20:38', NULL, NULL),
(406, 47, 145, 0, 5, '2021-03-10 00:20:38', '2021-03-10 00:20:38', NULL, NULL),
(407, 47, 206, 1, 6, '2021-03-10 00:22:52', '2021-03-10 00:22:52', NULL, NULL),
(408, 47, 145, 0, 6, '2021-03-10 00:22:52', '2021-03-10 00:22:52', NULL, NULL),
(409, 47, 45, 0, 6, '2021-03-10 00:22:52', '2021-03-10 00:22:52', NULL, NULL),
(410, 48, 207, 1, 1, '2021-03-10 18:47:24', '2021-03-10 18:47:24', NULL, NULL),
(411, 48, 208, 0, 1, '2021-03-10 18:47:24', '2021-03-10 18:47:24', NULL, NULL),
(412, 48, 209, 0, 1, '2021-03-10 18:47:24', '2021-03-10 18:47:24', NULL, NULL),
(413, 50, 34, 1, 1, '2021-03-11 23:20:57', '2021-03-11 23:20:57', NULL, NULL),
(414, 50, 4, 0, 1, '2021-03-11 23:20:57', '2021-03-11 23:20:57', NULL, NULL),
(415, 50, 10, 0, 1, '2021-03-11 23:20:57', '2021-03-11 23:20:57', NULL, NULL),
(416, 50, 112, 1, 2, '2021-03-11 23:23:36', '2021-03-11 23:23:36', NULL, NULL),
(417, 50, 45, 0, 2, '2021-03-11 23:23:36', '2021-03-11 23:23:36', NULL, NULL),
(418, 50, 115, 0, 2, '2021-03-11 23:23:36', '2021-03-11 23:23:36', NULL, NULL),
(419, 52, 76, 1, 1, '2021-03-14 18:06:16', '2021-03-14 18:06:16', NULL, NULL),
(420, 52, 13, 0, 1, '2021-03-14 18:06:16', '2021-03-14 18:06:16', NULL, NULL),
(421, 52, 73, 0, 1, '2021-03-14 18:06:17', '2021-03-14 18:06:17', NULL, NULL),
(422, 53, 76, 1, 1, '2021-03-14 21:30:55', '2021-03-14 21:30:55', NULL, NULL),
(423, 53, 13, 0, 1, '2021-03-14 21:30:55', '2021-03-14 21:30:55', NULL, NULL),
(424, 53, 73, 0, 1, '2021-03-14 21:30:55', '2021-03-14 21:30:55', NULL, NULL),
(425, 54, 10, 1, 1, '2021-03-14 23:58:53', '2021-03-14 23:58:53', NULL, NULL),
(426, 54, 13, 0, 1, '2021-03-14 23:58:53', '2021-03-14 23:58:53', NULL, NULL),
(427, 54, 59, 0, 1, '2021-03-14 23:58:53', '2021-03-14 23:58:53', NULL, NULL),
(428, 54, 102, 1, 2, '2021-03-15 00:04:14', '2021-03-15 00:04:14', NULL, NULL),
(429, 54, 13, 0, 2, '2021-03-15 00:04:15', '2021-03-15 00:04:15', NULL, NULL),
(430, 54, 45, 0, 2, '2021-03-15 00:04:15', '2021-03-15 00:04:15', NULL, NULL),
(431, 51, 196, 1, 1, '2021-03-15 19:44:54', '2021-03-15 19:44:54', NULL, NULL),
(432, 51, 54, 0, 1, '2021-03-15 19:44:54', '2021-03-15 19:44:54', NULL, NULL),
(433, 51, 56, 0, 1, '2021-03-15 19:44:54', '2021-03-15 19:44:54', NULL, NULL),
(434, 51, 50, 1, 2, '2021-03-15 20:16:19', '2021-03-15 20:16:19', NULL, NULL),
(435, 51, 214, 0, 2, '2021-03-15 20:16:19', '2021-03-15 20:16:19', NULL, NULL),
(436, 51, 215, 0, 2, '2021-03-15 20:16:19', '2021-03-15 20:16:19', NULL, NULL),
(437, 51, 200, 1, 3, '2021-03-16 01:19:04', '2021-03-16 01:19:04', NULL, NULL),
(438, 51, 66, 0, 3, '2021-03-16 01:19:04', '2021-03-16 01:19:04', NULL, NULL),
(439, 51, 68, 0, 3, '2021-03-16 01:19:04', '2021-03-16 01:19:04', NULL, NULL),
(440, 51, 153, 1, 4, '2021-03-16 01:47:55', '2021-03-16 01:47:55', NULL, NULL),
(441, 51, 51, 0, 4, '2021-03-16 01:47:55', '2021-03-16 01:47:55', NULL, NULL),
(442, 51, 50, 0, 4, '2021-03-16 01:47:55', '2021-03-16 01:47:55', NULL, NULL),
(443, 51, 23, 1, 5, '2021-03-16 02:08:12', '2021-03-16 02:08:12', NULL, NULL),
(444, 51, 22, 0, 5, '2021-03-16 02:08:12', '2021-03-16 02:08:12', NULL, NULL),
(445, 51, 44, 0, 5, '2021-03-16 02:08:12', '2021-03-16 02:08:12', NULL, NULL),
(446, 51, 23, 1, 6, '2021-03-16 02:13:02', '2021-03-16 02:13:02', NULL, NULL),
(447, 51, 51, 0, 6, '2021-03-16 02:13:02', '2021-03-16 02:13:02', NULL, NULL),
(448, 51, 43, 0, 6, '2021-03-16 02:13:02', '2021-03-16 02:13:02', NULL, NULL),
(449, 55, 4, 1, 1, '2021-03-16 18:27:44', '2021-03-16 18:27:44', NULL, NULL),
(450, 55, 60, 0, 1, '2021-03-16 18:27:44', '2021-03-16 18:27:44', NULL, NULL),
(451, 55, 76, 0, 1, '2021-03-16 18:27:45', '2021-03-16 18:27:45', NULL, NULL),
(452, 56, 88, 1, 1, '2021-03-16 22:00:01', '2021-03-16 22:00:01', NULL, NULL),
(453, 56, 78, 0, 1, '2021-03-16 22:00:01', '2021-03-16 22:00:01', NULL, NULL),
(454, 56, 202, 0, 1, '2021-03-16 22:00:01', '2021-03-16 22:00:01', NULL, NULL),
(455, 51, 216, 1, 7, '2021-03-17 00:17:31', '2021-03-17 00:17:31', NULL, NULL),
(456, 51, 217, 0, 7, '2021-03-17 00:17:31', '2021-03-17 00:17:31', NULL, NULL),
(457, 51, 218, 0, 7, '2021-03-17 00:17:31', '2021-03-17 00:17:31', NULL, NULL),
(458, 51, 212, 1, 8, '2021-03-17 00:53:17', '2021-03-17 00:53:17', NULL, NULL),
(459, 51, 219, 0, 8, '2021-03-17 00:53:18', '2021-03-17 00:53:18', NULL, NULL),
(460, 51, 220, 0, 8, '2021-03-17 00:53:18', '2021-03-17 00:53:18', NULL, NULL),
(461, 51, 213, 1, 9, '2021-03-17 01:19:02', '2021-03-17 01:19:02', NULL, NULL),
(462, 51, 221, 0, 9, '2021-03-17 01:19:02', '2021-03-17 01:19:02', NULL, NULL),
(463, 51, 222, 0, 9, '2021-03-17 01:19:02', '2021-03-17 01:19:02', NULL, NULL),
(464, 51, 196, 1, 10, '2021-03-17 01:31:08', '2021-03-17 01:31:08', NULL, NULL),
(465, 51, 211, 0, 10, '2021-03-17 01:31:08', '2021-03-17 01:31:08', NULL, NULL),
(466, 51, 35, 0, 10, '2021-03-17 01:31:08', '2021-03-17 01:31:08', NULL, NULL),
(467, 51, 156, 1, 11, '2021-03-17 01:44:19', '2021-03-17 01:44:19', NULL, NULL),
(468, 51, 159, 0, 11, '2021-03-17 01:44:19', '2021-03-17 01:44:19', NULL, NULL),
(469, 51, 34, 0, 11, '2021-03-17 01:44:19', '2021-03-17 01:44:19', NULL, NULL),
(470, 51, 153, 1, 12, '2021-03-17 19:19:27', '2021-03-17 19:19:27', NULL, NULL),
(471, 51, 220, 0, 12, '2021-03-17 19:19:27', '2021-03-17 19:19:27', NULL, NULL),
(472, 51, 47, 0, 12, '2021-03-17 19:19:27', '2021-03-17 19:19:27', NULL, NULL),
(473, 57, 7, 1, 1, '2021-03-18 21:56:38', '2021-03-18 21:56:38', NULL, NULL),
(474, 57, 8, 0, 1, '2021-03-18 21:56:38', '2021-03-18 21:56:38', NULL, NULL),
(475, 57, 9, 0, 1, '2021-03-18 21:56:38', '2021-03-18 21:56:38', NULL, NULL),
(476, 58, 223, 1, 1, '2021-03-18 22:32:56', '2021-03-18 22:32:56', NULL, NULL),
(477, 58, 115, 0, 1, '2021-03-18 22:32:56', '2021-03-18 22:32:56', NULL, NULL),
(478, 58, 73, 0, 1, '2021-03-18 22:32:56', '2021-03-18 22:32:56', NULL, NULL),
(479, 58, 224, 1, 2, '2021-03-18 22:38:12', '2021-03-18 22:38:12', NULL, NULL),
(480, 58, 4, 0, 2, '2021-03-18 22:38:12', '2021-03-18 22:38:12', NULL, NULL),
(481, 58, 105, 0, 2, '2021-03-18 22:38:12', '2021-03-18 22:38:12', NULL, NULL),
(482, 60, 131, 1, 1, '2021-03-21 19:56:27', '2021-03-21 19:56:27', NULL, NULL),
(483, 60, 8, 0, 1, '2021-03-21 19:56:27', '2021-03-21 19:56:27', NULL, NULL),
(484, 60, 9, 0, 1, '2021-03-21 19:56:27', '2021-03-21 19:56:27', NULL, NULL),
(485, 61, 225, 1, 1, '2021-03-21 22:17:11', '2021-03-21 22:17:11', NULL, NULL),
(486, 61, 4, 0, 1, '2021-03-21 22:17:11', '2021-03-21 22:17:11', NULL, NULL),
(487, 61, 60, 0, 1, '2021-03-21 22:17:11', '2021-03-21 22:17:11', NULL, NULL),
(488, 59, 227, 1, 1, '2021-03-21 22:46:32', '2021-03-21 22:46:32', NULL, NULL),
(489, 59, 83, 0, 1, '2021-03-21 22:46:32', '2021-03-21 22:46:32', NULL, NULL),
(490, 59, 81, 0, 1, '2021-03-21 22:46:32', '2021-03-21 22:46:32', NULL, NULL),
(491, 59, 226, 1, 2, '2021-03-21 22:49:35', '2021-03-21 22:49:35', NULL, NULL),
(492, 59, 81, 0, 2, '2021-03-21 22:49:35', '2021-03-21 22:49:35', NULL, NULL),
(493, 59, 78, 0, 2, '2021-03-21 22:49:35', '2021-03-21 22:49:35', NULL, NULL),
(494, 59, 228, 1, 3, '2021-03-21 22:53:14', '2021-03-21 22:53:14', NULL, NULL),
(495, 59, 83, 0, 3, '2021-03-21 22:53:14', '2021-03-21 22:53:14', NULL, NULL),
(496, 59, 81, 0, 3, '2021-03-21 22:53:14', '2021-03-21 22:53:14', NULL, NULL),
(497, 59, 227, 1, 4, '2021-03-21 23:15:23', '2021-03-21 23:15:23', NULL, NULL),
(498, 59, 83, 0, 4, '2021-03-21 23:15:23', '2021-03-21 23:15:23', NULL, NULL),
(499, 59, 81, 0, 4, '2021-03-21 23:15:24', '2021-03-21 23:15:24', NULL, NULL),
(500, 59, 226, 1, 5, '2021-03-21 23:26:24', '2021-03-21 23:26:24', NULL, NULL),
(501, 59, 227, 0, 5, '2021-03-21 23:26:24', '2021-03-21 23:26:24', NULL, NULL),
(502, 59, 83, 0, 5, '2021-03-21 23:26:25', '2021-03-21 23:26:25', NULL, NULL),
(503, 62, 229, 1, 1, '2021-03-23 16:58:14', '2021-03-23 16:58:14', NULL, NULL),
(504, 62, 13, 0, 1, '2021-03-23 16:58:14', '2021-03-23 16:58:14', NULL, NULL),
(505, 62, 4, 0, 1, '2021-03-23 16:58:14', '2021-03-23 16:58:14', NULL, NULL),
(506, 62, 229, 1, 2, '2021-03-23 17:04:23', '2021-03-23 17:04:23', NULL, NULL),
(507, 62, 13, 0, 2, '2021-03-23 17:04:23', '2021-03-23 17:04:23', NULL, NULL),
(508, 62, 4, 0, 2, '2021-03-23 17:04:23', '2021-03-23 17:04:23', NULL, NULL),
(509, 62, 229, 1, 3, '2021-03-23 17:14:16', '2021-03-23 17:14:16', NULL, NULL),
(510, 62, 13, 0, 3, '2021-03-23 17:14:17', '2021-03-23 17:14:17', NULL, NULL),
(511, 62, 4, 0, 3, '2021-03-23 17:14:17', '2021-03-23 17:14:17', NULL, NULL),
(512, 62, 229, 1, 4, '2021-03-23 17:22:08', '2021-03-23 17:22:08', NULL, NULL),
(513, 62, 13, 0, 4, '2021-03-23 17:22:08', '2021-03-23 17:22:08', NULL, NULL),
(514, 62, 4, 0, 4, '2021-03-23 17:22:08', '2021-03-23 17:22:08', NULL, NULL),
(515, 62, 229, 1, 5, '2021-03-23 22:24:05', '2021-03-23 22:24:05', NULL, NULL),
(516, 62, 13, 0, 5, '2021-03-23 22:24:05', '2021-03-23 22:24:05', NULL, NULL),
(517, 62, 4, 0, 5, '2021-03-23 22:24:05', '2021-03-23 22:24:05', NULL, NULL),
(518, 62, 229, 1, 6, '2021-03-23 22:26:52', '2021-03-23 22:26:52', NULL, NULL),
(519, 62, 13, 0, 6, '2021-03-23 22:26:52', '2021-03-23 22:26:52', NULL, NULL),
(520, 62, 4, 0, 6, '2021-03-23 22:26:52', '2021-03-23 22:26:52', NULL, NULL),
(521, 62, 229, 1, 7, '2021-03-23 22:38:10', '2021-03-23 22:38:10', NULL, NULL),
(522, 62, 13, 0, 7, '2021-03-23 22:38:11', '2021-03-23 22:38:11', NULL, NULL),
(523, 62, 4, 0, 7, '2021-03-23 22:38:11', '2021-03-23 22:38:11', NULL, NULL),
(524, 63, 28, 1, 1, '2021-03-24 00:03:30', '2021-03-24 00:03:30', NULL, NULL),
(525, 63, 29, 0, 1, '2021-03-24 00:03:31', '2021-03-24 00:03:31', NULL, NULL),
(526, 63, 77, 0, 1, '2021-03-24 00:03:31', '2021-03-24 00:03:31', NULL, NULL),
(527, 63, 28, 1, 2, '2021-03-24 00:04:32', '2021-03-24 00:04:32', NULL, NULL),
(528, 63, 29, 0, 2, '2021-03-24 00:04:33', '2021-03-24 00:04:33', NULL, NULL),
(529, 63, 77, 0, 2, '2021-03-24 00:04:33', '2021-03-24 00:04:33', NULL, NULL);

-- --------------------------------------------------------

--
-- Table structure for table `canvass_items`
--

CREATE TABLE `canvass_items` (
  `id` bigint(20) UNSIGNED NOT NULL,
  `canvass_id` bigint(20) UNSIGNED NOT NULL,
  `pr_item_id` bigint(20) UNSIGNED NOT NULL,
  `available_quantity` decimal(14,3) NOT NULL,
  `unit_price` decimal(14,2) NOT NULL,
  `deleted_at` timestamp NULL DEFAULT NULL,
  `created_at` timestamp NULL DEFAULT NULL,
  `updated_at` timestamp NULL DEFAULT NULL,
  `created_by` bigint(20) UNSIGNED DEFAULT NULL
) ENGINE=InnoDB DEFAULT CHARSET=utf8mb4 COLLATE=utf8mb4_unicode_ci;

--
-- Dumping data for table `canvass_items`
--

INSERT INTO `canvass_items` (`id`, `canvass_id`, `pr_item_id`, `available_quantity`, `unit_price`, `deleted_at`, `created_at`, `updated_at`, `created_by`) VALUES
(1, 1, 1, '4.000', '2500.00', NULL, '2020-03-20 07:57:54', '2020-03-20 07:57:54', NULL),
(2, 2, 1, '4.000', '2800.00', NULL, '2020-03-20 07:57:54', '2020-03-20 07:57:54', NULL),
(3, 3, 1, '4.000', '2700.00', NULL, '2020-03-20 07:57:54', '2020-03-20 07:57:54', NULL),
(4, 4, 4, '1.000', '1000.00', NULL, '2020-05-14 03:43:28', '2020-05-14 03:43:28', NULL),
(5, 4, 5, '1.000', '300.00', NULL, '2020-05-14 03:43:28', '2020-05-14 03:43:28', NULL),
(6, 4, 11, '1.000', '190.00', NULL, '2020-05-14 03:43:28', '2020-05-14 03:43:28', NULL),
(7, 5, 4, '1.000', '2000.00', NULL, '2020-05-14 03:43:28', '2020-05-14 03:43:28', NULL),
(8, 5, 5, '1.000', '450.00', NULL, '2020-05-14 03:43:28', '2020-05-14 03:43:28', NULL),
(9, 5, 11, '1.000', '0.00', NULL, '2020-05-14 03:43:28', '2020-05-14 03:43:28', NULL),
(10, 6, 4, '1.000', '1000.00', NULL, '2020-05-14 03:43:28', '2020-05-14 03:43:28', NULL),
(11, 6, 5, '1.000', '620.00', NULL, '2020-05-14 03:43:28', '2020-05-14 03:43:28', NULL),
(12, 6, 11, '1.000', '0.00', NULL, '2020-05-14 03:43:28', '2020-05-14 03:43:28', NULL),
(13, 7, 6, '1.000', '900.00', NULL, '2020-05-14 03:46:45', '2020-05-14 03:46:45', NULL),
(14, 7, 7, '1.000', '1500.00', NULL, '2020-05-14 03:46:45', '2020-05-14 03:46:45', NULL),
(15, 8, 6, '1.000', '1000.00', NULL, '2020-05-14 03:46:45', '2020-05-14 03:46:45', NULL),
(16, 8, 7, '1.000', '2000.00', NULL, '2020-05-14 03:46:45', '2020-05-14 03:46:45', NULL),
(17, 9, 6, '1.000', '1500.00', NULL, '2020-05-14 03:46:45', '2020-05-14 03:46:45', NULL),
(18, 9, 7, '1.000', '2500.00', NULL, '2020-05-14 03:46:45', '2020-05-14 03:46:45', NULL),
(19, 10, 13, '2.000', '66.00', NULL, '2020-05-14 07:53:10', '2020-05-14 07:53:10', NULL),
(20, 11, 13, '2.000', '70.00', NULL, '2020-05-14 07:53:10', '2020-05-14 07:53:10', NULL),
(21, 12, 13, '2.000', '90.00', NULL, '2020-05-14 07:53:10', '2020-05-14 07:53:10', NULL),
(22, 13, 17, '1.000', '10990.00', NULL, '2020-05-14 07:53:54', '2020-05-14 07:53:54', NULL),
(23, 14, 17, '1.000', '11200.00', NULL, '2020-05-14 07:53:54', '2020-05-14 07:53:54', NULL),
(24, 15, 17, '1.000', '12000.00', NULL, '2020-05-14 07:53:54', '2020-05-14 07:53:54', NULL),
(25, 16, 14, '6.000', '88.00', NULL, '2020-05-14 07:56:13', '2020-05-14 07:56:13', NULL),
(26, 16, 15, '3.000', '235.00', NULL, '2020-05-14 07:56:13', '2020-05-14 07:56:13', NULL),
(27, 17, 14, '6.000', '99.00', NULL, '2020-05-14 07:56:13', '2020-05-14 07:56:13', NULL),
(28, 17, 15, '3.000', '245.00', NULL, '2020-05-14 07:56:13', '2020-05-14 07:56:13', NULL),
(29, 18, 14, '0.000', '0.00', NULL, '2020-05-14 07:56:13', '2020-05-14 07:56:13', NULL),
(30, 18, 15, '0.000', '0.00', NULL, '2020-05-14 07:56:13', '2020-05-14 07:56:13', NULL),
(31, 19, 16, '1.000', '150.00', NULL, '2020-05-14 07:57:40', '2020-05-14 07:57:40', NULL),
(32, 20, 16, '1.000', '175.00', NULL, '2020-05-14 07:57:40', '2020-05-14 07:57:40', NULL),
(33, 21, 16, '1.000', '180.00', NULL, '2020-05-14 07:57:40', '2020-05-14 07:57:40', NULL),
(34, 22, 20, '2.000', '7500.00', NULL, '2020-09-04 08:55:41', '2020-09-04 08:55:41', NULL),
(35, 23, 20, '2.000', '7600.00', NULL, '2020-09-04 08:55:41', '2020-09-04 08:55:41', NULL),
(36, 24, 20, '2.000', '7800.00', NULL, '2020-09-04 08:55:41', '2020-09-04 08:55:41', NULL),
(37, 25, 36, '1.000', '30000.00', NULL, '2020-11-04 19:28:09', '2020-11-04 19:28:09', NULL),
(38, 26, 36, '1.000', '37000.00', NULL, '2020-11-04 19:28:09', '2020-11-04 19:28:09', NULL),
(39, 27, 36, '1.000', '40000.00', NULL, '2020-11-04 19:28:09', '2020-11-04 19:28:09', NULL),
(40, 28, 38, '132.000', '1.00', '2021-01-06 20:07:34', '2021-01-06 20:00:03', '2021-01-06 20:07:34', NULL),
(41, 28, 39, '940.000', '1.50', '2021-01-06 20:07:34', '2021-01-06 20:00:03', '2021-01-06 20:07:34', NULL),
(42, 28, 40, '5.000', '28.00', '2021-01-06 20:07:34', '2021-01-06 20:00:03', '2021-01-06 20:07:34', NULL),
(43, 29, 38, '132.000', '2.00', '2021-01-06 20:07:34', '2021-01-06 20:00:03', '2021-01-06 20:07:34', NULL),
(44, 29, 39, '940.000', '2.50', '2021-01-06 20:07:34', '2021-01-06 20:00:03', '2021-01-06 20:07:34', NULL),
(45, 29, 40, '5.000', '30.00', '2021-01-06 20:07:34', '2021-01-06 20:00:03', '2021-01-06 20:07:34', NULL),
(46, 30, 38, '132.000', '2.50', '2021-01-06 20:07:34', '2021-01-06 20:00:03', '2021-01-06 20:07:34', NULL),
(47, 30, 39, '940.000', '3.00', '2021-01-06 20:07:34', '2021-01-06 20:00:03', '2021-01-06 20:07:34', NULL),
(48, 30, 40, '5.000', '35.00', '2021-01-06 20:07:34', '2021-01-06 20:00:03', '2021-01-06 20:07:34', NULL),
(49, 31, 38, '132.000', '1.00', NULL, '2021-01-06 20:09:29', '2021-01-06 20:09:29', NULL),
(50, 32, 38, '132.000', '1.75', NULL, '2021-01-06 20:09:29', '2021-01-06 20:09:29', NULL),
(51, 33, 38, '132.000', '2.00', NULL, '2021-01-06 20:09:29', '2021-01-06 20:09:29', NULL),
(52, 34, 39, '940.000', '1.50', NULL, '2021-01-06 20:13:03', '2021-01-06 20:13:03', NULL),
(53, 35, 39, '940.000', '2.00', NULL, '2021-01-06 20:13:03', '2021-01-06 20:13:03', NULL),
(54, 36, 39, '940.000', '2.50', NULL, '2021-01-06 20:13:03', '2021-01-06 20:13:03', NULL),
(55, 37, 40, '5.000', '28.00', NULL, '2021-01-06 20:14:14', '2021-01-06 20:14:14', NULL),
(56, 38, 40, '5.000', '30.00', NULL, '2021-01-06 20:14:14', '2021-01-06 20:14:14', NULL),
(57, 39, 40, '5.000', '35.00', NULL, '2021-01-06 20:14:14', '2021-01-06 20:14:14', NULL),
(58, 40, 41, '1.000', '0.00', NULL, '2021-01-08 00:46:02', '2021-01-08 00:46:02', NULL),
(59, 41, 41, '1.000', '0.00', NULL, '2021-01-08 00:46:02', '2021-01-08 00:46:02', NULL),
(60, 42, 41, '1.000', '0.00', NULL, '2021-01-08 00:46:02', '2021-01-08 00:46:02', NULL),
(61, 43, 47, '120.000', '18.20', NULL, '2021-01-07 21:46:23', '2021-01-07 21:46:23', NULL),
(62, 44, 47, '120.000', '0.00', NULL, '2021-01-07 21:46:23', '2021-01-07 21:46:23', NULL),
(63, 45, 47, '120.000', '0.00', NULL, '2021-01-07 21:46:23', '2021-01-07 21:46:23', NULL),
(64, 46, 42, '300.000', '3.35', NULL, '2021-01-07 21:51:56', '2021-01-07 21:51:56', NULL),
(65, 46, 43, '300.000', '2.75', NULL, '2021-01-07 21:51:56', '2021-01-07 21:51:56', NULL),
(66, 46, 44, '300.000', '2.00', NULL, '2021-01-07 21:51:56', '2021-01-07 21:51:56', NULL),
(67, 46, 45, '300.000', '4.00', NULL, '2021-01-07 21:51:56', '2021-01-07 21:51:56', NULL),
(68, 46, 46, '30.000', '18.00', NULL, '2021-01-07 21:51:56', '2021-01-07 21:51:56', NULL),
(69, 47, 42, '300.000', '0.00', NULL, '2021-01-07 21:51:56', '2021-01-07 21:51:56', NULL),
(70, 47, 43, '300.000', '0.00', NULL, '2021-01-07 21:51:56', '2021-01-07 21:51:56', NULL),
(71, 47, 44, '300.000', '0.00', NULL, '2021-01-07 21:51:56', '2021-01-07 21:51:56', NULL),
(72, 47, 45, '300.000', '0.00', NULL, '2021-01-07 21:51:56', '2021-01-07 21:51:56', NULL),
(73, 47, 46, '30.000', '0.00', NULL, '2021-01-07 21:51:56', '2021-01-07 21:51:56', NULL),
(74, 48, 42, '300.000', '0.00', NULL, '2021-01-07 21:51:56', '2021-01-07 21:51:56', NULL),
(75, 48, 43, '300.000', '0.00', NULL, '2021-01-07 21:51:56', '2021-01-07 21:51:56', NULL),
(76, 48, 44, '300.000', '0.00', NULL, '2021-01-07 21:51:56', '2021-01-07 21:51:56', NULL),
(77, 48, 45, '300.000', '0.00', NULL, '2021-01-07 21:51:56', '2021-01-07 21:51:56', NULL),
(78, 48, 46, '30.000', '0.00', NULL, '2021-01-07 21:51:56', '2021-01-07 21:51:56', NULL),
(79, 49, 48, '1.000', '2000.00', '2021-01-22 00:12:50', '2021-01-10 17:24:14', '2021-01-22 00:12:50', NULL),
(80, 50, 48, '1.000', '2500.00', '2021-01-22 00:12:50', '2021-01-10 17:24:14', '2021-01-22 00:12:50', NULL),
(81, 51, 48, '1.000', '2100.00', '2021-01-22 00:12:50', '2021-01-10 17:24:14', '2021-01-22 00:12:50', NULL),
(82, 52, 55, '0.000', '800.00', '2021-01-26 00:49:38', '2021-01-13 23:50:46', '2021-01-26 00:49:38', NULL),
(83, 53, 55, '0.000', '850.00', '2021-01-26 00:49:38', '2021-01-13 23:50:46', '2021-01-26 00:49:38', NULL),
(84, 54, 55, '0.000', '895.00', '2021-01-26 00:49:38', '2021-01-13 23:50:46', '2021-01-26 00:49:38', NULL),
(85, 68, 56, '1.000', '152.75', NULL, '2021-01-13 23:31:27', '2021-01-13 23:31:27', NULL),
(86, 68, 57, '2.000', '44.75', NULL, '2021-01-13 23:31:27', '2021-01-13 23:31:27', NULL),
(87, 69, 56, '1.000', '154.00', NULL, '2021-01-13 23:31:27', '2021-01-13 23:31:27', NULL),
(88, 69, 57, '2.000', '46.50', NULL, '2021-01-13 23:31:27', '2021-01-13 23:31:27', NULL),
(89, 70, 56, '1.000', '156.00', NULL, '2021-01-13 23:31:27', '2021-01-13 23:31:27', NULL),
(90, 70, 57, '2.000', '50.00', NULL, '2021-01-13 23:31:28', '2021-01-13 23:31:28', NULL),
(91, 71, 55, '1.000', '800.00', NULL, '2021-01-13 23:54:12', '2021-01-13 23:54:12', NULL),
(92, 72, 55, '1.000', '890.00', NULL, '2021-01-13 23:54:12', '2021-01-13 23:54:12', NULL),
(93, 73, 55, '1.000', '950.00', NULL, '2021-01-13 23:54:12', '2021-01-13 23:54:12', NULL),
(94, 74, 58, '500.000', '1.00', NULL, '2021-01-13 23:56:06', '2021-01-13 23:56:06', NULL),
(95, 75, 58, '670.000', '1.00', NULL, '2021-01-13 23:56:06', '2021-01-13 23:56:06', NULL),
(96, 76, 58, '1005.000', '1.00', NULL, '2021-01-13 23:56:06', '2021-01-13 23:56:06', NULL),
(97, 77, 108, '1.000', '5500.00', '2021-01-21 22:42:29', '2021-01-14 16:57:49', '2021-01-21 22:42:29', NULL),
(98, 78, 108, '1.000', '5530.00', '2021-01-21 22:42:29', '2021-01-14 16:57:49', '2021-01-21 22:42:29', NULL),
(99, 79, 108, '1.000', '5600.00', '2021-01-21 22:42:29', '2021-01-14 16:57:49', '2021-01-21 22:42:29', NULL),
(100, 80, 109, '5.000', '668.00', '2021-01-21 22:42:46', '2021-01-14 17:10:31', '2021-01-21 22:42:46', NULL),
(101, 80, 110, '5.000', '36.00', '2021-01-21 22:42:46', '2021-01-14 17:10:31', '2021-01-21 22:42:46', NULL),
(102, 80, 111, '3.000', '36.00', '2021-01-21 22:42:46', '2021-01-14 17:10:31', '2021-01-21 22:42:46', NULL),
(103, 80, 112, '3.000', '42.00', '2021-01-21 22:42:46', '2021-01-14 17:10:31', '2021-01-21 22:42:46', NULL),
(104, 80, 113, '1.000', '28.00', '2021-01-21 22:42:46', '2021-01-14 17:10:32', '2021-01-21 22:42:46', NULL),
(105, 80, 114, '1.000', '90.00', '2021-01-21 22:42:46', '2021-01-14 17:10:32', '2021-01-21 22:42:46', NULL),
(106, 80, 115, '10.000', '32.75', '2021-01-21 22:42:46', '2021-01-14 17:10:32', '2021-01-21 22:42:46', NULL),
(107, 80, 116, '30.000', '4.50', '2021-01-21 22:42:46', '2021-01-14 17:10:32', '2021-01-21 22:42:46', NULL),
(108, 80, 117, '100.000', '5.00', '2021-01-21 22:42:46', '2021-01-14 17:10:32', '2021-01-21 22:42:46', NULL),
(109, 80, 118, '2.000', '126.00', '2021-01-21 22:42:46', '2021-01-14 17:10:32', '2021-01-21 22:42:46', NULL),
(110, 80, 119, '2.000', '124.00', '2021-01-21 22:42:46', '2021-01-14 17:10:32', '2021-01-21 22:42:46', NULL),
(111, 80, 120, '1.000', '90.00', '2021-01-21 22:42:46', '2021-01-14 17:10:32', '2021-01-21 22:42:46', NULL),
(112, 81, 109, '5.000', '678.00', '2021-01-21 22:42:46', '2021-01-14 17:10:32', '2021-01-21 22:42:46', NULL),
(113, 81, 110, '5.000', '37.00', '2021-01-21 22:42:46', '2021-01-14 17:10:32', '2021-01-21 22:42:46', NULL),
(114, 81, 111, '3.000', '39.00', '2021-01-21 22:42:46', '2021-01-14 17:10:32', '2021-01-21 22:42:46', NULL),
(115, 81, 112, '3.000', '43.00', '2021-01-21 22:42:46', '2021-01-14 17:10:32', '2021-01-21 22:42:46', NULL),
(116, 81, 113, '1.000', '30.00', '2021-01-21 22:42:46', '2021-01-14 17:10:32', '2021-01-21 22:42:46', NULL),
(117, 81, 114, '1.000', '95.00', '2021-01-21 22:42:46', '2021-01-14 17:10:32', '2021-01-21 22:42:46', NULL),
(118, 81, 115, '10.000', '33.50', '2021-01-21 22:42:46', '2021-01-14 17:10:32', '2021-01-21 22:42:46', NULL),
(119, 81, 116, '30.000', '5.00', '2021-01-21 22:42:46', '2021-01-14 17:10:32', '2021-01-21 22:42:46', NULL),
(120, 81, 117, '100.000', '6.00', '2021-01-21 22:42:46', '2021-01-14 17:10:32', '2021-01-21 22:42:46', NULL),
(121, 81, 118, '2.000', '129.00', '2021-01-21 22:42:46', '2021-01-14 17:10:32', '2021-01-21 22:42:46', NULL),
(122, 81, 119, '2.000', '135.00', '2021-01-21 22:42:46', '2021-01-14 17:10:32', '2021-01-21 22:42:46', NULL),
(123, 81, 120, '1.000', '93.00', '2021-01-21 22:42:46', '2021-01-14 17:10:32', '2021-01-21 22:42:46', NULL),
(124, 82, 109, '5.000', '680.00', '2021-01-21 22:42:46', '2021-01-14 17:10:32', '2021-01-21 22:42:46', NULL),
(125, 82, 110, '5.000', '39.00', '2021-01-21 22:42:46', '2021-01-14 17:10:32', '2021-01-21 22:42:46', NULL),
(126, 82, 111, '3.000', '39.00', '2021-01-21 22:42:46', '2021-01-14 17:10:32', '2021-01-21 22:42:46', NULL),
(127, 82, 112, '3.000', '44.00', '2021-01-21 22:42:46', '2021-01-14 17:10:32', '2021-01-21 22:42:46', NULL),
(128, 82, 113, '1.000', '32.00', '2021-01-21 22:42:46', '2021-01-14 17:10:32', '2021-01-21 22:42:46', NULL),
(129, 82, 114, '1.000', '95.00', '2021-01-21 22:42:46', '2021-01-14 17:10:32', '2021-01-21 22:42:46', NULL),
(130, 82, 115, '10.000', '35.00', '2021-01-21 22:42:46', '2021-01-14 17:10:32', '2021-01-21 22:42:46', NULL),
(131, 82, 116, '30.000', '10.00', '2021-01-21 22:42:46', '2021-01-14 17:10:32', '2021-01-21 22:42:46', NULL),
(132, 82, 117, '100.000', '9.00', '2021-01-21 22:42:46', '2021-01-14 17:10:32', '2021-01-21 22:42:46', NULL),
(133, 82, 118, '2.000', '130.00', '2021-01-21 22:42:46', '2021-01-14 17:10:32', '2021-01-21 22:42:46', NULL),
(134, 82, 119, '2.000', '140.00', '2021-01-21 22:42:46', '2021-01-14 17:10:32', '2021-01-21 22:42:46', NULL),
(135, 82, 120, '1.000', '95.00', '2021-01-21 22:42:46', '2021-01-14 17:10:32', '2021-01-21 22:42:46', NULL),
(136, 83, 121, '1.000', '16588.00', '2021-01-25 19:21:51', '2021-01-14 18:36:01', '2021-01-25 19:21:51', NULL),
(137, 84, 121, '1.000', '16755.00', '2021-01-25 19:21:51', '2021-01-14 18:36:01', '2021-01-25 19:21:51', NULL),
(138, 85, 121, '1.000', '16600.00', '2021-01-25 19:21:51', '2021-01-14 18:36:01', '2021-01-25 19:21:51', NULL),
(139, 86, 132, '15.000', '200.00', '2021-01-25 18:32:13', '2021-01-17 18:19:08', '2021-01-25 18:32:13', NULL),
(140, 86, 133, '10.000', '10.00', '2021-01-25 18:32:13', '2021-01-17 18:19:08', '2021-01-25 18:32:13', NULL),
(141, 86, 134, '30.000', '10.00', '2021-01-25 18:32:13', '2021-01-17 18:19:08', '2021-01-25 18:32:13', NULL),
(142, 87, 132, '15.000', '210.00', '2021-01-25 18:32:13', '2021-01-17 18:19:08', '2021-01-25 18:32:13', NULL),
(143, 87, 133, '10.000', '15.00', '2021-01-25 18:32:13', '2021-01-17 18:19:08', '2021-01-25 18:32:13', NULL),
(144, 87, 134, '30.000', '15.00', '2021-01-25 18:32:13', '2021-01-17 18:19:08', '2021-01-25 18:32:13', NULL),
(145, 88, 132, '15.000', '220.00', '2021-01-25 18:32:13', '2021-01-17 18:19:08', '2021-01-25 18:32:13', NULL),
(146, 88, 133, '10.000', '20.00', '2021-01-25 18:32:13', '2021-01-17 18:19:08', '2021-01-25 18:32:13', NULL),
(147, 88, 134, '30.000', '20.00', '2021-01-25 18:32:13', '2021-01-17 18:19:08', '2021-01-25 18:32:13', NULL),
(148, 89, 135, '1.000', '30566.00', '2021-01-21 19:36:09', '2021-01-17 19:42:43', '2021-01-21 19:36:09', NULL),
(149, 90, 135, '1.000', '30600.00', '2021-01-21 19:36:09', '2021-01-17 19:42:43', '2021-01-21 19:36:09', NULL),
(150, 91, 135, '1.000', '32245.00', '2021-01-21 19:36:09', '2021-01-17 19:42:43', '2021-01-21 19:36:09', NULL),
(151, 92, 136, '4.000', '20.00', NULL, '2021-01-19 05:55:40', '2021-01-19 05:55:40', NULL),
(152, 93, 136, '4.000', '22.00', NULL, '2021-01-19 05:55:40', '2021-01-19 05:55:40', NULL),
(153, 94, 136, '4.000', '24.00', NULL, '2021-01-19 05:55:40', '2021-01-19 05:55:40', NULL),
(154, 95, 138, '1.000', '34.75', '2021-01-20 20:20:47', '2021-01-19 06:03:12', '2021-01-20 20:20:47', NULL),
(155, 96, 138, '1.000', '36.00', '2021-01-20 20:20:47', '2021-01-19 06:03:13', '2021-01-20 20:20:47', NULL),
(156, 97, 138, '1.000', '36.00', '2021-01-20 20:20:47', '2021-01-19 06:03:13', '2021-01-20 20:20:47', NULL),
(157, 98, 137, '1.000', '2500.00', NULL, '2021-01-19 17:09:40', '2021-01-19 17:09:40', NULL),
(158, 99, 137, '1.000', '2800.00', NULL, '2021-01-19 17:09:40', '2021-01-19 17:09:40', NULL),
(159, 100, 137, '1.000', '3000.00', NULL, '2021-01-19 17:09:40', '2021-01-19 17:09:40', NULL),
(160, 101, 139, '1.000', '44.75', '2021-01-19 18:07:24', '2021-01-19 17:15:28', '2021-01-19 18:07:24', NULL),
(161, 102, 139, '1.000', '48.00', '2021-01-19 18:07:24', '2021-01-19 17:15:28', '2021-01-19 18:07:24', NULL),
(162, 103, 139, '1.000', '48.50', '2021-01-19 18:07:24', '2021-01-19 17:15:28', '2021-01-19 18:07:24', NULL),
(163, 104, 140, '11.000', '19.00', NULL, '2021-01-19 18:07:56', '2021-01-19 18:07:56', NULL),
(164, 105, 140, '11.000', '22.00', NULL, '2021-01-19 18:07:56', '2021-01-19 18:07:56', NULL),
(165, 106, 140, '11.000', '23.00', NULL, '2021-01-19 18:07:56', '2021-01-19 18:07:56', NULL),
(172, 113, 138, '1.000', '34.75', NULL, '2021-01-20 20:25:10', '2021-01-20 20:25:10', NULL),
(173, 113, 139, '1.000', '44.75', NULL, '2021-01-20 20:25:10', '2021-01-20 20:25:10', NULL),
(174, 114, 138, '1.000', '36.50', NULL, '2021-01-20 20:25:10', '2021-01-20 20:25:10', NULL),
(175, 114, 139, '1.000', '46.00', NULL, '2021-01-20 20:25:10', '2021-01-20 20:25:10', NULL),
(176, 115, 138, '1.000', '40.00', NULL, '2021-01-20 20:25:10', '2021-01-20 20:25:10', NULL),
(177, 115, 139, '1.000', '50.00', NULL, '2021-01-20 20:25:10', '2021-01-20 20:25:10', NULL),
(193, 122, 147, '1.000', '4260.00', '2021-01-21 19:51:54', '2021-01-21 19:41:19', '2021-01-21 19:51:54', NULL),
(194, 122, 148, '1.000', '7309.00', '2021-01-21 19:51:54', '2021-01-21 19:41:19', '2021-01-21 19:51:54', NULL),
(195, 122, 149, '1.000', '4064.00', '2021-01-21 19:51:54', '2021-01-21 19:41:20', '2021-01-21 19:51:54', NULL),
(196, 122, 150, '1.000', '5897.00', '2021-01-21 19:51:54', '2021-01-21 19:41:20', '2021-01-21 19:51:54', NULL),
(197, 122, 151, '1.000', '4857.00', '2021-01-21 19:51:54', '2021-01-21 19:41:20', '2021-01-21 19:51:54', NULL),
(198, 122, 152, '1.000', '4169.00', '2021-01-21 19:51:54', '2021-01-21 19:41:20', '2021-01-21 19:51:54', NULL),
(199, 123, 147, '1.000', '4270.00', '2021-01-21 19:51:54', '2021-01-21 19:41:20', '2021-01-21 19:51:54', NULL),
(200, 123, 148, '1.000', '7315.00', '2021-01-21 19:51:54', '2021-01-21 19:41:20', '2021-01-21 19:51:54', NULL),
(201, 123, 149, '1.000', '4090.00', '2021-01-21 19:51:54', '2021-01-21 19:41:20', '2021-01-21 19:51:54', NULL),
(202, 123, 150, '1.000', '5900.00', '2021-01-21 19:51:54', '2021-01-21 19:41:20', '2021-01-21 19:51:54', NULL),
(203, 123, 151, '1.000', '4875.00', '2021-01-21 19:51:54', '2021-01-21 19:41:20', '2021-01-21 19:51:54', NULL),
(204, 123, 152, '1.000', '4190.00', '2021-01-21 19:51:54', '2021-01-21 19:41:20', '2021-01-21 19:51:54', NULL),
(205, 124, 147, '1.000', '4275.00', '2021-01-21 19:51:54', '2021-01-21 19:41:20', '2021-01-21 19:51:54', NULL),
(206, 124, 148, '1.000', '7410.00', '2021-01-21 19:51:54', '2021-01-21 19:41:20', '2021-01-21 19:51:54', NULL),
(207, 124, 149, '1.000', '4080.00', '2021-01-21 19:51:54', '2021-01-21 19:41:20', '2021-01-21 19:51:54', NULL),
(208, 124, 150, '1.000', '6000.00', '2021-01-21 19:51:54', '2021-01-21 19:41:20', '2021-01-21 19:51:54', NULL),
(209, 124, 151, '1.000', '4865.00', '2021-01-21 19:51:54', '2021-01-21 19:41:20', '2021-01-21 19:51:54', NULL),
(210, 124, 152, '1.000', '4210.00', '2021-01-21 19:51:54', '2021-01-21 19:41:20', '2021-01-21 19:51:54', NULL),
(211, 125, 147, '1.000', '4260.00', NULL, '2021-01-21 20:43:33', '2021-01-21 20:43:33', NULL),
(212, 125, 148, '1.000', '7309.00', NULL, '2021-01-21 20:43:33', '2021-01-21 20:43:33', NULL),
(213, 125, 149, '1.000', '4064.00', NULL, '2021-01-21 20:43:33', '2021-01-21 20:43:33', NULL),
(214, 125, 150, '1.000', '5897.00', NULL, '2021-01-21 20:43:33', '2021-01-21 20:43:33', NULL),
(215, 125, 151, '1.000', '4857.00', NULL, '2021-01-21 20:43:33', '2021-01-21 20:43:33', NULL),
(216, 125, 152, '1.000', '4169.00', NULL, '2021-01-21 20:43:33', '2021-01-21 20:43:33', NULL),
(217, 126, 147, '1.000', '4270.00', NULL, '2021-01-21 20:43:33', '2021-01-21 20:43:33', NULL),
(218, 126, 148, '1.000', '7410.00', NULL, '2021-01-21 20:43:34', '2021-01-21 20:43:34', NULL),
(219, 126, 149, '1.000', '4090.00', NULL, '2021-01-21 20:43:34', '2021-01-21 20:43:34', NULL),
(220, 126, 150, '1.000', '5900.00', NULL, '2021-01-21 20:43:34', '2021-01-21 20:43:34', NULL),
(221, 126, 151, '1.000', '4870.00', NULL, '2021-01-21 20:43:34', '2021-01-21 20:43:34', NULL),
(222, 126, 152, '1.000', '4169.00', NULL, '2021-01-21 20:43:34', '2021-01-21 20:43:34', NULL),
(223, 127, 147, '1.000', '4280.00', NULL, '2021-01-21 20:43:34', '2021-01-21 20:43:34', NULL),
(224, 127, 148, '1.000', '7400.00', NULL, '2021-01-21 20:43:34', '2021-01-21 20:43:34', NULL),
(225, 127, 149, '1.000', '4095.00', NULL, '2021-01-21 20:43:34', '2021-01-21 20:43:34', NULL),
(226, 127, 150, '1.000', '5950.00', NULL, '2021-01-21 20:43:34', '2021-01-21 20:43:34', NULL),
(227, 127, 151, '1.000', '4890.00', NULL, '2021-01-21 20:43:34', '2021-01-21 20:43:34', NULL),
(228, 127, 152, '1.000', '4170.00', NULL, '2021-01-21 20:43:34', '2021-01-21 20:43:34', NULL),
(229, 128, 166, '1.000', '2000.00', NULL, '2021-01-22 01:32:26', '2021-01-22 01:32:26', NULL),
(230, 129, 166, '1.000', '2050.00', NULL, '2021-01-22 01:32:27', '2021-01-22 01:32:27', NULL),
(231, 130, 166, '1.000', '2010.00', NULL, '2021-01-22 01:32:27', '2021-01-22 01:32:27', NULL),
(232, 131, 167, '120.000', '18.25', NULL, '2021-01-22 01:35:00', '2021-01-22 01:35:00', NULL),
(233, 132, 167, '120.000', '18.50', NULL, '2021-01-22 01:35:00', '2021-01-22 01:35:00', NULL),
(234, 133, 167, '120.000', '18.30', NULL, '2021-01-22 01:35:00', '2021-01-22 01:35:00', NULL),
(235, 134, 168, '300.000', '3.25', NULL, '2021-01-22 01:38:51', '2021-01-22 01:38:51', NULL),
(236, 134, 169, '300.000', '2.75', NULL, '2021-01-22 01:38:51', '2021-01-22 01:38:51', NULL),
(237, 134, 170, '300.000', '2.00', NULL, '2021-01-22 01:38:51', '2021-01-22 01:38:51', NULL),
(238, 134, 171, '300.000', '4.00', NULL, '2021-01-22 01:38:51', '2021-01-22 01:38:51', NULL),
(239, 134, 172, '30.000', '18.00', NULL, '2021-01-22 01:38:51', '2021-01-22 01:38:51', NULL),
(240, 135, 168, '300.000', '3.75', NULL, '2021-01-22 01:38:51', '2021-01-22 01:38:51', NULL),
(241, 135, 169, '300.000', '2.90', NULL, '2021-01-22 01:38:51', '2021-01-22 01:38:51', NULL),
(242, 135, 170, '300.000', '2.00', NULL, '2021-01-22 01:38:51', '2021-01-22 01:38:51', NULL),
(243, 135, 171, '300.000', '4.00', NULL, '2021-01-22 01:38:51', '2021-01-22 01:38:51', NULL),
(244, 135, 172, '30.000', '19.00', NULL, '2021-01-22 01:38:51', '2021-01-22 01:38:51', NULL),
(245, 136, 168, '300.000', '4.00', NULL, '2021-01-22 01:38:51', '2021-01-22 01:38:51', NULL),
(246, 136, 169, '300.000', '2.00', NULL, '2021-01-22 01:38:51', '2021-01-22 01:38:51', NULL),
(247, 136, 170, '300.000', '3.00', NULL, '2021-01-22 01:38:51', '2021-01-22 01:38:51', NULL),
(248, 136, 171, '300.000', '4.00', NULL, '2021-01-22 01:38:51', '2021-01-22 01:38:51', NULL),
(249, 136, 172, '30.000', '20.00', NULL, '2021-01-22 01:38:51', '2021-01-22 01:38:51', NULL),
(250, 137, 173, '177.000', '3.25', NULL, '2021-01-25 18:01:25', '2021-01-25 18:01:25', NULL),
(251, 137, 174, '100.000', '2.00', NULL, '2021-01-25 18:01:25', '2021-01-25 18:01:25', NULL),
(252, 137, 175, '200.000', '3.25', NULL, '2021-01-25 18:01:25', '2021-01-25 18:01:25', NULL),
(253, 137, 176, '100.000', '10.75', NULL, '2021-01-25 18:01:25', '2021-01-25 18:01:25', NULL),
(254, 138, 173, '177.000', '4.00', NULL, '2021-01-25 18:01:25', '2021-01-25 18:01:25', NULL),
(255, 138, 174, '100.000', '2.00', NULL, '2021-01-25 18:01:25', '2021-01-25 18:01:25', NULL),
(256, 138, 175, '200.000', '3.25', NULL, '2021-01-25 18:01:25', '2021-01-25 18:01:25', NULL),
(257, 138, 176, '100.000', '11.00', NULL, '2021-01-25 18:01:25', '2021-01-25 18:01:25', NULL),
(258, 139, 173, '177.000', '4.00', NULL, '2021-01-25 18:01:25', '2021-01-25 18:01:25', NULL),
(259, 139, 174, '100.000', '2.25', NULL, '2021-01-25 18:01:25', '2021-01-25 18:01:25', NULL),
(260, 139, 175, '200.000', '3.25', NULL, '2021-01-25 18:01:25', '2021-01-25 18:01:25', NULL),
(261, 139, 176, '100.000', '10.75', NULL, '2021-01-25 18:01:25', '2021-01-25 18:01:25', NULL),
(262, 140, 177, '20.000', '250.00', NULL, '2021-01-25 20:19:11', '2021-01-25 20:19:11', NULL),
(263, 141, 177, '20.000', '300.00', NULL, '2021-01-25 20:19:12', '2021-01-25 20:19:12', NULL),
(264, 142, 177, '20.000', '325.00', NULL, '2021-01-25 20:19:12', '2021-01-25 20:19:12', NULL),
(265, 143, 178, '15.000', '200.00', NULL, '2021-01-25 20:46:17', '2021-01-25 20:46:17', NULL),
(266, 143, 179, '10.000', '10.00', NULL, '2021-01-25 20:46:17', '2021-01-25 20:46:17', NULL),
(267, 143, 180, '30.000', '10.00', NULL, '2021-01-25 20:46:17', '2021-01-25 20:46:17', NULL),
(268, 144, 178, '15.000', '210.00', NULL, '2021-01-25 20:46:17', '2021-01-25 20:46:17', NULL),
(269, 144, 179, '10.000', '15.00', NULL, '2021-01-25 20:46:17', '2021-01-25 20:46:17', NULL),
(270, 144, 180, '30.000', '10.00', NULL, '2021-01-25 20:46:17', '2021-01-25 20:46:17', NULL),
(271, 145, 178, '15.000', '220.00', NULL, '2021-01-25 20:46:17', '2021-01-25 20:46:17', NULL),
(272, 145, 179, '10.000', '15.00', NULL, '2021-01-25 20:46:17', '2021-01-25 20:46:17', NULL),
(273, 145, 180, '30.000', '15.00', NULL, '2021-01-25 20:46:17', '2021-01-25 20:46:17', NULL),
(274, 146, 181, '1.000', '5500.00', NULL, '2021-01-25 21:53:37', '2021-01-25 21:53:37', NULL),
(275, 147, 181, '1.000', '5600.00', NULL, '2021-01-25 21:53:37', '2021-01-25 21:53:37', NULL),
(276, 148, 181, '1.000', '5650.00', NULL, '2021-01-25 21:53:37', '2021-01-25 21:53:37', NULL),
(277, 149, 182, '5.000', '668.00', NULL, '2021-01-25 22:01:39', '2021-01-25 22:01:39', NULL),
(278, 149, 183, '5.000', '36.00', NULL, '2021-01-25 22:01:39', '2021-01-25 22:01:39', NULL),
(279, 149, 184, '3.000', '36.00', NULL, '2021-01-25 22:01:39', '2021-01-25 22:01:39', NULL),
(280, 149, 185, '3.000', '42.00', NULL, '2021-01-25 22:01:39', '2021-01-25 22:01:39', NULL),
(281, 149, 186, '1.000', '28.50', NULL, '2021-01-25 22:01:39', '2021-01-25 22:01:39', NULL),
(282, 149, 187, '1.000', '90.00', NULL, '2021-01-25 22:01:39', '2021-01-25 22:01:39', NULL),
(283, 149, 188, '10.000', '32.75', NULL, '2021-01-25 22:01:39', '2021-01-25 22:01:39', NULL),
(284, 149, 189, '30.000', '4.50', NULL, '2021-01-25 22:01:39', '2021-01-25 22:01:39', NULL),
(285, 149, 190, '100.000', '5.00', NULL, '2021-01-25 22:01:39', '2021-01-25 22:01:39', NULL),
(286, 149, 191, '2.000', '126.00', NULL, '2021-01-25 22:01:40', '2021-01-25 22:01:40', NULL),
(287, 149, 192, '2.000', '124.00', NULL, '2021-01-25 22:01:40', '2021-01-25 22:01:40', NULL),
(288, 149, 193, '1.000', '90.00', NULL, '2021-01-25 22:01:40', '2021-01-25 22:01:40', NULL),
(289, 150, 182, '5.000', '678.00', NULL, '2021-01-25 22:01:40', '2021-01-25 22:01:40', NULL),
(290, 150, 183, '5.000', '37.00', NULL, '2021-01-25 22:01:40', '2021-01-25 22:01:40', NULL),
(291, 150, 184, '3.000', '37.00', NULL, '2021-01-25 22:01:40', '2021-01-25 22:01:40', NULL),
(292, 150, 185, '3.000', '44.00', NULL, '2021-01-25 22:01:40', '2021-01-25 22:01:40', NULL),
(293, 150, 186, '1.000', '28.75', NULL, '2021-01-25 22:01:40', '2021-01-25 22:01:40', NULL),
(294, 150, 187, '1.000', '95.00', NULL, '2021-01-25 22:01:40', '2021-01-25 22:01:40', NULL),
(295, 150, 188, '10.000', '32.50', NULL, '2021-01-25 22:01:40', '2021-01-25 22:01:40', NULL),
(296, 150, 189, '30.000', '5.00', NULL, '2021-01-25 22:01:40', '2021-01-25 22:01:40', NULL),
(297, 150, 190, '100.000', '5.00', NULL, '2021-01-25 22:01:40', '2021-01-25 22:01:40', NULL),
(298, 150, 191, '2.000', '128.00', NULL, '2021-01-25 22:01:40', '2021-01-25 22:01:40', NULL),
(299, 150, 192, '2.000', '125.00', NULL, '2021-01-25 22:01:40', '2021-01-25 22:01:40', NULL),
(300, 150, 193, '1.000', '95.00', NULL, '2021-01-25 22:01:40', '2021-01-25 22:01:40', NULL),
(301, 151, 182, '5.000', '680.00', NULL, '2021-01-25 22:01:40', '2021-01-25 22:01:40', NULL),
(302, 151, 183, '5.000', '37.00', NULL, '2021-01-25 22:01:40', '2021-01-25 22:01:40', NULL),
(303, 151, 184, '3.000', '37.00', NULL, '2021-01-25 22:01:40', '2021-01-25 22:01:40', NULL),
(304, 151, 185, '3.000', '50.00', NULL, '2021-01-25 22:01:40', '2021-01-25 22:01:40', NULL),
(305, 151, 186, '1.000', '28.75', NULL, '2021-01-25 22:01:40', '2021-01-25 22:01:40', NULL),
(306, 151, 187, '1.000', '95.00', NULL, '2021-01-25 22:01:40', '2021-01-25 22:01:40', NULL),
(307, 151, 188, '10.000', '32.75', NULL, '2021-01-25 22:01:40', '2021-01-25 22:01:40', NULL),
(308, 151, 189, '30.000', '5.00', NULL, '2021-01-25 22:01:40', '2021-01-25 22:01:40', NULL),
(309, 151, 190, '100.000', '5.00', NULL, '2021-01-25 22:01:40', '2021-01-25 22:01:40', NULL),
(310, 151, 191, '2.000', '126.00', NULL, '2021-01-25 22:01:40', '2021-01-25 22:01:40', NULL),
(311, 151, 192, '2.000', '124.00', NULL, '2021-01-25 22:01:40', '2021-01-25 22:01:40', NULL),
(312, 151, 193, '1.000', '95.00', NULL, '2021-01-25 22:01:40', '2021-01-25 22:01:40', NULL),
(313, 152, 59, '1.000', '40.00', NULL, '2021-01-26 01:20:56', '2021-01-26 01:20:56', NULL),
(314, 153, 59, '1.000', '50.00', NULL, '2021-01-26 01:20:56', '2021-01-26 01:20:56', NULL),
(315, 154, 59, '1.000', '75.00', NULL, '2021-01-26 01:20:56', '2021-01-26 01:20:56', NULL),
(316, 155, 194, '4.000', '750.00', NULL, '2021-02-01 18:26:33', '2021-02-01 18:26:33', NULL),
(317, 156, 194, '4.000', '760.00', NULL, '2021-02-01 18:26:33', '2021-02-01 18:26:33', NULL),
(318, 157, 194, '4.000', '780.00', NULL, '2021-02-01 18:26:34', '2021-02-01 18:26:34', NULL),
(319, 158, 195, '1.000', '400.00', NULL, '2021-02-01 19:08:10', '2021-02-01 19:08:10', NULL),
(320, 159, 195, '1.000', '450.00', NULL, '2021-02-01 19:08:10', '2021-02-01 19:08:10', NULL),
(321, 160, 195, '1.000', '480.00', NULL, '2021-02-01 19:08:10', '2021-02-01 19:08:10', NULL),
(322, 161, 196, '160.000', '26.50', '2021-02-02 23:32:49', '2021-02-02 23:03:37', '2021-02-02 23:32:49', NULL),
(323, 162, 196, '160.000', '28.00', '2021-02-02 23:32:49', '2021-02-02 23:03:37', '2021-02-02 23:32:49', NULL),
(324, 163, 196, '160.000', '30.00', '2021-02-02 23:32:49', '2021-02-02 23:03:37', '2021-02-02 23:32:49', NULL),
(325, 164, 197, '1.000', '350.00', '2021-02-02 23:31:50', '2021-02-02 23:09:02', '2021-02-02 23:31:50', NULL),
(326, 164, 198, '1.000', '600.00', '2021-02-02 23:31:50', '2021-02-02 23:09:02', '2021-02-02 23:31:50', NULL),
(327, 165, 197, '1.000', '380.00', '2021-02-02 23:31:50', '2021-02-02 23:09:02', '2021-02-02 23:31:50', NULL),
(328, 165, 198, '1.000', '630.00', '2021-02-02 23:31:50', '2021-02-02 23:09:02', '2021-02-02 23:31:50', NULL),
(329, 166, 197, '1.000', '400.00', '2021-02-02 23:31:50', '2021-02-02 23:09:02', '2021-02-02 23:31:50', NULL),
(330, 166, 198, '1.000', '680.00', '2021-02-02 23:31:50', '2021-02-02 23:09:02', '2021-02-02 23:31:50', NULL),
(331, 167, 196, '160.000', '26.50', NULL, '2021-02-02 23:37:07', '2021-02-02 23:37:07', NULL),
(332, 167, 197, '1.000', '350.00', NULL, '2021-02-02 23:37:07', '2021-02-02 23:37:07', NULL),
(333, 167, 198, '1.000', '600.00', NULL, '2021-02-02 23:37:07', '2021-02-02 23:37:07', NULL),
(334, 168, 196, '160.000', '28.00', NULL, '2021-02-02 23:37:07', '2021-02-02 23:37:07', NULL),
(335, 168, 197, '1.000', '360.00', NULL, '2021-02-02 23:37:07', '2021-02-02 23:37:07', NULL),
(336, 168, 198, '1.000', '650.00', NULL, '2021-02-02 23:37:08', '2021-02-02 23:37:08', NULL),
(337, 169, 196, '160.000', '28.50', NULL, '2021-02-02 23:37:08', '2021-02-02 23:37:08', NULL),
(338, 169, 197, '1.000', '380.00', NULL, '2021-02-02 23:37:08', '2021-02-02 23:37:08', NULL),
(339, 169, 198, '1.000', '680.00', NULL, '2021-02-02 23:37:08', '2021-02-02 23:37:08', NULL),
(340, 170, 60, '6.000', '83.00', NULL, '2021-02-04 00:14:43', '2021-02-04 00:14:43', NULL),
(341, 171, 60, '6.000', '99.00', NULL, '2021-02-04 00:14:43', '2021-02-04 00:14:43', NULL),
(342, 172, 60, '6.000', '185.00', NULL, '2021-02-04 00:14:43', '2021-02-04 00:14:43', NULL),
(343, 173, 199, '1.000', '193.25', NULL, '2021-02-04 18:16:23', '2021-02-04 18:16:23', NULL),
(344, 173, 200, '1.000', '64.85', NULL, '2021-02-04 18:16:23', '2021-02-04 18:16:23', NULL),
(345, 173, 201, '1.000', '51.50', NULL, '2021-02-04 18:16:23', '2021-02-04 18:16:23', NULL),
(346, 173, 202, '1.000', '49.00', NULL, '2021-02-04 18:16:23', '2021-02-04 18:16:23', NULL),
(347, 173, 203, '1.000', '39.00', NULL, '2021-02-04 18:16:23', '2021-02-04 18:16:23', NULL),
(348, 173, 204, '1.000', '46.00', NULL, '2021-02-04 18:16:23', '2021-02-04 18:16:23', NULL),
(349, 173, 205, '1.000', '46.00', NULL, '2021-02-04 18:16:23', '2021-02-04 18:16:23', NULL),
(350, 173, 206, '1.000', '45.60', NULL, '2021-02-04 18:16:23', '2021-02-04 18:16:23', NULL),
(351, 173, 207, '1.000', '36.70', NULL, '2021-02-04 18:16:23', '2021-02-04 18:16:23', NULL),
(352, 173, 208, '1.000', '99.00', NULL, '2021-02-04 18:16:23', '2021-02-04 18:16:23', NULL),
(353, 173, 209, '1.000', '80.50', NULL, '2021-02-04 18:16:23', '2021-02-04 18:16:23', NULL),
(354, 173, 210, '1.000', '80.50', NULL, '2021-02-04 18:16:23', '2021-02-04 18:16:23', NULL),
(355, 173, 211, '1.000', '99.00', NULL, '2021-02-04 18:16:23', '2021-02-04 18:16:23', NULL),
(356, 173, 212, '1.000', '71.00', NULL, '2021-02-04 18:16:23', '2021-02-04 18:16:23', NULL),
(357, 173, 213, '1.000', '71.00', NULL, '2021-02-04 18:16:23', '2021-02-04 18:16:23', NULL),
(358, 173, 214, '1.000', '142.75', NULL, '2021-02-04 18:16:23', '2021-02-04 18:16:23', NULL),
(359, 174, 199, '1.000', '195.00', NULL, '2021-02-04 18:16:23', '2021-02-04 18:16:23', NULL),
(360, 174, 200, '1.000', '64.99', NULL, '2021-02-04 18:16:23', '2021-02-04 18:16:23', NULL),
(361, 174, 201, '1.000', '50.00', NULL, '2021-02-04 18:16:23', '2021-02-04 18:16:23', NULL),
(362, 174, 202, '1.000', '50.00', NULL, '2021-02-04 18:16:23', '2021-02-04 18:16:23', NULL),
(363, 174, 203, '1.000', '40.00', NULL, '2021-02-04 18:16:23', '2021-02-04 18:16:23', NULL),
(364, 174, 204, '1.000', '46.00', NULL, '2021-02-04 18:16:23', '2021-02-04 18:16:23', NULL),
(365, 174, 205, '1.000', '46.00', NULL, '2021-02-04 18:16:23', '2021-02-04 18:16:23', NULL),
(366, 174, 206, '1.000', '46.00', NULL, '2021-02-04 18:16:23', '2021-02-04 18:16:23', NULL),
(367, 174, 207, '1.000', '36.85', NULL, '2021-02-04 18:16:23', '2021-02-04 18:16:23', NULL),
(368, 174, 208, '1.000', '99.00', NULL, '2021-02-04 18:16:24', '2021-02-04 18:16:24', NULL),
(369, 174, 209, '1.000', '85.00', NULL, '2021-02-04 18:16:24', '2021-02-04 18:16:24', NULL),
(370, 174, 210, '1.000', '85.00', NULL, '2021-02-04 18:16:24', '2021-02-04 18:16:24', NULL),
(371, 174, 211, '1.000', '100.00', NULL, '2021-02-04 18:16:24', '2021-02-04 18:16:24', NULL),
(372, 174, 212, '1.000', '75.00', NULL, '2021-02-04 18:16:24', '2021-02-04 18:16:24', NULL),
(373, 174, 213, '1.000', '75.00', NULL, '2021-02-04 18:16:24', '2021-02-04 18:16:24', NULL),
(374, 174, 214, '1.000', '142.75', NULL, '2021-02-04 18:16:24', '2021-02-04 18:16:24', NULL),
(375, 175, 199, '1.000', '195.00', NULL, '2021-02-04 18:16:24', '2021-02-04 18:16:24', NULL),
(376, 175, 200, '1.000', '65.00', NULL, '2021-02-04 18:16:24', '2021-02-04 18:16:24', NULL),
(377, 175, 201, '1.000', '49.75', NULL, '2021-02-04 18:16:24', '2021-02-04 18:16:24', NULL),
(378, 175, 202, '1.000', '50.00', NULL, '2021-02-04 18:16:24', '2021-02-04 18:16:24', NULL),
(379, 175, 203, '1.000', '39.25', NULL, '2021-02-04 18:16:24', '2021-02-04 18:16:24', NULL),
(380, 175, 204, '1.000', '46.00', NULL, '2021-02-04 18:16:24', '2021-02-04 18:16:24', NULL),
(381, 175, 205, '1.000', '46.00', NULL, '2021-02-04 18:16:24', '2021-02-04 18:16:24', NULL),
(382, 175, 206, '1.000', '45.50', NULL, '2021-02-04 18:16:24', '2021-02-04 18:16:24', NULL),
(383, 175, 207, '1.000', '37.00', NULL, '2021-02-04 18:16:24', '2021-02-04 18:16:24', NULL),
(384, 175, 208, '1.000', '99.00', NULL, '2021-02-04 18:16:24', '2021-02-04 18:16:24', NULL),
(385, 175, 209, '1.000', '85.75', NULL, '2021-02-04 18:16:24', '2021-02-04 18:16:24', NULL),
(386, 175, 210, '1.000', '85.00', NULL, '2021-02-04 18:16:24', '2021-02-04 18:16:24', NULL),
(387, 175, 211, '1.000', '100.00', NULL, '2021-02-04 18:16:24', '2021-02-04 18:16:24', NULL),
(388, 175, 212, '1.000', '75.00', NULL, '2021-02-04 18:16:24', '2021-02-04 18:16:24', NULL),
(389, 175, 213, '1.000', '71.00', NULL, '2021-02-04 18:16:24', '2021-02-04 18:16:24', NULL),
(390, 175, 214, '1.000', '142.85', NULL, '2021-02-04 18:16:24', '2021-02-04 18:16:24', NULL),
(391, 176, 215, '15.000', '21.00', NULL, '2021-02-04 18:18:13', '2021-02-04 18:18:13', NULL),
(392, 177, 215, '15.000', '22.25', NULL, '2021-02-04 18:18:14', '2021-02-04 18:18:14', NULL),
(393, 178, 215, '15.000', '21.85', NULL, '2021-02-04 18:18:14', '2021-02-04 18:18:14', NULL),
(394, 179, 216, '1.000', '190.00', NULL, '2021-02-04 18:19:48', '2021-02-04 18:19:48', NULL),
(395, 180, 216, '1.000', '195.00', NULL, '2021-02-04 18:19:48', '2021-02-04 18:19:48', NULL),
(396, 181, 216, '1.000', '193.00', NULL, '2021-02-04 18:19:48', '2021-02-04 18:19:48', NULL),
(397, 182, 217, '1.000', '83.00', NULL, '2021-02-04 18:28:07', '2021-02-04 18:28:07', NULL),
(398, 182, 218, '1.000', '129.50', NULL, '2021-02-04 18:28:07', '2021-02-04 18:28:07', NULL),
(399, 182, 219, '1.000', '65.50', NULL, '2021-02-04 18:28:07', '2021-02-04 18:28:07', NULL),
(400, 182, 220, '1.000', '242.25', NULL, '2021-02-04 18:28:07', '2021-02-04 18:28:07', NULL),
(401, 182, 221, '1.000', '96.00', NULL, '2021-02-04 18:28:07', '2021-02-04 18:28:07', NULL),
(402, 182, 222, '1.000', '56.00', NULL, '2021-02-04 18:28:07', '2021-02-04 18:28:07', NULL),
(403, 182, 223, '1.000', '398.75', NULL, '2021-02-04 18:28:07', '2021-02-04 18:28:07', NULL),
(404, 182, 224, '1.000', '253.00', NULL, '2021-02-04 18:28:07', '2021-02-04 18:28:07', NULL),
(405, 182, 225, '1.000', '231.00', NULL, '2021-02-04 18:28:07', '2021-02-04 18:28:07', NULL),
(406, 182, 226, '1.000', '159.00', NULL, '2021-02-04 18:28:07', '2021-02-04 18:28:07', NULL),
(407, 182, 227, '1.000', '221.50', NULL, '2021-02-04 18:28:07', '2021-02-04 18:28:07', NULL),
(408, 182, 228, '1.000', '40.50', NULL, '2021-02-04 18:28:07', '2021-02-04 18:28:07', NULL),
(409, 183, 217, '1.000', '83.00', NULL, '2021-02-04 18:28:07', '2021-02-04 18:28:07', NULL),
(410, 183, 218, '1.000', '130.00', NULL, '2021-02-04 18:28:07', '2021-02-04 18:28:07', NULL),
(411, 183, 219, '1.000', '67.00', NULL, '2021-02-04 18:28:07', '2021-02-04 18:28:07', NULL),
(412, 183, 220, '1.000', '242.75', NULL, '2021-02-04 18:28:07', '2021-02-04 18:28:07', NULL),
(413, 183, 221, '1.000', '100.00', NULL, '2021-02-04 18:28:07', '2021-02-04 18:28:07', NULL),
(414, 183, 222, '1.000', '56.50', NULL, '2021-02-04 18:28:07', '2021-02-04 18:28:07', NULL),
(415, 183, 223, '1.000', '398.95', NULL, '2021-02-04 18:28:07', '2021-02-04 18:28:07', NULL),
(416, 183, 224, '1.000', '254.00', NULL, '2021-02-04 18:28:07', '2021-02-04 18:28:07', NULL),
(417, 183, 225, '1.000', '231.00', NULL, '2021-02-04 18:28:07', '2021-02-04 18:28:07', NULL),
(418, 183, 226, '1.000', '160.00', NULL, '2021-02-04 18:28:07', '2021-02-04 18:28:07', NULL),
(419, 183, 227, '1.000', '222.50', NULL, '2021-02-04 18:28:07', '2021-02-04 18:28:07', NULL),
(420, 183, 228, '1.000', '40.50', NULL, '2021-02-04 18:28:07', '2021-02-04 18:28:07', NULL),
(421, 184, 217, '1.000', '85.00', NULL, '2021-02-04 18:28:08', '2021-02-04 18:28:08', NULL),
(422, 184, 218, '1.000', '130.00', NULL, '2021-02-04 18:28:08', '2021-02-04 18:28:08', NULL),
(423, 184, 219, '1.000', '65.50', NULL, '2021-02-04 18:28:08', '2021-02-04 18:28:08', NULL),
(424, 184, 220, '1.000', '242.85', NULL, '2021-02-04 18:28:08', '2021-02-04 18:28:08', NULL),
(425, 184, 221, '1.000', '96.25', NULL, '2021-02-04 18:28:08', '2021-02-04 18:28:08', NULL),
(426, 184, 222, '1.000', '56.75', NULL, '2021-02-04 18:28:08', '2021-02-04 18:28:08', NULL),
(427, 184, 223, '1.000', '398.75', NULL, '2021-02-04 18:28:08', '2021-02-04 18:28:08', NULL),
(428, 184, 224, '1.000', '255.00', NULL, '2021-02-04 18:28:08', '2021-02-04 18:28:08', NULL),
(429, 184, 225, '1.000', '230.00', NULL, '2021-02-04 18:28:08', '2021-02-04 18:28:08', NULL),
(430, 184, 226, '1.000', '159.50', NULL, '2021-02-04 18:28:08', '2021-02-04 18:28:08', NULL),
(431, 184, 227, '1.000', '221.75', NULL, '2021-02-04 18:28:08', '2021-02-04 18:28:08', NULL),
(432, 184, 228, '1.000', '41.00', NULL, '2021-02-04 18:28:08', '2021-02-04 18:28:08', NULL),
(433, 185, 229, '2.000', '4100.00', NULL, '2021-02-04 22:41:50', '2021-02-04 22:41:50', NULL),
(434, 186, 229, '2.000', '4200.00', NULL, '2021-02-04 22:41:50', '2021-02-04 22:41:50', NULL),
(435, 187, 229, '2.000', '4250.00', NULL, '2021-02-04 22:41:50', '2021-02-04 22:41:50', NULL),
(436, 188, 230, '1.000', '10000.00', NULL, '2021-02-04 22:50:40', '2021-02-04 22:50:40', NULL),
(437, 189, 230, '1.000', '10200.00', NULL, '2021-02-04 22:50:40', '2021-02-04 22:50:40', NULL),
(438, 190, 230, '1.000', '10300.00', NULL, '2021-02-04 22:50:40', '2021-02-04 22:50:40', NULL),
(439, 191, 61, '1.000', '1190.00', NULL, '2021-02-09 18:07:34', '2021-02-09 18:07:34', NULL),
(440, 192, 61, '1.000', '1200.00', NULL, '2021-02-09 18:07:34', '2021-02-09 18:07:34', NULL),
(441, 193, 61, '1.000', '1405.00', NULL, '2021-02-09 18:07:34', '2021-02-09 18:07:34', NULL),
(442, 194, 68, '4.000', '148.00', NULL, '2021-02-09 18:18:17', '2021-02-09 18:18:17', NULL),
(443, 195, 68, '4.000', '152.00', NULL, '2021-02-09 18:18:17', '2021-02-09 18:18:17', NULL),
(444, 196, 68, '4.000', '170.00', NULL, '2021-02-09 18:18:17', '2021-02-09 18:18:17', NULL),
(445, 197, 62, '3.000', '120.00', NULL, '2021-02-09 18:21:45', '2021-02-09 18:21:45', NULL),
(446, 198, 62, '3.000', '135.00', NULL, '2021-02-09 18:21:45', '2021-02-09 18:21:45', NULL),
(447, 199, 62, '3.000', '150.00', NULL, '2021-02-09 18:21:45', '2021-02-09 18:21:45', NULL),
(448, 200, 231, '50.000', '40.00', NULL, '2021-02-10 01:09:52', '2021-02-10 01:09:52', NULL),
(449, 201, 231, '50.000', '50.00', NULL, '2021-02-10 01:09:52', '2021-02-10 01:09:52', NULL),
(450, 202, 231, '50.000', '52.00', NULL, '2021-02-10 01:09:52', '2021-02-10 01:09:52', NULL),
(451, 203, 232, '10.000', '568.00', NULL, '2021-02-19 02:06:31', '2021-02-19 02:06:31', NULL),
(452, 204, 232, '10.000', '580.00', NULL, '2021-02-19 02:06:31', '2021-02-19 02:06:31', NULL),
(453, 205, 232, '10.000', '600.00', NULL, '2021-02-19 02:06:31', '2021-02-19 02:06:31', NULL),
(454, 206, 233, '1.000', '448.00', NULL, '2021-02-18 17:26:05', '2021-02-18 17:26:05', NULL),
(455, 206, 234, '1.000', '963.20', NULL, '2021-02-18 17:26:05', '2021-02-18 17:26:05', NULL),
(456, 207, 233, '1.000', '500.00', NULL, '2021-02-18 17:26:05', '2021-02-18 17:26:05', NULL),
(457, 207, 234, '1.000', '980.00', NULL, '2021-02-18 17:26:05', '2021-02-18 17:26:05', NULL),
(458, 208, 233, '1.000', '520.00', NULL, '2021-02-18 17:26:05', '2021-02-18 17:26:05', NULL),
(459, 208, 234, '1.000', '980.50', NULL, '2021-02-18 17:26:05', '2021-02-18 17:26:05', NULL),
(460, 209, 235, '1.000', '5897.00', NULL, '2021-02-21 18:04:21', '2021-02-21 18:04:21', NULL),
(461, 209, 236, '1.000', '4260.00', NULL, '2021-02-21 18:04:21', '2021-02-21 18:04:21', NULL),
(462, 209, 237, '1.000', '4169.00', NULL, '2021-02-21 18:04:21', '2021-02-21 18:04:21', NULL),
(463, 209, 238, '1.000', '4064.00', NULL, '2021-02-21 18:04:21', '2021-02-21 18:04:21', NULL),
(464, 209, 239, '1.000', '7309.00', NULL, '2021-02-21 18:04:21', '2021-02-21 18:04:21', NULL),
(465, 209, 240, '1.000', '4857.00', NULL, '2021-02-21 18:04:21', '2021-02-21 18:04:21', NULL),
(466, 210, 235, '1.000', '5900.00', NULL, '2021-02-21 18:04:21', '2021-02-21 18:04:21', NULL),
(467, 210, 236, '1.000', '4275.00', NULL, '2021-02-21 18:04:21', '2021-02-21 18:04:21', NULL),
(468, 210, 237, '1.000', '4170.00', NULL, '2021-02-21 18:04:21', '2021-02-21 18:04:21', NULL),
(469, 210, 238, '1.000', '4074.00', NULL, '2021-02-21 18:04:21', '2021-02-21 18:04:21', NULL),
(470, 210, 239, '1.000', '7311.00', NULL, '2021-02-21 18:04:21', '2021-02-21 18:04:21', NULL),
(471, 210, 240, '1.000', '4867.00', NULL, '2021-02-21 18:04:21', '2021-02-21 18:04:21', NULL),
(472, 211, 235, '1.000', '5955.00', NULL, '2021-02-21 18:04:21', '2021-02-21 18:04:21', NULL),
(473, 211, 236, '1.000', '4260.00', NULL, '2021-02-21 18:04:21', '2021-02-21 18:04:21', NULL),
(474, 211, 237, '1.000', '4185.00', NULL, '2021-02-21 18:04:21', '2021-02-21 18:04:21', NULL),
(475, 211, 238, '1.000', '4075.00', NULL, '2021-02-21 18:04:21', '2021-02-21 18:04:21', NULL),
(476, 211, 239, '1.000', '7310.00', NULL, '2021-02-21 18:04:21', '2021-02-21 18:04:21', NULL),
(477, 211, 240, '1.000', '4860.00', NULL, '2021-02-21 18:04:21', '2021-02-21 18:04:21', NULL),
(478, 212, 241, '1.000', '5541.00', NULL, '2021-02-21 19:14:49', '2021-02-21 19:14:49', NULL),
(479, 212, 242, '1.000', '990.00', NULL, '2021-02-21 19:14:49', '2021-02-21 19:14:49', NULL),
(480, 212, 243, '1.000', '881.00', NULL, '2021-02-21 19:14:49', '2021-02-21 19:14:49', NULL),
(481, 212, 244, '1.000', '8520.00', NULL, '2021-02-21 19:14:49', '2021-02-21 19:14:49', NULL),
(482, 212, 245, '1.000', '9257.00', NULL, '2021-02-21 19:14:49', '2021-02-21 19:14:49', NULL),
(483, 213, 241, '1.000', '5549.00', NULL, '2021-02-21 19:14:49', '2021-02-21 19:14:49', NULL),
(484, 213, 242, '1.000', '1000.00', NULL, '2021-02-21 19:14:49', '2021-02-21 19:14:49', NULL),
(485, 213, 243, '1.000', '880.00', NULL, '2021-02-21 19:14:49', '2021-02-21 19:14:49', NULL),
(486, 213, 244, '1.000', '8525.00', NULL, '2021-02-21 19:14:49', '2021-02-21 19:14:49', NULL),
(487, 213, 245, '1.000', '9260.00', NULL, '2021-02-21 19:14:49', '2021-02-21 19:14:49', NULL),
(488, 214, 241, '1.000', '5550.00', NULL, '2021-02-21 19:14:50', '2021-02-21 19:14:50', NULL),
(489, 214, 242, '1.000', '998.00', NULL, '2021-02-21 19:14:50', '2021-02-21 19:14:50', NULL),
(490, 214, 243, '1.000', '885.00', NULL, '2021-02-21 19:14:50', '2021-02-21 19:14:50', NULL),
(491, 214, 244, '1.000', '8525.00', NULL, '2021-02-21 19:14:50', '2021-02-21 19:14:50', NULL),
(492, 214, 245, '1.000', '9263.00', NULL, '2021-02-21 19:14:50', '2021-02-21 19:14:50', NULL),
(493, 215, 246, '1.000', '50.00', NULL, '2021-02-21 22:28:41', '2021-02-21 22:28:41', NULL),
(494, 216, 246, '1.000', '55.00', NULL, '2021-02-21 22:28:41', '2021-02-21 22:28:41', NULL),
(495, 217, 246, '1.000', '100.00', NULL, '2021-02-21 22:28:41', '2021-02-21 22:28:41', NULL),
(496, 218, 247, '1.000', '372.00', NULL, '2021-02-21 22:32:45', '2021-02-21 22:32:45', NULL),
(497, 219, 247, '1.000', '375.00', NULL, '2021-02-21 22:32:45', '2021-02-21 22:32:45', NULL),
(498, 220, 247, '1.000', '380.00', NULL, '2021-02-21 22:32:45', '2021-02-21 22:32:45', NULL),
(499, 221, 248, '1.000', '50.00', NULL, '2021-02-21 22:33:49', '2021-02-21 22:33:49', NULL),
(500, 222, 248, '1.000', '55.00', NULL, '2021-02-21 22:33:49', '2021-02-21 22:33:49', NULL),
(501, 223, 248, '1.000', '65.00', NULL, '2021-02-21 22:33:49', '2021-02-21 22:33:49', NULL),
(502, 224, 249, '2.000', '150.00', NULL, '2021-02-21 22:36:49', '2021-02-21 22:36:49', NULL),
(503, 224, 250, '1.000', '150.00', NULL, '2021-02-21 22:36:49', '2021-02-21 22:36:49', NULL),
(504, 225, 249, '2.000', '165.00', NULL, '2021-02-21 22:36:49', '2021-02-21 22:36:49', NULL),
(505, 225, 250, '1.000', '165.00', NULL, '2021-02-21 22:36:49', '2021-02-21 22:36:49', NULL),
(506, 226, 249, '2.000', '185.00', NULL, '2021-02-21 22:36:49', '2021-02-21 22:36:49', NULL),
(507, 226, 250, '1.000', '165.00', NULL, '2021-02-21 22:36:49', '2021-02-21 22:36:49', NULL),
(508, 227, 251, '1.000', '300.00', '2021-02-21 22:43:27', '2021-02-21 22:37:50', '2021-02-21 22:43:27', NULL),
(509, 228, 251, '1.000', '350.00', '2021-02-21 22:43:27', '2021-02-21 22:37:50', '2021-02-21 22:43:27', NULL),
(510, 229, 251, '1.000', '400.00', '2021-02-21 22:43:27', '2021-02-21 22:37:50', '2021-02-21 22:43:27', NULL),
(511, 230, 252, '3.000', '66.00', NULL, '2021-02-21 22:39:51', '2021-02-21 22:39:51', NULL),
(512, 230, 253, '1.000', '10.00', NULL, '2021-02-21 22:39:51', '2021-02-21 22:39:51', NULL),
(513, 231, 252, '3.000', '69.00', NULL, '2021-02-21 22:39:51', '2021-02-21 22:39:51', NULL),
(514, 231, 253, '1.000', '10.00', NULL, '2021-02-21 22:39:51', '2021-02-21 22:39:51', NULL),
(515, 232, 252, '3.000', '70.00', NULL, '2021-02-21 22:39:51', '2021-02-21 22:39:51', NULL),
(516, 232, 253, '1.000', '10.00', NULL, '2021-02-21 22:39:51', '2021-02-21 22:39:51', NULL),
(517, 233, 254, '1.000', '300.00', '2021-02-21 22:43:45', '2021-02-21 22:40:43', '2021-02-21 22:43:45', NULL),
(518, 234, 254, '1.000', '350.00', '2021-02-21 22:43:45', '2021-02-21 22:40:43', '2021-02-21 22:43:45', NULL),
(519, 235, 254, '1.000', '400.00', '2021-02-21 22:43:45', '2021-02-21 22:40:43', '2021-02-21 22:43:45', NULL),
(520, 236, 251, '1.000', '300.00', NULL, '2021-02-21 22:45:22', '2021-02-21 22:45:22', NULL),
(521, 236, 254, '1.000', '300.00', NULL, '2021-02-21 22:45:22', '2021-02-21 22:45:22', NULL),
(522, 236, 255, '1.000', '100.00', NULL, '2021-02-21 22:45:22', '2021-02-21 22:45:22', NULL),
(523, 237, 251, '1.000', '350.00', NULL, '2021-02-21 22:45:22', '2021-02-21 22:45:22', NULL),
(524, 237, 254, '1.000', '350.00', NULL, '2021-02-21 22:45:22', '2021-02-21 22:45:22', NULL),
(525, 237, 255, '1.000', '150.00', NULL, '2021-02-21 22:45:22', '2021-02-21 22:45:22', NULL),
(526, 238, 251, '1.000', '400.00', NULL, '2021-02-21 22:45:22', '2021-02-21 22:45:22', NULL),
(527, 238, 254, '1.000', '350.00', NULL, '2021-02-21 22:45:22', '2021-02-21 22:45:22', NULL),
(528, 238, 255, '1.000', '150.00', NULL, '2021-02-21 22:45:22', '2021-02-21 22:45:22', NULL),
(529, 239, 256, '1.000', '193.25', '2021-02-23 21:20:19', '2021-02-23 18:49:31', '2021-02-23 21:20:19', NULL),
(530, 239, 257, '1.000', '64.85', '2021-02-23 21:20:19', '2021-02-23 18:49:31', '2021-02-23 21:20:19', NULL),
(531, 239, 258, '1.000', '51.50', '2021-02-23 21:20:19', '2021-02-23 18:49:31', '2021-02-23 21:20:19', NULL),
(532, 239, 259, '1.000', '49.00', '2021-02-23 21:20:19', '2021-02-23 18:49:31', '2021-02-23 21:20:19', NULL),
(533, 239, 260, '1.000', '39.00', '2021-02-23 21:20:19', '2021-02-23 18:49:31', '2021-02-23 21:20:19', NULL),
(534, 239, 261, '1.000', '46.00', '2021-02-23 21:20:19', '2021-02-23 18:49:31', '2021-02-23 21:20:19', NULL),
(535, 239, 262, '1.000', '46.00', '2021-02-23 21:20:19', '2021-02-23 18:49:31', '2021-02-23 21:20:19', NULL),
(536, 239, 263, '1.000', '45.60', '2021-02-23 21:20:19', '2021-02-23 18:49:31', '2021-02-23 21:20:19', NULL),
(537, 239, 264, '1.000', '36.70', '2021-02-23 21:20:19', '2021-02-23 18:49:31', '2021-02-23 21:20:19', NULL),
(538, 239, 265, '1.000', '99.00', '2021-02-23 21:20:19', '2021-02-23 18:49:31', '2021-02-23 21:20:19', NULL),
(539, 239, 266, '1.000', '80.50', '2021-02-23 21:20:19', '2021-02-23 18:49:31', '2021-02-23 21:20:19', NULL),
(540, 239, 267, '1.000', '80.50', '2021-02-23 21:20:19', '2021-02-23 18:49:31', '2021-02-23 21:20:19', NULL),
(541, 239, 268, '1.000', '99.00', '2021-02-23 21:20:19', '2021-02-23 18:49:31', '2021-02-23 21:20:19', NULL),
(542, 239, 269, '1.000', '71.00', '2021-02-23 21:20:19', '2021-02-23 18:49:31', '2021-02-23 21:20:19', NULL),
(543, 239, 270, '1.000', '71.00', '2021-02-23 21:20:19', '2021-02-23 18:49:31', '2021-02-23 21:20:19', NULL),
(544, 239, 271, '1.000', '142.75', '2021-02-23 21:20:19', '2021-02-23 18:49:31', '2021-02-23 21:20:19', NULL);
INSERT INTO `canvass_items` (`id`, `canvass_id`, `pr_item_id`, `available_quantity`, `unit_price`, `deleted_at`, `created_at`, `updated_at`, `created_by`) VALUES
(545, 240, 256, '1.000', '193.75', '2021-02-23 21:20:19', '2021-02-23 18:49:31', '2021-02-23 21:20:19', NULL),
(546, 240, 257, '1.000', '65.00', '2021-02-23 21:20:19', '2021-02-23 18:49:31', '2021-02-23 21:20:19', NULL),
(547, 240, 258, '1.000', '55.00', '2021-02-23 21:20:19', '2021-02-23 18:49:31', '2021-02-23 21:20:19', NULL),
(548, 240, 259, '1.000', '50.00', '2021-02-23 21:20:19', '2021-02-23 18:49:31', '2021-02-23 21:20:19', NULL),
(549, 240, 260, '1.000', '39.75', '2021-02-23 21:20:19', '2021-02-23 18:49:31', '2021-02-23 21:20:19', NULL),
(550, 240, 261, '1.000', '46.00', '2021-02-23 21:20:19', '2021-02-23 18:49:31', '2021-02-23 21:20:19', NULL),
(551, 240, 262, '1.000', '46.00', '2021-02-23 21:20:19', '2021-02-23 18:49:31', '2021-02-23 21:20:19', NULL),
(552, 240, 263, '1.000', '48.00', '2021-02-23 21:20:19', '2021-02-23 18:49:31', '2021-02-23 21:20:19', NULL),
(553, 240, 264, '1.000', '39.00', '2021-02-23 21:20:19', '2021-02-23 18:49:31', '2021-02-23 21:20:19', NULL),
(554, 240, 265, '1.000', '99.00', '2021-02-23 21:20:19', '2021-02-23 18:49:31', '2021-02-23 21:20:19', NULL),
(555, 240, 266, '1.000', '85.25', '2021-02-23 21:20:19', '2021-02-23 18:49:31', '2021-02-23 21:20:19', NULL),
(556, 240, 267, '1.000', '85.25', '2021-02-23 21:20:19', '2021-02-23 18:49:31', '2021-02-23 21:20:19', NULL),
(557, 240, 268, '1.000', '99.00', '2021-02-23 21:20:19', '2021-02-23 18:49:32', '2021-02-23 21:20:19', NULL),
(558, 240, 269, '1.000', '71.00', '2021-02-23 21:20:19', '2021-02-23 18:49:32', '2021-02-23 21:20:19', NULL),
(559, 240, 270, '1.000', '71.00', '2021-02-23 21:20:19', '2021-02-23 18:49:32', '2021-02-23 21:20:19', NULL),
(560, 240, 271, '1.000', '145.00', '2021-02-23 21:20:19', '2021-02-23 18:49:32', '2021-02-23 21:20:19', NULL),
(561, 241, 256, '1.000', '195.00', '2021-02-23 21:20:19', '2021-02-23 18:49:32', '2021-02-23 21:20:19', NULL),
(562, 241, 257, '1.000', '65.00', '2021-02-23 21:20:19', '2021-02-23 18:49:32', '2021-02-23 21:20:19', NULL),
(563, 241, 258, '1.000', '55.00', '2021-02-23 21:20:19', '2021-02-23 18:49:32', '2021-02-23 21:20:19', NULL),
(564, 241, 259, '1.000', '50.00', '2021-02-23 21:20:19', '2021-02-23 18:49:32', '2021-02-23 21:20:19', NULL),
(565, 241, 260, '1.000', '39.99', '2021-02-23 21:20:19', '2021-02-23 18:49:32', '2021-02-23 21:20:19', NULL),
(566, 241, 261, '1.000', '45.75', '2021-02-23 21:20:19', '2021-02-23 18:49:32', '2021-02-23 21:20:19', NULL),
(567, 241, 262, '11.000', '45.75', '2021-02-23 21:20:19', '2021-02-23 18:49:32', '2021-02-23 21:20:19', NULL),
(568, 241, 263, '1.000', '48.55', '2021-02-23 21:20:19', '2021-02-23 18:49:32', '2021-02-23 21:20:19', NULL),
(569, 241, 264, '1.000', '40.00', '2021-02-23 21:20:19', '2021-02-23 18:49:32', '2021-02-23 21:20:19', NULL),
(570, 241, 265, '1.000', '99.00', '2021-02-23 21:20:19', '2021-02-23 18:49:32', '2021-02-23 21:20:19', NULL),
(571, 241, 266, '1.000', '85.75', '2021-02-23 21:20:19', '2021-02-23 18:49:32', '2021-02-23 21:20:19', NULL),
(572, 241, 267, '1.000', '85.75', '2021-02-23 21:20:19', '2021-02-23 18:49:32', '2021-02-23 21:20:19', NULL),
(573, 241, 268, '1.000', '99.00', '2021-02-23 21:20:19', '2021-02-23 18:49:32', '2021-02-23 21:20:19', NULL),
(574, 241, 269, '1.000', '71.25', '2021-02-23 21:20:19', '2021-02-23 18:49:32', '2021-02-23 21:20:19', NULL),
(575, 241, 270, '1.000', '71.25', '2021-02-23 21:20:19', '2021-02-23 18:49:32', '2021-02-23 21:20:19', NULL),
(576, 241, 271, '1.000', '146.00', '2021-02-23 21:20:19', '2021-02-23 18:49:32', '2021-02-23 21:20:19', NULL),
(577, 242, 272, '1.000', '315.00', '2021-02-23 21:20:05', '2021-02-23 18:59:24', '2021-02-23 21:20:05', NULL),
(578, 243, 272, '1.000', '320.00', '2021-02-23 21:20:05', '2021-02-23 18:59:24', '2021-02-23 21:20:05', NULL),
(579, 244, 272, '1.000', '345.00', '2021-02-23 21:20:05', '2021-02-23 18:59:24', '2021-02-23 21:20:05', NULL),
(580, 245, 273, '1.000', '190.00', '2021-02-23 21:19:51', '2021-02-23 19:09:38', '2021-02-23 21:19:51', NULL),
(581, 246, 273, '1.000', '195.00', '2021-02-23 21:19:51', '2021-02-23 19:09:38', '2021-02-23 21:19:51', NULL),
(582, 247, 273, '1.000', '200.00', '2021-02-23 21:19:51', '2021-02-23 19:09:38', '2021-02-23 21:19:51', NULL),
(583, 248, 274, '1.000', '83.00', '2021-02-23 21:20:33', '2021-02-23 19:16:46', '2021-02-23 21:20:33', NULL),
(584, 248, 275, '1.000', '129.50', '2021-02-23 21:20:33', '2021-02-23 19:16:46', '2021-02-23 21:20:33', NULL),
(585, 248, 276, '1.000', '65.50', '2021-02-23 21:20:33', '2021-02-23 19:16:46', '2021-02-23 21:20:33', NULL),
(586, 248, 277, '1.000', '242.25', '2021-02-23 21:20:33', '2021-02-23 19:16:46', '2021-02-23 21:20:33', NULL),
(587, 248, 278, '1.000', '96.00', '2021-02-23 21:20:33', '2021-02-23 19:16:46', '2021-02-23 21:20:33', NULL),
(588, 248, 279, '1.000', '56.00', '2021-02-23 21:20:33', '2021-02-23 19:16:46', '2021-02-23 21:20:33', NULL),
(589, 248, 280, '1.000', '398.75', '2021-02-23 21:20:33', '2021-02-23 19:16:46', '2021-02-23 21:20:33', NULL),
(590, 248, 281, '1.000', '253.00', '2021-02-23 21:20:33', '2021-02-23 19:16:46', '2021-02-23 21:20:33', NULL),
(591, 248, 282, '1.000', '231.00', '2021-02-23 21:20:33', '2021-02-23 19:16:46', '2021-02-23 21:20:33', NULL),
(592, 248, 283, '1.000', '159.00', '2021-02-23 21:20:33', '2021-02-23 19:16:46', '2021-02-23 21:20:33', NULL),
(593, 248, 284, '1.000', '221.50', '2021-02-23 21:20:33', '2021-02-23 19:16:46', '2021-02-23 21:20:33', NULL),
(594, 248, 285, '1.000', '40.50', '2021-02-23 21:20:33', '2021-02-23 19:16:46', '2021-02-23 21:20:33', NULL),
(595, 249, 274, '1.000', '85.00', '2021-02-23 21:20:33', '2021-02-23 19:16:46', '2021-02-23 21:20:33', NULL),
(596, 249, 275, '1.000', '129.65', '2021-02-23 21:20:33', '2021-02-23 19:16:46', '2021-02-23 21:20:33', NULL),
(597, 249, 276, '1.000', '65.50', '2021-02-23 21:20:33', '2021-02-23 19:16:46', '2021-02-23 21:20:33', NULL),
(598, 249, 277, '1.000', '242.25', '2021-02-23 21:20:33', '2021-02-23 19:16:46', '2021-02-23 21:20:33', NULL),
(599, 249, 278, '1.000', '96.00', '2021-02-23 21:20:33', '2021-02-23 19:16:46', '2021-02-23 21:20:33', NULL),
(600, 249, 279, '1.000', '56.00', '2021-02-23 21:20:33', '2021-02-23 19:16:47', '2021-02-23 21:20:33', NULL),
(601, 249, 280, '1.000', '398.80', '2021-02-23 21:20:33', '2021-02-23 19:16:47', '2021-02-23 21:20:33', NULL),
(602, 249, 281, '1.000', '255.00', '2021-02-23 21:20:33', '2021-02-23 19:16:47', '2021-02-23 21:20:33', NULL),
(603, 249, 282, '1.000', '233.00', '2021-02-23 21:20:33', '2021-02-23 19:16:47', '2021-02-23 21:20:33', NULL),
(604, 249, 283, '1.000', '159.99', '2021-02-23 21:20:33', '2021-02-23 19:16:47', '2021-02-23 21:20:33', NULL),
(605, 249, 284, '1.000', '225.00', '2021-02-23 21:20:33', '2021-02-23 19:16:47', '2021-02-23 21:20:33', NULL),
(606, 249, 285, '1.000', '40.75', '2021-02-23 21:20:33', '2021-02-23 19:16:47', '2021-02-23 21:20:33', NULL),
(607, 250, 274, '1.000', '85.00', '2021-02-23 21:20:33', '2021-02-23 19:16:47', '2021-02-23 21:20:33', NULL),
(608, 250, 275, '1.000', '130.00', '2021-02-23 21:20:33', '2021-02-23 19:16:47', '2021-02-23 21:20:33', NULL),
(609, 250, 276, '1.000', '65.50', '2021-02-23 21:20:33', '2021-02-23 19:16:47', '2021-02-23 21:20:33', NULL),
(610, 250, 277, '1.000', '242.75', '2021-02-23 21:20:33', '2021-02-23 19:16:47', '2021-02-23 21:20:33', NULL),
(611, 250, 278, '1.000', '96.00', '2021-02-23 21:20:33', '2021-02-23 19:16:47', '2021-02-23 21:20:33', NULL),
(612, 250, 279, '1.000', '56.00', '2021-02-23 21:20:33', '2021-02-23 19:16:47', '2021-02-23 21:20:33', NULL),
(613, 250, 280, '1.000', '398.75', '2021-02-23 21:20:33', '2021-02-23 19:16:47', '2021-02-23 21:20:33', NULL),
(614, 250, 281, '1.000', '225.00', '2021-02-23 21:20:33', '2021-02-23 19:16:47', '2021-02-23 21:20:33', NULL),
(615, 250, 282, '1.000', '235.00', '2021-02-23 21:20:33', '2021-02-23 19:16:47', '2021-02-23 21:20:33', NULL),
(616, 250, 283, '1.000', '159.99', '2021-02-23 21:20:33', '2021-02-23 19:16:47', '2021-02-23 21:20:33', NULL),
(617, 250, 284, '1.000', '225.00', '2021-02-23 21:20:33', '2021-02-23 19:16:47', '2021-02-23 21:20:33', NULL),
(618, 250, 285, '1.000', '40.85', '2021-02-23 21:20:33', '2021-02-23 19:16:47', '2021-02-23 21:20:33', NULL),
(619, 251, 286, '1.000', '100.00', '2021-02-25 18:33:38', '2021-02-25 18:32:22', '2021-02-25 18:33:38', NULL),
(620, 252, 286, '1.000', '150.00', '2021-02-25 18:33:38', '2021-02-25 18:32:22', '2021-02-25 18:33:38', NULL),
(621, 253, 286, '1.000', '150.00', '2021-02-25 18:33:38', '2021-02-25 18:32:23', '2021-02-25 18:33:38', NULL),
(622, 254, 286, '1.000', '100.00', '2021-02-25 19:59:36', '2021-02-25 18:38:35', '2021-02-25 19:59:36', NULL),
(623, 254, 287, '2.000', '100.00', '2021-02-25 19:59:36', '2021-02-25 18:38:35', '2021-02-25 19:59:36', NULL),
(624, 254, 288, '2.000', '100.00', '2021-02-25 19:59:36', '2021-02-25 18:38:36', '2021-02-25 19:59:36', NULL),
(625, 255, 286, '1.000', '150.00', '2021-02-25 19:59:36', '2021-02-25 18:38:36', '2021-02-25 19:59:36', NULL),
(626, 255, 287, '2.000', '150.00', '2021-02-25 19:59:36', '2021-02-25 18:38:36', '2021-02-25 19:59:36', NULL),
(627, 255, 288, '2.000', '150.00', '2021-02-25 19:59:36', '2021-02-25 18:38:36', '2021-02-25 19:59:36', NULL),
(628, 256, 286, '1.000', '150.00', '2021-02-25 19:59:36', '2021-02-25 18:38:36', '2021-02-25 19:59:36', NULL),
(629, 256, 287, '2.000', '150.00', '2021-02-25 19:59:36', '2021-02-25 18:38:36', '2021-02-25 19:59:36', NULL),
(630, 256, 288, '2.000', '150.00', '2021-02-25 19:59:36', '2021-02-25 18:38:36', '2021-02-25 19:59:36', NULL),
(631, 257, 286, '1.000', '100.00', NULL, '2021-02-25 20:01:57', '2021-02-25 20:01:57', NULL),
(632, 257, 287, '2.000', '100.00', NULL, '2021-02-25 20:01:57', '2021-02-25 20:01:57', NULL),
(633, 258, 286, '1.000', '150.00', NULL, '2021-02-25 20:01:57', '2021-02-25 20:01:57', NULL),
(634, 258, 287, '2.000', '150.00', NULL, '2021-02-25 20:01:57', '2021-02-25 20:01:57', NULL),
(635, 259, 286, '1.000', '100.00', NULL, '2021-02-25 20:01:57', '2021-02-25 20:01:57', NULL),
(636, 259, 287, '2.000', '150.00', NULL, '2021-02-25 20:01:57', '2021-02-25 20:01:57', NULL),
(637, 260, 288, '2.000', '100.00', NULL, '2021-02-25 20:04:27', '2021-02-25 20:04:27', NULL),
(638, 261, 288, '2.000', '150.00', NULL, '2021-02-25 20:04:27', '2021-02-25 20:04:27', NULL),
(639, 262, 288, '2.000', '150.00', NULL, '2021-02-25 20:04:27', '2021-02-25 20:04:27', NULL),
(640, 263, 289, '1.000', '1383.00', NULL, '2021-03-01 01:29:05', '2021-03-01 01:29:05', NULL),
(641, 264, 289, '1.000', '1385.00', NULL, '2021-03-01 01:29:05', '2021-03-01 01:29:05', NULL),
(642, 265, 289, '1.000', '1390.00', NULL, '2021-03-01 01:29:05', '2021-03-01 01:29:05', NULL),
(643, 266, 290, '1.000', '350.00', NULL, '2021-03-02 00:01:56', '2021-03-02 00:01:56', NULL),
(644, 267, 290, '1.000', '355.00', NULL, '2021-03-02 00:01:56', '2021-03-02 00:01:56', NULL),
(645, 268, 290, '1.000', '360.00', NULL, '2021-03-02 00:01:56', '2021-03-02 00:01:56', NULL),
(646, 269, 291, '12.000', '432.00', NULL, '2021-03-02 00:10:52', '2021-03-02 00:10:52', NULL),
(647, 270, 291, '12.000', '450.00', NULL, '2021-03-02 00:10:52', '2021-03-02 00:10:52', NULL),
(648, 271, 291, '12.000', '480.00', NULL, '2021-03-02 00:10:52', '2021-03-02 00:10:52', NULL),
(649, 272, 292, '120.000', '18.25', NULL, '2021-03-02 00:42:21', '2021-03-02 00:42:21', NULL),
(650, 272, 293, '300.000', '2.75', NULL, '2021-03-02 00:42:21', '2021-03-02 00:42:21', NULL),
(651, 272, 294, '10.000', '24.00', NULL, '2021-03-02 00:42:21', '2021-03-02 00:42:21', NULL),
(652, 272, 295, '10.000', '7.00', NULL, '2021-03-02 00:42:21', '2021-03-02 00:42:21', NULL),
(653, 272, 296, '15.000', '20.00', NULL, '2021-03-02 00:42:21', '2021-03-02 00:42:21', NULL),
(654, 272, 297, '20.000', '9.50', NULL, '2021-03-02 00:42:21', '2021-03-02 00:42:21', NULL),
(655, 272, 298, '4.000', '26.50', NULL, '2021-03-02 00:42:21', '2021-03-02 00:42:21', NULL),
(656, 273, 292, '120.000', '18.50', NULL, '2021-03-02 00:42:21', '2021-03-02 00:42:21', NULL),
(657, 273, 293, '300.000', '3.00', NULL, '2021-03-02 00:42:21', '2021-03-02 00:42:21', NULL),
(658, 273, 294, '10.000', '24.25', NULL, '2021-03-02 00:42:21', '2021-03-02 00:42:21', NULL),
(659, 273, 295, '10.000', '7.25', NULL, '2021-03-02 00:42:21', '2021-03-02 00:42:21', NULL),
(660, 273, 296, '15.000', '20.25', NULL, '2021-03-02 00:42:21', '2021-03-02 00:42:21', NULL),
(661, 273, 297, '20.000', '9.75', NULL, '2021-03-02 00:42:21', '2021-03-02 00:42:21', NULL),
(662, 273, 298, '4.000', '26.60', NULL, '2021-03-02 00:42:21', '2021-03-02 00:42:21', NULL),
(663, 274, 292, '120.000', '18.75', NULL, '2021-03-02 00:42:21', '2021-03-02 00:42:21', NULL),
(664, 274, 293, '300.000', '3.20', NULL, '2021-03-02 00:42:21', '2021-03-02 00:42:21', NULL),
(665, 274, 294, '10.000', '24.25', NULL, '2021-03-02 00:42:21', '2021-03-02 00:42:21', NULL),
(666, 274, 295, '10.000', '7.50', NULL, '2021-03-02 00:42:21', '2021-03-02 00:42:21', NULL),
(667, 274, 296, '15.000', '20.75', NULL, '2021-03-02 00:42:21', '2021-03-02 00:42:21', NULL),
(668, 274, 297, '20.000', '9.80', NULL, '2021-03-02 00:42:21', '2021-03-02 00:42:21', NULL),
(669, 274, 298, '4.000', '26.65', NULL, '2021-03-02 00:42:21', '2021-03-02 00:42:21', NULL),
(670, 275, 299, '23.000', '3.25', NULL, '2021-03-02 00:54:47', '2021-03-02 00:54:47', NULL),
(671, 276, 299, '23.000', '3.60', NULL, '2021-03-02 00:54:48', '2021-03-02 00:54:48', NULL),
(672, 277, 299, '23.000', '3.70', NULL, '2021-03-02 00:54:48', '2021-03-02 00:54:48', NULL),
(673, 278, 300, '3.000', '75.00', NULL, '2021-03-02 01:07:18', '2021-03-02 01:07:18', NULL),
(674, 278, 301, '4.000', '15.00', NULL, '2021-03-02 01:07:18', '2021-03-02 01:07:18', NULL),
(675, 278, 302, '2.000', '80.00', NULL, '2021-03-02 01:07:18', '2021-03-02 01:07:18', NULL),
(676, 279, 300, '3.000', '77.00', NULL, '2021-03-02 01:07:18', '2021-03-02 01:07:18', NULL),
(677, 279, 301, '4.000', '18.00', NULL, '2021-03-02 01:07:18', '2021-03-02 01:07:18', NULL),
(678, 279, 302, '2.000', '82.00', NULL, '2021-03-02 01:07:18', '2021-03-02 01:07:18', NULL),
(679, 280, 300, '3.000', '80.00', NULL, '2021-03-02 01:07:18', '2021-03-02 01:07:18', NULL),
(680, 280, 301, '4.000', '20.00', NULL, '2021-03-02 01:07:18', '2021-03-02 01:07:18', NULL),
(681, 280, 302, '2.000', '85.00', NULL, '2021-03-02 01:07:18', '2021-03-02 01:07:18', NULL),
(682, 281, 303, '28.000', '17.75', NULL, '2021-03-02 01:28:53', '2021-03-02 01:28:53', NULL),
(683, 282, 303, '28.000', '18.25', NULL, '2021-03-02 01:28:53', '2021-03-02 01:28:53', NULL),
(684, 283, 303, '28.000', '19.00', NULL, '2021-03-02 01:28:53', '2021-03-02 01:28:53', NULL),
(685, 284, 304, '1.000', '100.00', NULL, '2021-03-04 18:50:59', '2021-03-04 18:50:59', NULL),
(686, 285, 304, '1.000', '150.00', NULL, '2021-03-04 18:51:00', '2021-03-04 18:51:00', NULL),
(687, 286, 304, '1.000', '300.00', NULL, '2021-03-04 18:51:00', '2021-03-04 18:51:00', NULL),
(688, 287, 305, '1.000', '150.00', NULL, '2021-03-04 18:55:25', '2021-03-04 18:55:25', NULL),
(689, 288, 305, '1.000', '200.00', NULL, '2021-03-04 18:55:25', '2021-03-04 18:55:25', NULL),
(690, 289, 305, '1.000', '300.00', NULL, '2021-03-04 18:55:25', '2021-03-04 18:55:25', NULL),
(691, 290, 306, '12.000', '150.00', NULL, '2021-03-04 19:05:55', '2021-03-04 19:05:55', NULL),
(692, 291, 306, '12.000', '200.00', NULL, '2021-03-04 19:05:55', '2021-03-04 19:05:55', NULL),
(693, 292, 306, '12.000', '300.00', NULL, '2021-03-04 19:05:55', '2021-03-04 19:05:55', NULL),
(694, 293, 307, '1.000', '100.00', NULL, '2021-03-04 19:07:36', '2021-03-04 19:07:36', NULL),
(695, 294, 307, '1.000', '150.00', NULL, '2021-03-04 19:07:37', '2021-03-04 19:07:37', NULL),
(696, 295, 307, '1.000', '300.00', NULL, '2021-03-04 19:07:37', '2021-03-04 19:07:37', NULL),
(697, 296, 308, '1.000', '100.00', NULL, '2021-03-04 19:08:47', '2021-03-04 19:08:47', NULL),
(698, 297, 308, '1.000', '150.00', NULL, '2021-03-04 19:08:47', '2021-03-04 19:08:47', NULL),
(699, 298, 308, '1.000', '300.00', NULL, '2021-03-04 19:08:47', '2021-03-04 19:08:47', NULL),
(700, 299, 309, '4.000', '150.00', NULL, '2021-03-04 19:10:01', '2021-03-04 19:10:01', NULL),
(701, 300, 309, '4.000', '200.00', NULL, '2021-03-04 19:10:01', '2021-03-04 19:10:01', NULL),
(702, 301, 309, '4.000', '300.00', NULL, '2021-03-04 19:10:01', '2021-03-04 19:10:01', NULL),
(703, 302, 312, '1.000', '410.00', NULL, '2021-03-04 19:16:52', '2021-03-04 19:16:52', NULL),
(704, 303, 312, '1.000', '420.00', NULL, '2021-03-04 19:16:52', '2021-03-04 19:16:52', NULL),
(705, 304, 312, '1.000', '1200.00', NULL, '2021-03-04 19:16:52', '2021-03-04 19:16:52', NULL),
(706, 305, 313, '1.000', '455.00', NULL, '2021-03-04 19:22:28', '2021-03-04 19:22:28', NULL),
(707, 306, 313, '1.000', '465.00', NULL, '2021-03-04 19:22:28', '2021-03-04 19:22:28', NULL),
(708, 307, 313, '1.000', '475.00', NULL, '2021-03-04 19:22:28', '2021-03-04 19:22:28', NULL),
(709, 308, 310, '1.000', '200.00', NULL, '2021-03-04 19:23:38', '2021-03-04 19:23:38', NULL),
(710, 309, 310, '1.000', '250.00', NULL, '2021-03-04 19:23:38', '2021-03-04 19:23:38', NULL),
(711, 310, 310, '1.000', '300.00', NULL, '2021-03-04 19:23:38', '2021-03-04 19:23:38', NULL),
(712, 311, 311, '2.000', '101.00', NULL, '2021-03-04 19:25:06', '2021-03-04 19:25:06', NULL),
(713, 312, 311, '2.000', '110.00', NULL, '2021-03-04 19:25:06', '2021-03-04 19:25:06', NULL),
(714, 313, 311, '2.000', '150.00', NULL, '2021-03-04 19:25:06', '2021-03-04 19:25:06', NULL),
(715, 314, 314, '2.000', '40.00', '2021-03-04 19:39:29', '2021-03-04 19:26:19', '2021-03-04 19:39:29', NULL),
(716, 315, 314, '2.000', '60.00', '2021-03-04 19:39:29', '2021-03-04 19:26:19', '2021-03-04 19:39:29', NULL),
(717, 316, 314, '2.000', '80.00', '2021-03-04 19:39:29', '2021-03-04 19:26:19', '2021-03-04 19:39:29', NULL),
(718, 317, 315, '2.000', '10.00', '2021-03-04 19:39:57', '2021-03-04 19:29:13', '2021-03-04 19:39:57', NULL),
(719, 318, 315, '2.000', '25.00', '2021-03-04 19:39:57', '2021-03-04 19:29:13', '2021-03-04 19:39:57', NULL),
(720, 319, 315, '2.000', '30.00', '2021-03-04 19:39:57', '2021-03-04 19:29:13', '2021-03-04 19:39:57', NULL),
(721, 320, 316, '1.000', '36.00', '2021-03-04 19:40:35', '2021-03-04 19:34:03', '2021-03-04 19:40:35', NULL),
(722, 321, 316, '1.000', '46.00', '2021-03-04 19:40:35', '2021-03-04 19:34:03', '2021-03-04 19:40:35', NULL),
(723, 322, 316, '1.000', '60.00', '2021-03-04 19:40:35', '2021-03-04 19:34:04', '2021-03-04 19:40:35', NULL),
(724, 323, 317, '1.000', '15.00', '2021-03-04 19:40:59', '2021-03-04 19:36:43', '2021-03-04 19:40:59', NULL),
(725, 324, 317, '1.000', '25.00', '2021-03-04 19:40:59', '2021-03-04 19:36:43', '2021-03-04 19:40:59', NULL),
(726, 325, 317, '1.000', '30.00', '2021-03-04 19:40:59', '2021-03-04 19:36:43', '2021-03-04 19:40:59', NULL),
(727, 326, 314, '2.000', '40.00', NULL, '2021-03-04 19:50:17', '2021-03-04 19:50:17', NULL),
(728, 326, 315, '2.000', '10.00', NULL, '2021-03-04 19:50:17', '2021-03-04 19:50:17', NULL),
(729, 326, 316, '1.000', '36.00', NULL, '2021-03-04 19:50:18', '2021-03-04 19:50:18', NULL),
(730, 326, 317, '1.000', '15.00', NULL, '2021-03-04 19:50:18', '2021-03-04 19:50:18', NULL),
(731, 326, 318, '2.000', '24.00', NULL, '2021-03-04 19:50:18', '2021-03-04 19:50:18', NULL),
(732, 326, 319, '1.000', '15.00', NULL, '2021-03-04 19:50:18', '2021-03-04 19:50:18', NULL),
(733, 327, 314, '2.000', '50.00', NULL, '2021-03-04 19:50:18', '2021-03-04 19:50:18', NULL),
(734, 327, 315, '2.000', '22.00', NULL, '2021-03-04 19:50:18', '2021-03-04 19:50:18', NULL),
(735, 327, 316, '1.000', '38.00', NULL, '2021-03-04 19:50:18', '2021-03-04 19:50:18', NULL),
(736, 327, 317, '1.000', '18.00', NULL, '2021-03-04 19:50:18', '2021-03-04 19:50:18', NULL),
(737, 327, 318, '2.000', '26.00', NULL, '2021-03-04 19:50:18', '2021-03-04 19:50:18', NULL),
(738, 327, 319, '1.000', '17.00', NULL, '2021-03-04 19:50:18', '2021-03-04 19:50:18', NULL),
(739, 328, 314, '2.000', '60.00', NULL, '2021-03-04 19:50:18', '2021-03-04 19:50:18', NULL),
(740, 328, 315, '2.000', '28.00', NULL, '2021-03-04 19:50:18', '2021-03-04 19:50:18', NULL),
(741, 328, 316, '1.000', '40.00', NULL, '2021-03-04 19:50:18', '2021-03-04 19:50:18', NULL),
(742, 328, 317, '1.000', '20.00', NULL, '2021-03-04 19:50:18', '2021-03-04 19:50:18', NULL),
(743, 328, 318, '2.000', '28.00', NULL, '2021-03-04 19:50:18', '2021-03-04 19:50:18', NULL),
(744, 328, 319, '1.000', '20.00', NULL, '2021-03-04 19:50:18', '2021-03-04 19:50:18', NULL),
(745, 329, 326, '1.000', '178.00', NULL, '2021-03-05 00:22:48', '2021-03-05 00:22:48', NULL),
(746, 330, 326, '1.000', '190.00', NULL, '2021-03-05 00:22:48', '2021-03-05 00:22:48', NULL),
(747, 331, 326, '1.000', '210.00', NULL, '2021-03-05 00:22:48', '2021-03-05 00:22:48', NULL),
(748, 332, 327, '3.000', '114.00', NULL, '2021-03-05 00:27:10', '2021-03-05 00:27:10', NULL),
(749, 333, 327, '3.000', '125.00', NULL, '2021-03-05 00:27:10', '2021-03-05 00:27:10', NULL),
(750, 334, 327, '3.000', '130.00', NULL, '2021-03-05 00:27:10', '2021-03-05 00:27:10', NULL),
(751, 335, 328, '1.000', '4627.82', NULL, '2021-03-05 00:36:07', '2021-03-05 00:36:07', NULL),
(752, 336, 328, '1.000', '4900.00', NULL, '2021-03-05 00:36:07', '2021-03-05 00:36:07', NULL),
(753, 337, 328, '1.000', '5200.00', NULL, '2021-03-05 00:36:07', '2021-03-05 00:36:07', NULL),
(754, 338, 329, '3.000', '81.43', NULL, '2021-03-05 00:39:02', '2021-03-05 00:39:02', NULL),
(755, 339, 329, '3.000', '100.00', NULL, '2021-03-05 00:39:02', '2021-03-05 00:39:02', NULL),
(756, 340, 329, '3.000', '110.00', NULL, '2021-03-05 00:39:02', '2021-03-05 00:39:02', NULL),
(757, 341, 330, '1.000', '1485.00', NULL, '2021-03-05 00:41:46', '2021-03-05 00:41:46', NULL),
(758, 342, 330, '1.000', '1600.00', NULL, '2021-03-05 00:41:46', '2021-03-05 00:41:46', NULL),
(759, 343, 330, '1.000', '1750.00', NULL, '2021-03-05 00:41:46', '2021-03-05 00:41:46', NULL),
(760, 344, 331, '1.000', '59.00', NULL, '2021-03-05 00:43:42', '2021-03-05 00:43:42', NULL),
(761, 345, 331, '1.000', '65.00', NULL, '2021-03-05 00:43:42', '2021-03-05 00:43:42', NULL),
(762, 346, 331, '1.000', '75.00', NULL, '2021-03-05 00:43:43', '2021-03-05 00:43:43', NULL),
(763, 347, 332, '4.000', '279.00', NULL, '2021-03-05 00:52:54', '2021-03-05 00:52:54', NULL),
(764, 348, 332, '4.000', '290.00', NULL, '2021-03-05 00:52:54', '2021-03-05 00:52:54', NULL),
(765, 349, 332, '4.000', '310.00', NULL, '2021-03-05 00:52:54', '2021-03-05 00:52:54', NULL),
(766, 350, 333, '15.000', '10.00', NULL, '2021-03-05 00:59:47', '2021-03-05 00:59:47', NULL),
(767, 351, 333, '15.000', '12.00', NULL, '2021-03-05 00:59:47', '2021-03-05 00:59:47', NULL),
(768, 352, 333, '15.000', '15.00', NULL, '2021-03-05 00:59:47', '2021-03-05 00:59:47', NULL),
(769, 353, 334, '1.000', '490.71', NULL, '2021-03-05 01:01:57', '2021-03-05 01:01:57', NULL),
(770, 354, 334, '1.000', '510.00', NULL, '2021-03-05 01:01:57', '2021-03-05 01:01:57', NULL),
(771, 355, 334, '1.000', '540.00', NULL, '2021-03-05 01:01:57', '2021-03-05 01:01:57', NULL),
(772, 356, 335, '3.000', '40.00', NULL, '2021-03-05 01:07:29', '2021-03-05 01:07:29', NULL),
(773, 356, 336, '3.000', '40.00', NULL, '2021-03-05 01:07:29', '2021-03-05 01:07:29', NULL),
(774, 356, 337, '3.000', '30.00', NULL, '2021-03-05 01:07:29', '2021-03-05 01:07:29', NULL),
(775, 356, 338, '10.000', '12.00', NULL, '2021-03-05 01:07:29', '2021-03-05 01:07:29', NULL),
(776, 356, 339, '5.000', '60.00', NULL, '2021-03-05 01:07:29', '2021-03-05 01:07:29', NULL),
(777, 357, 335, '3.000', '45.00', NULL, '2021-03-05 01:07:29', '2021-03-05 01:07:29', NULL),
(778, 357, 336, '3.000', '45.00', NULL, '2021-03-05 01:07:29', '2021-03-05 01:07:29', NULL),
(779, 357, 337, '3.000', '35.00', NULL, '2021-03-05 01:07:29', '2021-03-05 01:07:29', NULL),
(780, 357, 338, '10.000', '14.00', NULL, '2021-03-05 01:07:29', '2021-03-05 01:07:29', NULL),
(781, 357, 339, '5.000', '65.00', NULL, '2021-03-05 01:07:29', '2021-03-05 01:07:29', NULL),
(782, 358, 335, '3.000', '55.00', NULL, '2021-03-05 01:07:29', '2021-03-05 01:07:29', NULL),
(783, 358, 336, '3.000', '55.00', NULL, '2021-03-05 01:07:29', '2021-03-05 01:07:29', NULL),
(784, 358, 337, '3.000', '35.00', NULL, '2021-03-05 01:07:29', '2021-03-05 01:07:29', NULL),
(785, 358, 338, '10.000', '16.00', NULL, '2021-03-05 01:07:29', '2021-03-05 01:07:29', NULL),
(786, 358, 339, '5.000', '75.00', NULL, '2021-03-05 01:07:29', '2021-03-05 01:07:29', NULL),
(787, 359, 340, '4.000', '260.00', NULL, '2021-03-05 01:09:33', '2021-03-05 01:09:33', NULL),
(788, 360, 340, '4.000', '280.00', NULL, '2021-03-05 01:09:33', '2021-03-05 01:09:33', NULL),
(789, 361, 340, '4.000', '300.00', NULL, '2021-03-05 01:09:34', '2021-03-05 01:09:34', NULL),
(790, 362, 341, '1.000', '339.43', NULL, '2021-03-05 01:11:14', '2021-03-05 01:11:14', NULL),
(791, 363, 341, '1.000', '380.00', NULL, '2021-03-05 01:11:14', '2021-03-05 01:11:14', NULL),
(792, 364, 341, '1.000', '390.00', NULL, '2021-03-05 01:11:14', '2021-03-05 01:11:14', NULL),
(793, 365, 342, '1.000', '180.86', NULL, '2021-03-05 01:13:18', '2021-03-05 01:13:18', NULL),
(794, 366, 342, '1.000', '210.00', NULL, '2021-03-05 01:13:19', '2021-03-05 01:13:19', NULL),
(795, 367, 342, '1.000', '230.00', NULL, '2021-03-05 01:13:19', '2021-03-05 01:13:19', NULL),
(796, 368, 343, '1.000', '1485.00', NULL, '2021-03-05 01:14:52', '2021-03-05 01:14:52', NULL),
(797, 369, 343, '1.000', '1510.00', NULL, '2021-03-05 01:14:52', '2021-03-05 01:14:52', NULL),
(798, 370, 343, '1.000', '1590.00', NULL, '2021-03-05 01:14:52', '2021-03-05 01:14:52', NULL),
(799, 371, 344, '3.000', '260.00', NULL, '2021-03-05 01:17:37', '2021-03-05 01:17:37', NULL),
(800, 372, 344, '3.000', '290.00', NULL, '2021-03-05 01:17:37', '2021-03-05 01:17:37', NULL),
(801, 373, 344, '3.000', '295.00', NULL, '2021-03-05 01:17:37', '2021-03-05 01:17:37', NULL),
(802, 374, 345, '1.000', '200.00', NULL, '2021-03-05 01:19:16', '2021-03-05 01:19:16', NULL),
(803, 375, 345, '1.000', '220.00', NULL, '2021-03-05 01:19:17', '2021-03-05 01:19:17', NULL),
(804, 376, 345, '1.000', '240.00', NULL, '2021-03-05 01:19:17', '2021-03-05 01:19:17', NULL),
(805, 377, 346, '1.000', '1200.00', NULL, '2021-03-05 01:22:32', '2021-03-05 01:22:32', NULL),
(806, 378, 346, '1.000', '1400.00', NULL, '2021-03-05 01:22:32', '2021-03-05 01:22:32', NULL),
(807, 379, 346, '1.000', '1600.00', NULL, '2021-03-05 01:22:32', '2021-03-05 01:22:32', NULL),
(808, 380, 347, '1.000', '280.00', NULL, '2021-03-05 03:46:46', '2021-03-05 03:46:46', NULL),
(809, 381, 347, '1.000', '283.00', NULL, '2021-03-05 03:46:46', '2021-03-05 03:46:46', NULL),
(810, 382, 347, '1.000', '285.00', NULL, '2021-03-05 03:46:46', '2021-03-05 03:46:46', NULL),
(811, 383, 348, '2.000', '30.00', NULL, '2021-03-05 04:49:02', '2021-03-05 04:49:02', NULL),
(812, 383, 349, '1.000', '50.00', NULL, '2021-03-05 04:49:02', '2021-03-05 04:49:02', NULL),
(813, 384, 348, '2.000', '35.00', NULL, '2021-03-05 04:49:02', '2021-03-05 04:49:02', NULL),
(814, 384, 349, '1.000', '60.00', NULL, '2021-03-05 04:49:02', '2021-03-05 04:49:02', NULL),
(815, 385, 348, '2.000', '40.00', NULL, '2021-03-05 04:49:02', '2021-03-05 04:49:02', NULL),
(816, 385, 349, '1.000', '65.00', NULL, '2021-03-05 04:49:02', '2021-03-05 04:49:02', NULL),
(817, 386, 361, '1.000', '22500.00', NULL, '2021-03-08 01:51:13', '2021-03-08 01:51:13', NULL),
(818, 387, 361, '1.000', '23000.00', NULL, '2021-03-08 01:51:13', '2021-03-08 01:51:13', NULL),
(819, 388, 361, '1.000', '23500.00', NULL, '2021-03-08 01:51:13', '2021-03-08 01:51:13', NULL),
(820, 389, 362, '2.000', '165.00', NULL, '2021-03-09 18:04:12', '2021-03-09 18:04:12', NULL),
(821, 390, 362, '2.000', '190.00', NULL, '2021-03-09 18:04:12', '2021-03-09 18:04:12', NULL),
(822, 391, 362, '2.000', '210.00', NULL, '2021-03-09 18:04:12', '2021-03-09 18:04:12', NULL),
(823, 392, 363, '1.000', '50.00', NULL, '2021-03-09 23:55:17', '2021-03-09 23:55:17', NULL),
(824, 393, 363, '1.000', '60.00', NULL, '2021-03-09 23:55:18', '2021-03-09 23:55:18', NULL),
(825, 394, 363, '1.000', '65.00', NULL, '2021-03-09 23:55:18', '2021-03-09 23:55:18', NULL),
(826, 395, 364, '1.000', '40.00', NULL, '2021-03-10 00:11:23', '2021-03-10 00:11:23', NULL),
(827, 396, 364, '1.000', '45.00', NULL, '2021-03-10 00:11:23', '2021-03-10 00:11:23', NULL),
(828, 397, 364, '1.000', '55.00', NULL, '2021-03-10 00:11:23', '2021-03-10 00:11:23', NULL),
(829, 398, 365, '1.000', '60.00', NULL, '2021-03-10 00:13:54', '2021-03-10 00:13:54', NULL),
(830, 399, 365, '1.000', '65.00', NULL, '2021-03-10 00:13:54', '2021-03-10 00:13:54', NULL),
(831, 400, 365, '1.000', '70.00', NULL, '2021-03-10 00:13:55', '2021-03-10 00:13:55', NULL),
(832, 401, 366, '1.000', '83.00', NULL, '2021-03-10 00:16:55', '2021-03-10 00:16:55', NULL),
(833, 402, 366, '1.000', '95.00', NULL, '2021-03-10 00:16:55', '2021-03-10 00:16:55', NULL),
(834, 403, 366, '1.000', '105.00', NULL, '2021-03-10 00:16:55', '2021-03-10 00:16:55', NULL),
(835, 404, 367, '1.000', '29.00', NULL, '2021-03-10 00:20:38', '2021-03-10 00:20:38', NULL),
(836, 405, 367, '1.000', '35.00', NULL, '2021-03-10 00:20:38', '2021-03-10 00:20:38', NULL),
(837, 406, 367, '1.000', '45.00', NULL, '2021-03-10 00:20:38', '2021-03-10 00:20:38', NULL),
(838, 407, 368, '1.000', '54.00', NULL, '2021-03-10 00:22:52', '2021-03-10 00:22:52', NULL),
(839, 408, 368, '1.000', '65.00', NULL, '2021-03-10 00:22:52', '2021-03-10 00:22:52', NULL),
(840, 409, 368, '1.000', '70.00', NULL, '2021-03-10 00:22:52', '2021-03-10 00:22:52', NULL),
(841, 410, 369, '2.000', '5250.00', NULL, '2021-03-10 18:47:24', '2021-03-10 18:47:24', NULL),
(842, 411, 369, '2.000', '6000.00', NULL, '2021-03-10 18:47:24', '2021-03-10 18:47:24', NULL),
(843, 412, 369, '2.000', '7250.00', NULL, '2021-03-10 18:47:24', '2021-03-10 18:47:24', NULL),
(844, 413, 377, '1.000', '177.00', NULL, '2021-03-11 23:20:57', '2021-03-11 23:20:57', NULL),
(845, 414, 377, '1.000', '190.00', NULL, '2021-03-11 23:20:57', '2021-03-11 23:20:57', NULL),
(846, 415, 377, '1.000', '200.00', NULL, '2021-03-11 23:20:57', '2021-03-11 23:20:57', NULL),
(847, 416, 378, '8.000', '65.00', NULL, '2021-03-11 23:23:36', '2021-03-11 23:23:36', NULL),
(848, 417, 378, '8.000', '75.00', NULL, '2021-03-11 23:23:36', '2021-03-11 23:23:36', NULL),
(849, 418, 378, '8.000', '80.00', NULL, '2021-03-11 23:23:36', '2021-03-11 23:23:36', NULL),
(850, 419, 396, '4.000', '2000.00', NULL, '2021-03-14 18:12:42', '2021-03-14 18:12:42', NULL),
(851, 420, 396, '4.000', '2100.00', NULL, '2021-03-14 18:12:42', '2021-03-14 18:12:42', NULL),
(852, 421, 396, '4.000', '2300.00', NULL, '2021-03-14 18:12:42', '2021-03-14 18:12:42', NULL),
(853, 422, 397, '14.000', '2200.00', NULL, '2021-03-14 21:30:55', '2021-03-14 21:30:55', NULL),
(854, 423, 397, '14.000', '2400.00', NULL, '2021-03-14 21:30:55', '2021-03-14 21:30:55', NULL),
(855, 424, 397, '14.000', '2500.00', NULL, '2021-03-14 21:30:55', '2021-03-14 21:30:55', NULL),
(856, 425, 398, '1.000', '88.00', NULL, '2021-03-14 23:58:53', '2021-03-14 23:58:53', NULL),
(857, 425, 399, '1.000', '99.00', NULL, '2021-03-14 23:58:53', '2021-03-14 23:58:53', NULL),
(858, 425, 400, '1.000', '88.00', NULL, '2021-03-14 23:58:53', '2021-03-14 23:58:53', NULL),
(859, 425, 401, '1.000', '66.00', NULL, '2021-03-14 23:58:53', '2021-03-14 23:58:53', NULL),
(860, 425, 402, '1.000', '66.00', NULL, '2021-03-14 23:58:53', '2021-03-14 23:58:53', NULL),
(861, 425, 403, '1.000', '99.00', NULL, '2021-03-14 23:58:53', '2021-03-14 23:58:53', NULL),
(862, 425, 404, '1.000', '66.00', NULL, '2021-03-14 23:58:53', '2021-03-14 23:58:53', NULL),
(863, 426, 398, '1.000', '90.00', NULL, '2021-03-14 23:58:53', '2021-03-14 23:58:53', NULL),
(864, 426, 399, '1.000', '102.00', NULL, '2021-03-14 23:58:53', '2021-03-14 23:58:53', NULL),
(865, 426, 400, '1.000', '90.00', NULL, '2021-03-14 23:58:53', '2021-03-14 23:58:53', NULL),
(866, 426, 401, '1.000', '70.00', NULL, '2021-03-14 23:58:53', '2021-03-14 23:58:53', NULL),
(867, 426, 402, '1.000', '68.00', NULL, '2021-03-14 23:58:53', '2021-03-14 23:58:53', NULL),
(868, 426, 403, '1.000', '103.00', NULL, '2021-03-14 23:58:53', '2021-03-14 23:58:53', NULL),
(869, 426, 404, '1.000', '70.00', NULL, '2021-03-14 23:58:53', '2021-03-14 23:58:53', NULL),
(870, 427, 398, '1.000', '92.00', NULL, '2021-03-14 23:58:54', '2021-03-14 23:58:54', NULL),
(871, 427, 399, '1.000', '105.00', NULL, '2021-03-14 23:58:54', '2021-03-14 23:58:54', NULL),
(872, 427, 400, '1.000', '92.00', NULL, '2021-03-14 23:58:54', '2021-03-14 23:58:54', NULL),
(873, 427, 401, '1.000', '72.00', NULL, '2021-03-14 23:58:54', '2021-03-14 23:58:54', NULL),
(874, 427, 402, '1.000', '70.00', NULL, '2021-03-14 23:58:54', '2021-03-14 23:58:54', NULL),
(875, 427, 403, '1.000', '105.00', NULL, '2021-03-14 23:58:54', '2021-03-14 23:58:54', NULL),
(876, 427, 404, '1.000', '72.00', NULL, '2021-03-14 23:58:54', '2021-03-14 23:58:54', NULL),
(877, 428, 405, '1.000', '25.00', NULL, '2021-03-15 00:04:14', '2021-03-15 00:04:14', NULL),
(878, 428, 406, '1.000', '25.00', NULL, '2021-03-15 00:04:14', '2021-03-15 00:04:14', NULL),
(879, 428, 407, '1.000', '492.00', NULL, '2021-03-15 00:04:14', '2021-03-15 00:04:14', NULL),
(880, 428, 408, '1.000', '68.00', NULL, '2021-03-15 00:04:15', '2021-03-15 00:04:15', NULL),
(881, 428, 409, '1.000', '39.00', NULL, '2021-03-15 00:04:15', '2021-03-15 00:04:15', NULL),
(882, 428, 410, '1.000', '29.00', NULL, '2021-03-15 00:04:15', '2021-03-15 00:04:15', NULL),
(883, 428, 411, '1.000', '24.75', NULL, '2021-03-15 00:04:15', '2021-03-15 00:04:15', NULL),
(884, 428, 412, '1.000', '25.00', NULL, '2021-03-15 00:04:15', '2021-03-15 00:04:15', NULL),
(885, 428, 413, '1.000', '54.00', NULL, '2021-03-15 00:04:15', '2021-03-15 00:04:15', NULL),
(886, 428, 414, '1.000', '40.00', NULL, '2021-03-15 00:04:15', '2021-03-15 00:04:15', NULL),
(887, 429, 405, '1.000', '27.00', NULL, '2021-03-15 00:04:15', '2021-03-15 00:04:15', NULL),
(888, 429, 406, '1.000', '27.00', NULL, '2021-03-15 00:04:15', '2021-03-15 00:04:15', NULL),
(889, 429, 407, '1.000', '495.00', NULL, '2021-03-15 00:04:15', '2021-03-15 00:04:15', NULL),
(890, 429, 408, '1.000', '70.00', NULL, '2021-03-15 00:04:15', '2021-03-15 00:04:15', NULL),
(891, 429, 409, '1.000', '40.00', NULL, '2021-03-15 00:04:15', '2021-03-15 00:04:15', NULL),
(892, 429, 410, '1.000', '30.00', NULL, '2021-03-15 00:04:15', '2021-03-15 00:04:15', NULL),
(893, 429, 411, '1.000', '26.00', NULL, '2021-03-15 00:04:15', '2021-03-15 00:04:15', NULL),
(894, 429, 412, '1.000', '27.00', NULL, '2021-03-15 00:04:15', '2021-03-15 00:04:15', NULL),
(895, 429, 413, '1.000', '57.00', NULL, '2021-03-15 00:04:15', '2021-03-15 00:04:15', NULL),
(896, 429, 414, '1.000', '42.00', NULL, '2021-03-15 00:04:15', '2021-03-15 00:04:15', NULL),
(897, 430, 405, '1.000', '30.00', NULL, '2021-03-15 00:04:15', '2021-03-15 00:04:15', NULL),
(898, 430, 406, '1.000', '30.00', NULL, '2021-03-15 00:04:15', '2021-03-15 00:04:15', NULL),
(899, 430, 407, '1.000', '500.00', NULL, '2021-03-15 00:04:15', '2021-03-15 00:04:15', NULL),
(900, 430, 408, '1.000', '72.00', NULL, '2021-03-15 00:04:15', '2021-03-15 00:04:15', NULL),
(901, 430, 409, '1.000', '45.00', NULL, '2021-03-15 00:04:15', '2021-03-15 00:04:15', NULL),
(902, 430, 410, '1.000', '32.00', NULL, '2021-03-15 00:04:15', '2021-03-15 00:04:15', NULL),
(903, 430, 411, '1.000', '28.00', NULL, '2021-03-15 00:04:15', '2021-03-15 00:04:15', NULL),
(904, 430, 412, '1.000', '30.00', NULL, '2021-03-15 00:04:15', '2021-03-15 00:04:15', NULL),
(905, 430, 413, '1.000', '60.00', NULL, '2021-03-15 00:04:15', '2021-03-15 00:04:15', NULL),
(906, 430, 414, '1.000', '45.00', NULL, '2021-03-15 00:04:15', '2021-03-15 00:04:15', NULL),
(907, 431, 379, '7.000', '50.00', NULL, '2021-03-15 19:44:54', '2021-03-15 19:44:54', NULL),
(908, 432, 379, '7.000', '55.00', NULL, '2021-03-15 19:44:54', '2021-03-15 19:44:54', NULL),
(909, 433, 379, '7.000', '60.00', NULL, '2021-03-15 19:44:54', '2021-03-15 19:44:54', NULL),
(910, 434, 380, '5.000', '260.00', NULL, '2021-03-15 20:16:19', '2021-03-15 20:16:19', NULL),
(911, 435, 380, '5.000', '260.00', NULL, '2021-03-15 20:16:19', '2021-03-15 20:16:19', NULL),
(912, 436, 380, '5.000', '265.00', NULL, '2021-03-15 20:16:19', '2021-03-15 20:16:19', NULL),
(913, 437, 381, '2.000', '10.00', NULL, '2021-03-16 01:19:04', '2021-03-16 01:19:04', NULL),
(914, 437, 382, '5.000', '15.00', NULL, '2021-03-16 01:19:04', '2021-03-16 01:19:04', NULL),
(915, 437, 383, '1.000', '15.00', NULL, '2021-03-16 01:19:04', '2021-03-16 01:19:04', NULL),
(916, 437, 384, '4.000', '10.00', NULL, '2021-03-16 01:19:04', '2021-03-16 01:19:04', NULL),
(917, 438, 381, '2.000', '12.00', NULL, '2021-03-16 01:19:04', '2021-03-16 01:19:04', NULL),
(918, 438, 382, '2.000', '16.00', NULL, '2021-03-16 01:19:04', '2021-03-16 01:19:04', NULL),
(919, 438, 383, '1.000', '18.00', NULL, '2021-03-16 01:19:04', '2021-03-16 01:19:04', NULL),
(920, 438, 384, '4.000', '10.00', NULL, '2021-03-16 01:19:04', '2021-03-16 01:19:04', NULL),
(921, 439, 381, '2.000', '12.00', NULL, '2021-03-16 01:19:04', '2021-03-16 01:19:04', NULL),
(922, 439, 382, '5.000', '18.00', NULL, '2021-03-16 01:19:04', '2021-03-16 01:19:04', NULL),
(923, 439, 383, '1.000', '20.00', NULL, '2021-03-16 01:19:04', '2021-03-16 01:19:04', NULL),
(924, 439, 384, '4.000', '12.00', NULL, '2021-03-16 01:19:04', '2021-03-16 01:19:04', NULL),
(925, 440, 385, '2.000', '57.00', NULL, '2021-03-16 01:47:55', '2021-03-16 01:47:55', NULL),
(926, 441, 385, '2.000', '80.00', NULL, '2021-03-16 01:47:55', '2021-03-16 01:47:55', NULL),
(927, 442, 385, '2.000', '85.00', NULL, '2021-03-16 01:47:55', '2021-03-16 01:47:55', NULL),
(928, 443, 386, '1.000', '456.86', NULL, '2021-03-16 02:08:12', '2021-03-16 02:08:12', NULL),
(929, 444, 386, '1.000', '480.00', NULL, '2021-03-16 02:08:12', '2021-03-16 02:08:12', NULL),
(930, 445, 386, '1.000', '500.00', NULL, '2021-03-16 02:08:12', '2021-03-16 02:08:12', NULL),
(931, 446, 387, '1.000', '452.43', NULL, '2021-03-16 02:13:02', '2021-03-16 02:13:02', NULL),
(932, 447, 387, '1.000', '520.00', NULL, '2021-03-16 02:13:02', '2021-03-16 02:13:02', NULL),
(933, 448, 387, '1.000', '550.00', NULL, '2021-03-16 02:13:02', '2021-03-16 02:13:02', NULL),
(934, 449, 415, '3.000', '350.00', NULL, '2021-03-16 18:27:44', '2021-03-16 18:27:44', NULL),
(935, 449, 416, '2.000', '300.00', NULL, '2021-03-16 18:27:44', '2021-03-16 18:27:44', NULL),
(936, 449, 417, '1.000', '389.00', NULL, '2021-03-16 18:27:44', '2021-03-16 18:27:44', NULL),
(937, 449, 418, '2.000', '1995.00', NULL, '2021-03-16 18:27:44', '2021-03-16 18:27:44', NULL),
(938, 449, 419, '2.000', '78.00', NULL, '2021-03-16 18:27:44', '2021-03-16 18:27:44', NULL),
(939, 449, 420, '1.000', '78.00', NULL, '2021-03-16 18:27:44', '2021-03-16 18:27:44', NULL),
(940, 449, 421, '2.000', '74.00', NULL, '2021-03-16 18:27:44', '2021-03-16 18:27:44', NULL),
(941, 449, 422, '2.000', '127.00', NULL, '2021-03-16 18:27:44', '2021-03-16 18:27:44', NULL),
(942, 449, 423, '2.000', '127.00', NULL, '2021-03-16 18:27:44', '2021-03-16 18:27:44', NULL),
(943, 449, 424, '1.000', '1144.00', NULL, '2021-03-16 18:27:44', '2021-03-16 18:27:44', NULL),
(944, 450, 415, '3.000', '360.00', NULL, '2021-03-16 18:27:44', '2021-03-16 18:27:44', NULL),
(945, 450, 416, '2.000', '310.00', NULL, '2021-03-16 18:27:44', '2021-03-16 18:27:44', NULL),
(946, 450, 417, '1.000', '410.00', NULL, '2021-03-16 18:27:44', '2021-03-16 18:27:44', NULL),
(947, 450, 418, '2.000', '2000.00', NULL, '2021-03-16 18:27:44', '2021-03-16 18:27:44', NULL),
(948, 450, 419, '2.000', '80.00', NULL, '2021-03-16 18:27:44', '2021-03-16 18:27:44', NULL),
(949, 450, 420, '1.000', '80.00', NULL, '2021-03-16 18:27:44', '2021-03-16 18:27:44', NULL),
(950, 450, 421, '2.000', '80.00', NULL, '2021-03-16 18:27:44', '2021-03-16 18:27:44', NULL),
(951, 450, 422, '2.000', '130.00', NULL, '2021-03-16 18:27:44', '2021-03-16 18:27:44', NULL),
(952, 450, 423, '2.000', '130.00', NULL, '2021-03-16 18:27:44', '2021-03-16 18:27:44', NULL),
(953, 450, 424, '1.000', '1200.00', NULL, '2021-03-16 18:27:45', '2021-03-16 18:27:45', NULL),
(954, 451, 415, '3.000', '360.00', NULL, '2021-03-16 18:27:45', '2021-03-16 18:27:45', NULL),
(955, 451, 416, '2.000', '320.00', NULL, '2021-03-16 18:27:45', '2021-03-16 18:27:45', NULL),
(956, 451, 417, '1.000', '420.00', NULL, '2021-03-16 18:27:45', '2021-03-16 18:27:45', NULL),
(957, 451, 418, '2.000', '2100.00', NULL, '2021-03-16 18:27:45', '2021-03-16 18:27:45', NULL),
(958, 451, 419, '2.000', '90.00', NULL, '2021-03-16 18:27:45', '2021-03-16 18:27:45', NULL),
(959, 451, 420, '1.000', '83.00', NULL, '2021-03-16 18:27:45', '2021-03-16 18:27:45', NULL),
(960, 451, 421, '2.000', '82.00', NULL, '2021-03-16 18:27:45', '2021-03-16 18:27:45', NULL),
(961, 451, 422, '2.000', '132.00', NULL, '2021-03-16 18:27:45', '2021-03-16 18:27:45', NULL),
(962, 451, 423, '2.000', '133.00', NULL, '2021-03-16 18:27:45', '2021-03-16 18:27:45', NULL),
(963, 451, 424, '1.000', '1300.00', NULL, '2021-03-16 18:27:45', '2021-03-16 18:27:45', NULL),
(964, 452, 425, '1.000', '850.00', NULL, '2021-03-16 22:00:01', '2021-03-16 22:00:01', NULL),
(965, 452, 426, '1.000', '2500.00', NULL, '2021-03-16 22:00:01', '2021-03-16 22:00:01', NULL),
(966, 452, 427, '1.000', '2500.00', NULL, '2021-03-16 22:00:01', '2021-03-16 22:00:01', NULL),
(967, 453, 425, '1.000', '950.00', NULL, '2021-03-16 22:00:01', '2021-03-16 22:00:01', NULL),
(968, 453, 426, '1.000', '2600.00', NULL, '2021-03-16 22:00:01', '2021-03-16 22:00:01', NULL),
(969, 453, 427, '1.000', '2600.00', NULL, '2021-03-16 22:00:01', '2021-03-16 22:00:01', NULL),
(970, 454, 425, '1.000', '1000.00', NULL, '2021-03-16 22:00:01', '2021-03-16 22:00:01', NULL),
(971, 454, 426, '1.000', '2700.00', NULL, '2021-03-16 22:00:01', '2021-03-16 22:00:01', NULL),
(972, 454, 427, '1.000', '2700.00', NULL, '2021-03-16 22:00:01', '2021-03-16 22:00:01', NULL),
(973, 455, 388, '2.000', '549.00', NULL, '2021-03-17 00:17:31', '2021-03-17 00:17:31', NULL),
(974, 456, 388, '2.000', '550.00', NULL, '2021-03-17 00:17:31', '2021-03-17 00:17:31', NULL),
(975, 457, 388, '2.000', '560.00', NULL, '2021-03-17 00:17:31', '2021-03-17 00:17:31', NULL),
(976, 458, 389, '15.000', '40.00', NULL, '2021-03-17 00:53:17', '2021-03-17 00:53:17', NULL),
(977, 459, 389, '15.000', '75.00', NULL, '2021-03-17 00:53:18', '2021-03-17 00:53:18', NULL),
(978, 460, 389, '15.000', '125.00', NULL, '2021-03-17 00:53:18', '2021-03-17 00:53:18', NULL),
(979, 461, 390, '10.000', '20.00', NULL, '2021-03-17 01:19:02', '2021-03-17 01:19:02', NULL),
(980, 462, 390, '10.000', '55.00', NULL, '2021-03-17 01:19:02', '2021-03-17 01:19:02', NULL),
(981, 463, 390, '10.000', '75.00', NULL, '2021-03-17 01:19:02', '2021-03-17 01:19:02', NULL),
(982, 464, 391, '1.000', '280.00', NULL, '2021-03-17 01:31:08', '2021-03-17 01:31:08', NULL),
(983, 465, 391, '1.000', '300.00', NULL, '2021-03-17 01:31:08', '2021-03-17 01:31:08', NULL),
(984, 466, 391, '1.000', '350.00', NULL, '2021-03-17 01:31:08', '2021-03-17 01:31:08', NULL),
(985, 467, 392, '1.000', '267.50', NULL, '2021-03-17 01:44:19', '2021-03-17 01:44:19', NULL),
(986, 467, 393, '1.000', '127.65', NULL, '2021-03-17 01:44:19', '2021-03-17 01:44:19', NULL),
(987, 467, 394, '1.000', '146.80', NULL, '2021-03-17 01:44:19', '2021-03-17 01:44:19', NULL),
(988, 468, 392, '1.000', '280.00', NULL, '2021-03-17 01:44:19', '2021-03-17 01:44:19', NULL),
(989, 468, 393, '1.000', '130.00', NULL, '2021-03-17 01:44:19', '2021-03-17 01:44:19', NULL),
(990, 468, 394, '1.000', '150.00', NULL, '2021-03-17 01:44:19', '2021-03-17 01:44:19', NULL),
(991, 469, 392, '1.000', '285.00', NULL, '2021-03-17 01:44:19', '2021-03-17 01:44:19', NULL),
(992, 469, 393, '1.000', '138.00', NULL, '2021-03-17 01:44:20', '2021-03-17 01:44:20', NULL),
(993, 469, 394, '1.000', '155.00', NULL, '2021-03-17 01:44:20', '2021-03-17 01:44:20', NULL),
(994, 470, 395, '25.000', '157.00', NULL, '2021-03-17 19:19:27', '2021-03-17 19:19:27', NULL),
(995, 471, 395, '25.000', '179.00', NULL, '2021-03-17 19:19:27', '2021-03-17 19:19:27', NULL),
(996, 472, 395, '25.000', '220.00', NULL, '2021-03-17 19:19:27', '2021-03-17 19:19:27', NULL),
(997, 473, 428, '1.000', '150.00', NULL, '2021-03-18 21:56:38', '2021-03-18 21:56:38', NULL),
(998, 473, 429, '1.000', '100.00', NULL, '2021-03-18 21:56:38', '2021-03-18 21:56:38', NULL),
(999, 473, 430, '1.000', '100.00', NULL, '2021-03-18 21:56:38', '2021-03-18 21:56:38', NULL),
(1000, 474, 428, '1.000', '160.00', NULL, '2021-03-18 21:56:38', '2021-03-18 21:56:38', NULL),
(1001, 474, 429, '1.000', '120.00', NULL, '2021-03-18 21:56:38', '2021-03-18 21:56:38', NULL),
(1002, 474, 430, '1.000', '120.00', NULL, '2021-03-18 21:56:38', '2021-03-18 21:56:38', NULL),
(1003, 475, 428, '1.000', '170.00', NULL, '2021-03-18 21:56:38', '2021-03-18 21:56:38', NULL),
(1004, 475, 429, '1.000', '130.00', NULL, '2021-03-18 21:56:38', '2021-03-18 21:56:38', NULL),
(1005, 475, 430, '1.000', '130.00', NULL, '2021-03-18 21:56:38', '2021-03-18 21:56:38', NULL),
(1006, 476, 431, '1.000', '280.00', NULL, '2021-03-18 22:32:56', '2021-03-18 22:32:56', NULL),
(1007, 476, 432, '1.000', '60.00', NULL, '2021-03-18 22:32:56', '2021-03-18 22:32:56', NULL),
(1008, 476, 433, '1.000', '120.00', NULL, '2021-03-18 22:32:56', '2021-03-18 22:32:56', NULL),
(1009, 476, 434, '3.000', '10.00', NULL, '2021-03-18 22:32:56', '2021-03-18 22:32:56', NULL),
(1010, 476, 435, '1.000', '60.00', NULL, '2021-03-18 22:32:56', '2021-03-18 22:32:56', NULL),
(1011, 477, 431, '1.000', '290.00', NULL, '2021-03-18 22:32:56', '2021-03-18 22:32:56', NULL),
(1012, 477, 432, '1.000', '70.00', NULL, '2021-03-18 22:32:56', '2021-03-18 22:32:56', NULL),
(1013, 477, 433, '1.000', '130.00', NULL, '2021-03-18 22:32:56', '2021-03-18 22:32:56', NULL),
(1014, 477, 434, '3.000', '15.00', NULL, '2021-03-18 22:32:56', '2021-03-18 22:32:56', NULL),
(1015, 477, 435, '1.000', '70.00', NULL, '2021-03-18 22:32:56', '2021-03-18 22:32:56', NULL),
(1016, 478, 431, '1.000', '300.00', NULL, '2021-03-18 22:32:56', '2021-03-18 22:32:56', NULL),
(1017, 478, 432, '1.000', '80.00', NULL, '2021-03-18 22:32:56', '2021-03-18 22:32:56', NULL),
(1018, 478, 433, '1.000', '150.00', NULL, '2021-03-18 22:32:56', '2021-03-18 22:32:56', NULL),
(1019, 478, 434, '3.000', '20.00', NULL, '2021-03-18 22:32:56', '2021-03-18 22:32:56', NULL),
(1020, 478, 435, '1.000', '80.00', NULL, '2021-03-18 22:32:56', '2021-03-18 22:32:56', NULL),
(1021, 479, 436, '1.000', '800.00', NULL, '2021-03-18 22:38:12', '2021-03-18 22:38:12', NULL),
(1022, 480, 436, '1.000', '900.00', NULL, '2021-03-18 22:38:12', '2021-03-18 22:38:12', NULL),
(1023, 481, 436, '1.000', '1000.00', NULL, '2021-03-18 22:38:12', '2021-03-18 22:38:12', NULL),
(1024, 482, 446, '1.000', '100.00', NULL, '2021-03-21 19:56:27', '2021-03-21 19:56:27', NULL),
(1025, 482, 447, '1.000', '900.00', NULL, '2021-03-21 19:56:27', '2021-03-21 19:56:27', NULL),
(1026, 482, 448, '1.000', '100.00', NULL, '2021-03-21 19:56:27', '2021-03-21 19:56:27', NULL),
(1027, 483, 446, '1.000', '120.00', NULL, '2021-03-21 19:56:27', '2021-03-21 19:56:27', NULL),
(1028, 483, 447, '1.000', '1000.00', NULL, '2021-03-21 19:56:27', '2021-03-21 19:56:27', NULL),
(1029, 483, 448, '1.000', '120.00', NULL, '2021-03-21 19:56:27', '2021-03-21 19:56:27', NULL),
(1030, 484, 446, '1.000', '130.00', NULL, '2021-03-21 19:56:27', '2021-03-21 19:56:27', NULL),
(1031, 484, 447, '1.000', '1100.00', NULL, '2021-03-21 19:56:27', '2021-03-21 19:56:27', NULL),
(1032, 484, 448, '1.000', '130.00', NULL, '2021-03-21 19:56:27', '2021-03-21 19:56:27', NULL),
(1033, 485, 449, '8.000', '1400.00', NULL, '2021-03-21 22:17:11', '2021-03-21 22:17:11', NULL),
(1034, 486, 449, '8.000', '1600.00', NULL, '2021-03-21 22:17:11', '2021-03-21 22:17:11', NULL),
(1035, 487, 449, '8.000', '1700.00', NULL, '2021-03-21 22:17:11', '2021-03-21 22:17:11', NULL),
(1036, 488, 437, '2.000', '25.00', NULL, '2021-03-21 22:46:32', '2021-03-21 22:46:32', NULL),
(1037, 488, 438, '1.000', '450.00', NULL, '2021-03-21 22:46:32', '2021-03-21 22:46:32', NULL),
(1038, 489, 437, '2.000', '50.00', NULL, '2021-03-21 22:46:32', '2021-03-21 22:46:32', NULL),
(1039, 489, 438, '1.000', '560.00', NULL, '2021-03-21 22:46:32', '2021-03-21 22:46:32', NULL),
(1040, 490, 437, '2.000', '75.00', NULL, '2021-03-21 22:46:32', '2021-03-21 22:46:32', NULL),
(1041, 490, 438, '1.000', '600.00', NULL, '2021-03-21 22:46:32', '2021-03-21 22:46:32', NULL),
(1042, 491, 439, '1.000', '1700.00', NULL, '2021-03-21 22:49:35', '2021-03-21 22:49:35', NULL),
(1043, 492, 439, '1.000', '1860.00', NULL, '2021-03-21 22:49:35', '2021-03-21 22:49:35', NULL),
(1044, 493, 439, '1.000', '1900.00', NULL, '2021-03-21 22:49:35', '2021-03-21 22:49:35', NULL),
(1045, 494, 440, '1.000', '250.00', NULL, '2021-03-21 22:53:14', '2021-03-21 22:53:14', NULL),
(1046, 495, 440, '1.000', '350.00', NULL, '2021-03-21 22:53:14', '2021-03-21 22:53:14', NULL),
(1047, 496, 440, '1.000', '475.00', NULL, '2021-03-21 22:53:14', '2021-03-21 22:53:14', NULL),
(1048, 497, 441, '1.000', '120.00', NULL, '2021-03-21 23:15:23', '2021-03-21 23:15:23', NULL),
(1049, 497, 442, '1.000', '50.00', NULL, '2021-03-21 23:15:23', '2021-03-21 23:15:23', NULL),
(1050, 497, 443, '4.000', '10.00', NULL, '2021-03-21 23:15:23', '2021-03-21 23:15:23', NULL),
(1051, 497, 444, '1.000', '650.00', NULL, '2021-03-21 23:15:23', '2021-03-21 23:15:23', NULL),
(1052, 498, 441, '1.000', '150.00', NULL, '2021-03-21 23:15:23', '2021-03-21 23:15:23', NULL),
(1053, 498, 442, '1.000', '60.00', NULL, '2021-03-21 23:15:23', '2021-03-21 23:15:23', NULL),
(1054, 498, 443, '4.000', '15.00', NULL, '2021-03-21 23:15:24', '2021-03-21 23:15:24', NULL),
(1055, 498, 444, '1.000', '700.00', NULL, '2021-03-21 23:15:24', '2021-03-21 23:15:24', NULL),
(1056, 499, 441, '1.000', '165.00', NULL, '2021-03-21 23:15:24', '2021-03-21 23:15:24', NULL),
(1057, 499, 442, '1.000', '75.00', NULL, '2021-03-21 23:15:24', '2021-03-21 23:15:24', NULL),
(1058, 499, 443, '4.000', '15.00', NULL, '2021-03-21 23:15:24', '2021-03-21 23:15:24', NULL),
(1059, 499, 444, '1.000', '800.00', NULL, '2021-03-21 23:15:24', '2021-03-21 23:15:24', NULL),
(1060, 500, 445, '1.000', '300.00', NULL, '2021-03-21 23:26:24', '2021-03-21 23:26:24', NULL),
(1061, 501, 445, '1.000', '400.00', NULL, '2021-03-21 23:26:25', '2021-03-21 23:26:25', NULL),
(1062, 502, 445, '1.000', '450.00', NULL, '2021-03-21 23:26:25', '2021-03-21 23:26:25', NULL),
(1063, 503, 450, '50.000', '20.00', NULL, '2021-03-23 16:58:14', '2021-03-23 16:58:14', NULL),
(1064, 504, 450, '50.000', '23.00', NULL, '2021-03-23 16:58:14', '2021-03-23 16:58:14', NULL),
(1065, 505, 450, '50.000', '25.00', NULL, '2021-03-23 16:58:14', '2021-03-23 16:58:14', NULL),
(1066, 506, 451, '2.000', '125.00', NULL, '2021-03-23 17:04:23', '2021-03-23 17:04:23', NULL),
(1067, 507, 451, '2.000', '130.00', NULL, '2021-03-23 17:04:23', '2021-03-23 17:04:23', NULL),
(1068, 508, 451, '2.000', '140.00', NULL, '2021-03-23 17:04:23', '2021-03-23 17:04:23', NULL);
INSERT INTO `canvass_items` (`id`, `canvass_id`, `pr_item_id`, `available_quantity`, `unit_price`, `deleted_at`, `created_at`, `updated_at`, `created_by`) VALUES
(1069, 509, 452, '1.000', '65.00', NULL, '2021-03-23 17:14:16', '2021-03-23 17:14:16', NULL),
(1070, 509, 453, '4.000', '50.00', NULL, '2021-03-23 17:14:16', '2021-03-23 17:14:16', NULL),
(1071, 509, 454, '2.000', '40.00', NULL, '2021-03-23 17:14:17', '2021-03-23 17:14:17', NULL),
(1072, 509, 455, '1.000', '65.00', NULL, '2021-03-23 17:14:17', '2021-03-23 17:14:17', NULL),
(1073, 509, 456, '2.000', '32.00', NULL, '2021-03-23 17:14:17', '2021-03-23 17:14:17', NULL),
(1074, 509, 457, '3.000', '95.00', NULL, '2021-03-23 17:14:17', '2021-03-23 17:14:17', NULL),
(1075, 509, 458, '2.000', '65.00', NULL, '2021-03-23 17:14:17', '2021-03-23 17:14:17', NULL),
(1076, 509, 459, '4.000', '66.00', NULL, '2021-03-23 17:14:17', '2021-03-23 17:14:17', NULL),
(1077, 509, 460, '4.000', '25.00', NULL, '2021-03-23 17:14:17', '2021-03-23 17:14:17', NULL),
(1078, 509, 461, '30.000', '64.00', NULL, '2021-03-23 17:14:17', '2021-03-23 17:14:17', NULL),
(1079, 509, 462, '30.000', '1.00', NULL, '2021-03-23 17:14:17', '2021-03-23 17:14:17', NULL),
(1080, 509, 463, '2.000', '27.00', NULL, '2021-03-23 17:14:17', '2021-03-23 17:14:17', NULL),
(1081, 510, 452, '1.000', '67.00', NULL, '2021-03-23 17:14:17', '2021-03-23 17:14:17', NULL),
(1082, 510, 453, '4.000', '55.00', NULL, '2021-03-23 17:14:17', '2021-03-23 17:14:17', NULL),
(1083, 510, 454, '2.000', '43.00', NULL, '2021-03-23 17:14:17', '2021-03-23 17:14:17', NULL),
(1084, 510, 455, '1.000', '70.00', NULL, '2021-03-23 17:14:17', '2021-03-23 17:14:17', NULL),
(1085, 510, 456, '2.000', '35.00', NULL, '2021-03-23 17:14:17', '2021-03-23 17:14:17', NULL),
(1086, 510, 457, '3.000', '100.00', NULL, '2021-03-23 17:14:17', '2021-03-23 17:14:17', NULL),
(1087, 510, 458, '2.000', '70.00', NULL, '2021-03-23 17:14:17', '2021-03-23 17:14:17', NULL),
(1088, 510, 459, '4.000', '70.00', NULL, '2021-03-23 17:14:17', '2021-03-23 17:14:17', NULL),
(1089, 510, 460, '4.000', '30.00', NULL, '2021-03-23 17:14:17', '2021-03-23 17:14:17', NULL),
(1090, 510, 461, '30.000', '70.00', NULL, '2021-03-23 17:14:17', '2021-03-23 17:14:17', NULL),
(1091, 510, 462, '30.000', '2.00', NULL, '2021-03-23 17:14:17', '2021-03-23 17:14:17', NULL),
(1092, 510, 463, '2.000', '30.00', NULL, '2021-03-23 17:14:17', '2021-03-23 17:14:17', NULL),
(1093, 511, 452, '1.000', '70.00', NULL, '2021-03-23 17:14:17', '2021-03-23 17:14:17', NULL),
(1094, 511, 453, '4.000', '60.00', NULL, '2021-03-23 17:14:17', '2021-03-23 17:14:17', NULL),
(1095, 511, 454, '2.000', '45.00', NULL, '2021-03-23 17:14:17', '2021-03-23 17:14:17', NULL),
(1096, 511, 455, '1.000', '80.00', NULL, '2021-03-23 17:14:17', '2021-03-23 17:14:17', NULL),
(1097, 511, 456, '2.000', '40.00', NULL, '2021-03-23 17:14:17', '2021-03-23 17:14:17', NULL),
(1098, 511, 457, '3.000', '105.00', NULL, '2021-03-23 17:14:17', '2021-03-23 17:14:17', NULL),
(1099, 511, 458, '2.000', '75.00', NULL, '2021-03-23 17:14:17', '2021-03-23 17:14:17', NULL),
(1100, 511, 459, '4.000', '73.00', NULL, '2021-03-23 17:14:17', '2021-03-23 17:14:17', NULL),
(1101, 511, 460, '4.000', '42.00', NULL, '2021-03-23 17:14:17', '2021-03-23 17:14:17', NULL),
(1102, 511, 461, '30.000', '71.00', NULL, '2021-03-23 17:14:17', '2021-03-23 17:14:17', NULL),
(1103, 511, 462, '30.000', '3.00', NULL, '2021-03-23 17:14:17', '2021-03-23 17:14:17', NULL),
(1104, 511, 463, '2.000', '32.00', NULL, '2021-03-23 17:14:17', '2021-03-23 17:14:17', NULL),
(1105, 512, 464, '1.000', '300.00', NULL, '2021-03-23 17:22:08', '2021-03-23 17:22:08', NULL),
(1106, 512, 465, '1.000', '350.00', NULL, '2021-03-23 17:22:08', '2021-03-23 17:22:08', NULL),
(1107, 512, 466, '1.000', '450.00', NULL, '2021-03-23 17:22:08', '2021-03-23 17:22:08', NULL),
(1108, 512, 467, '1.000', '105.00', NULL, '2021-03-23 17:22:08', '2021-03-23 17:22:08', NULL),
(1109, 512, 468, '1.000', '38.00', NULL, '2021-03-23 17:22:08', '2021-03-23 17:22:08', NULL),
(1110, 512, 469, '1.000', '37.00', NULL, '2021-03-23 17:22:08', '2021-03-23 17:22:08', NULL),
(1111, 512, 470, '5.000', '10.00', NULL, '2021-03-23 17:22:08', '2021-03-23 17:22:08', NULL),
(1112, 512, 471, '9.000', '60.00', NULL, '2021-03-23 17:22:08', '2021-03-23 17:22:08', NULL),
(1113, 512, 472, '15.000', '855.00', NULL, '2021-03-23 17:22:08', '2021-03-23 17:22:08', NULL),
(1114, 513, 464, '1.000', '310.00', NULL, '2021-03-23 17:22:08', '2021-03-23 17:22:08', NULL),
(1115, 513, 465, '1.000', '360.00', NULL, '2021-03-23 17:22:08', '2021-03-23 17:22:08', NULL),
(1116, 513, 466, '1.000', '460.00', NULL, '2021-03-23 17:22:08', '2021-03-23 17:22:08', NULL),
(1117, 513, 467, '1.000', '110.00', NULL, '2021-03-23 17:22:08', '2021-03-23 17:22:08', NULL),
(1118, 513, 468, '1.000', '40.00', NULL, '2021-03-23 17:22:08', '2021-03-23 17:22:08', NULL),
(1119, 513, 469, '1.000', '40.00', NULL, '2021-03-23 17:22:08', '2021-03-23 17:22:08', NULL),
(1120, 513, 470, '5.000', '12.00', NULL, '2021-03-23 17:22:08', '2021-03-23 17:22:08', NULL),
(1121, 513, 471, '9.000', '70.00', NULL, '2021-03-23 17:22:08', '2021-03-23 17:22:08', NULL),
(1122, 513, 472, '15.000', '900.00', NULL, '2021-03-23 17:22:08', '2021-03-23 17:22:08', NULL),
(1123, 514, 464, '1.000', '320.00', NULL, '2021-03-23 17:22:08', '2021-03-23 17:22:08', NULL),
(1124, 514, 465, '1.000', '370.00', NULL, '2021-03-23 17:22:08', '2021-03-23 17:22:08', NULL),
(1125, 514, 466, '1.000', '470.00', NULL, '2021-03-23 17:22:08', '2021-03-23 17:22:08', NULL),
(1126, 514, 467, '1.000', '120.00', NULL, '2021-03-23 17:22:08', '2021-03-23 17:22:08', NULL),
(1127, 514, 468, '1.000', '45.00', NULL, '2021-03-23 17:22:08', '2021-03-23 17:22:08', NULL),
(1128, 514, 469, '1.000', '45.00', NULL, '2021-03-23 17:22:08', '2021-03-23 17:22:08', NULL),
(1129, 514, 470, '5.000', '15.00', NULL, '2021-03-23 17:22:08', '2021-03-23 17:22:08', NULL),
(1130, 514, 471, '9.000', '75.00', NULL, '2021-03-23 17:22:08', '2021-03-23 17:22:08', NULL),
(1131, 514, 472, '15.000', '910.00', NULL, '2021-03-23 17:22:09', '2021-03-23 17:22:09', NULL),
(1132, 515, 473, '6.000', '180.00', NULL, '2021-03-23 22:24:05', '2021-03-23 22:24:05', NULL),
(1133, 516, 473, '6.000', '190.00', NULL, '2021-03-23 22:24:05', '2021-03-23 22:24:05', NULL),
(1134, 517, 473, '6.000', '195.00', NULL, '2021-03-23 22:24:05', '2021-03-23 22:24:05', NULL),
(1135, 518, 474, '3.000', '160.00', NULL, '2021-03-23 22:26:52', '2021-03-23 22:26:52', NULL),
(1136, 519, 474, '3.000', '170.00', NULL, '2021-03-23 22:26:52', '2021-03-23 22:26:52', NULL),
(1137, 520, 474, '3.000', '175.00', NULL, '2021-03-23 22:26:52', '2021-03-23 22:26:52', NULL),
(1138, 521, 475, '1.000', '59.50', NULL, '2021-03-23 22:38:10', '2021-03-23 22:38:10', NULL),
(1139, 521, 476, '1.000', '42.95', NULL, '2021-03-23 22:38:10', '2021-03-23 22:38:10', NULL),
(1140, 521, 477, '3.000', '223.50', NULL, '2021-03-23 22:38:10', '2021-03-23 22:38:10', NULL),
(1141, 521, 478, '2.000', '109.95', NULL, '2021-03-23 22:38:10', '2021-03-23 22:38:10', NULL),
(1142, 521, 479, '1.000', '467.75', NULL, '2021-03-23 22:38:10', '2021-03-23 22:38:10', NULL),
(1143, 521, 480, '1.000', '139.25', NULL, '2021-03-23 22:38:10', '2021-03-23 22:38:10', NULL),
(1144, 521, 481, '1.000', '90.50', NULL, '2021-03-23 22:38:10', '2021-03-23 22:38:10', NULL),
(1145, 521, 482, '2.000', '31.50', NULL, '2021-03-23 22:38:10', '2021-03-23 22:38:10', NULL),
(1146, 521, 487, '1.000', '208.95', NULL, '2021-03-23 22:38:10', '2021-03-23 22:38:10', NULL),
(1147, 521, 523, '1.000', '351.95', NULL, '2021-03-23 22:38:10', '2021-03-23 22:38:10', NULL),
(1148, 522, 475, '1.000', '62.00', NULL, '2021-03-23 22:38:11', '2021-03-23 22:38:11', NULL),
(1149, 522, 476, '1.000', '50.00', NULL, '2021-03-23 22:38:11', '2021-03-23 22:38:11', NULL),
(1150, 522, 477, '3.000', '255.00', NULL, '2021-03-23 22:38:11', '2021-03-23 22:38:11', NULL),
(1151, 522, 478, '2.000', '110.00', NULL, '2021-03-23 22:38:11', '2021-03-23 22:38:11', NULL),
(1152, 522, 479, '1.000', '470.00', NULL, '2021-03-23 22:38:11', '2021-03-23 22:38:11', NULL),
(1153, 522, 480, '1.000', '140.00', NULL, '2021-03-23 22:38:11', '2021-03-23 22:38:11', NULL),
(1154, 522, 481, '1.000', '92.00', NULL, '2021-03-23 22:38:11', '2021-03-23 22:38:11', NULL),
(1155, 522, 482, '2.000', '65.00', NULL, '2021-03-23 22:38:11', '2021-03-23 22:38:11', NULL),
(1156, 522, 487, '1.000', '210.00', NULL, '2021-03-23 22:38:11', '2021-03-23 22:38:11', NULL),
(1157, 522, 523, '1.000', '360.00', NULL, '2021-03-23 22:38:11', '2021-03-23 22:38:11', NULL),
(1158, 523, 475, '1.000', '65.00', NULL, '2021-03-23 22:38:11', '2021-03-23 22:38:11', NULL),
(1159, 523, 476, '1.000', '65.00', NULL, '2021-03-23 22:38:11', '2021-03-23 22:38:11', NULL),
(1160, 523, 477, '3.000', '230.00', NULL, '2021-03-23 22:38:11', '2021-03-23 22:38:11', NULL),
(1161, 523, 478, '2.000', '120.00', NULL, '2021-03-23 22:38:11', '2021-03-23 22:38:11', NULL),
(1162, 523, 479, '1.000', '480.00', NULL, '2021-03-23 22:38:11', '2021-03-23 22:38:11', NULL),
(1163, 523, 480, '1.000', '150.00', NULL, '2021-03-23 22:38:11', '2021-03-23 22:38:11', NULL),
(1164, 523, 481, '1.000', '95.00', NULL, '2021-03-23 22:38:11', '2021-03-23 22:38:11', NULL),
(1165, 523, 482, '2.000', '70.00', NULL, '2021-03-23 22:38:11', '2021-03-23 22:38:11', NULL),
(1166, 523, 487, '1.000', '220.00', NULL, '2021-03-23 22:38:11', '2021-03-23 22:38:11', NULL),
(1167, 523, 523, '1.000', '370.00', NULL, '2021-03-23 22:38:11', '2021-03-23 22:38:11', NULL),
(1168, 524, 524, '1.000', '1900.00', NULL, '2021-03-24 00:03:30', '2021-03-24 00:03:30', NULL),
(1169, 524, 525, '1.000', '113.25', NULL, '2021-03-24 00:03:31', '2021-03-24 00:03:31', NULL),
(1170, 524, 526, '15.000', '32.25', NULL, '2021-03-24 00:03:31', '2021-03-24 00:03:31', NULL),
(1171, 525, 524, '1.000', '1950.00', NULL, '2021-03-24 00:03:31', '2021-03-24 00:03:31', NULL),
(1172, 525, 525, '1.000', '120.00', NULL, '2021-03-24 00:03:31', '2021-03-24 00:03:31', NULL),
(1173, 525, 526, '15.000', '35.00', NULL, '2021-03-24 00:03:31', '2021-03-24 00:03:31', NULL),
(1174, 526, 524, '1.000', '2000.00', NULL, '2021-03-24 00:03:31', '2021-03-24 00:03:31', NULL),
(1175, 526, 525, '1.000', '130.00', NULL, '2021-03-24 00:03:31', '2021-03-24 00:03:31', NULL),
(1176, 526, 526, '15.000', '40.00', NULL, '2021-03-24 00:03:31', '2021-03-24 00:03:31', NULL),
(1177, 527, 527, '2.000', '275.00', NULL, '2021-03-24 00:04:33', '2021-03-24 00:04:33', NULL),
(1178, 528, 527, '2.000', '280.00', NULL, '2021-03-24 00:04:33', '2021-03-24 00:04:33', NULL),
(1179, 529, 527, '2.000', '300.00', NULL, '2021-03-24 00:04:33', '2021-03-24 00:04:33', NULL);

-- --------------------------------------------------------

--
-- Table structure for table `categories`
--

CREATE TABLE `categories` (
  `id` bigint(20) UNSIGNED NOT NULL,
  `category_id` bigint(20) UNSIGNED DEFAULT NULL,
  `category_name` varchar(191) COLLATE utf8mb4_unicode_ci NOT NULL,
  `is_stored` tinyint(1) NOT NULL,
  `created_at` timestamp NULL DEFAULT NULL,
  `updated_at` timestamp NULL DEFAULT NULL,
  `deleted_at` timestamp NULL DEFAULT NULL,
  `created_by` bigint(20) UNSIGNED DEFAULT NULL
) ENGINE=InnoDB DEFAULT CHARSET=utf8mb4 COLLATE=utf8mb4_unicode_ci;

--
-- Dumping data for table `categories`
--

INSERT INTO `categories` (`id`, `category_id`, `category_name`, `is_stored`, `created_at`, `updated_at`, `deleted_at`, `created_by`) VALUES
(1, NULL, 'OFFICE EQUIPMENT', 0, '2020-03-20 06:50:42', '2020-03-20 06:50:42', NULL, NULL),
(2, NULL, 'OFFICE FURNITURE AND FIXTURES', 0, '2020-03-20 06:51:20', '2020-03-20 06:51:20', NULL, NULL),
(3, NULL, 'DISASTER EQUIPMENT', 0, '2020-03-20 06:51:48', '2020-03-20 06:51:48', NULL, NULL),
(7, NULL, 'LENOVO LAPTOP', 0, '2020-03-20 06:53:22', '2020-03-20 08:37:30', '2020-03-20 08:37:30', NULL),
(8, NULL, 'LEGAL SERVICE', 0, '2020-05-14 02:52:00', '2021-01-21 02:42:51', NULL, NULL),
(9, 1, 'Aircon', 1, '2020-05-14 06:20:53', '2020-05-14 06:20:53', NULL, NULL),
(10, NULL, 'Office Supplies', 0, '2020-05-14 07:38:45', '2020-05-14 08:15:17', '2020-05-14 08:15:17', NULL),
(11, NULL, 'Office Supplies', 0, '2020-05-14 08:15:32', '2020-05-14 08:17:43', '2020-05-14 08:17:43', NULL),
(12, NULL, 'OFFICE SUPPLIES', 0, '2020-05-14 08:17:49', '2021-01-21 02:45:22', NULL, NULL),
(13, 12, 'Office Supplies', 1, '2020-05-14 08:17:58', '2020-05-14 08:17:58', NULL, NULL),
(14, NULL, 'Construction Supplies and Materials', 0, '2020-05-14 09:47:37', '2020-05-14 09:47:37', NULL, NULL),
(15, NULL, '2020-01-002', 0, '2020-05-21 02:45:06', '2021-01-21 02:44:41', '2021-01-21 02:44:41', NULL),
(16, NULL, 'Other Maintenance and Operating Expenses', 0, '2020-09-03 23:47:10', '2020-09-03 23:47:10', NULL, NULL),
(17, NULL, 'Repair and Maintenance of Barangay Facilities', 0, '2020-11-25 21:14:45', '2020-11-25 21:14:45', NULL, NULL),
(18, NULL, 'Printing and Publication expenses', 0, '2021-01-06 19:37:19', '2021-01-06 19:37:19', NULL, NULL),
(19, NULL, 'Medicine For Health Center', 0, '2021-01-07 19:50:27', '2021-01-07 19:50:27', NULL, NULL),
(20, NULL, 'Transportation and Delivery Expenses', 0, '2021-01-13 00:33:53', '2021-01-13 00:33:53', NULL, NULL),
(21, NULL, 'TRAINING EXPENSES', 0, '2021-01-14 18:18:51', '2021-01-14 18:18:51', NULL, NULL),
(22, NULL, 'PARKING FEE', 0, '2021-01-14 19:13:52', '2021-01-14 19:13:52', NULL, NULL),
(23, NULL, 'Maintenance and Repair of Brgy. Owned Vehicle', 0, '2021-01-14 19:14:07', '2021-01-27 00:16:18', NULL, NULL),
(24, NULL, 'PRINTING AND BINDING', 0, '2021-01-14 19:14:39', '2021-01-14 19:14:39', NULL, NULL),
(25, NULL, 'R&M PROPERTY, PLANT & EQUIPMENT', 0, '2021-01-17 17:52:24', '2021-01-17 17:52:24', NULL, NULL),
(26, NULL, 'FOOD AND DRINKS', 0, '2021-01-17 19:36:56', '2021-01-17 19:36:56', NULL, NULL),
(27, NULL, 'Disaster Preparedness, Prevention & Mitigation', 0, '2021-01-25 17:51:43', '2021-01-25 17:51:43', NULL, NULL),
(28, NULL, 'Disaster Preparedness', 0, '2021-01-25 17:53:57', '2021-01-25 18:16:18', '2021-01-25 18:16:18', NULL),
(29, NULL, 'Repairs and Maintenance - Other Property, Plant and Equipment', 0, '2021-01-25 20:39:35', '2021-01-25 20:39:35', NULL, NULL),
(30, NULL, 'Other Cleaning Supplies and Materials', 0, '2021-02-08 01:37:17', '2021-02-08 01:37:17', NULL, NULL);

-- --------------------------------------------------------

--
-- Table structure for table `cedulas`
--

CREATE TABLE `cedulas` (
  `id` bigint(20) UNSIGNED NOT NULL,
  `ledger_id` bigint(20) UNSIGNED NOT NULL,
  `cedula_id` bigint(20) UNSIGNED NOT NULL,
  `issued_date` date NOT NULL,
  `item_1` decimal(14,2) DEFAULT NULL,
  `item_2` decimal(14,2) DEFAULT NULL,
  `item_3` decimal(14,2) DEFAULT NULL,
  `item_4` decimal(14,2) DEFAULT NULL,
  `item_5` decimal(14,2) DEFAULT NULL,
  `item_6` decimal(14,2) DEFAULT NULL,
  `item_7` decimal(14,2) DEFAULT NULL,
  `item_8` decimal(14,2) DEFAULT NULL,
  `item_9` decimal(14,2) DEFAULT NULL,
  `item_10` decimal(14,2) DEFAULT NULL,
  `due_date` date DEFAULT NULL,
  `ctc` varchar(191) COLLATE utf8mb4_unicode_ci DEFAULT NULL,
  `interest` decimal(14,2) DEFAULT NULL,
  `created_at` timestamp NULL DEFAULT NULL,
  `updated_at` timestamp NULL DEFAULT NULL,
  `deleted_at` timestamp NULL DEFAULT NULL,
  `created_by` bigint(20) UNSIGNED DEFAULT NULL
) ENGINE=InnoDB DEFAULT CHARSET=utf8mb4 COLLATE=utf8mb4_unicode_ci;

--
-- Dumping data for table `cedulas`
--

INSERT INTO `cedulas` (`id`, `ledger_id`, `cedula_id`, `issued_date`, `item_1`, `item_2`, `item_3`, `item_4`, `item_5`, `item_6`, `item_7`, `item_8`, `item_9`, `item_10`, `due_date`, `ctc`, `interest`, `created_at`, `updated_at`, `deleted_at`, `created_by`) VALUES
(2, 3, 330, '2020-01-07', '5.00', '0.00', '0.00', '0.00', '0.00', NULL, NULL, NULL, NULL, NULL, '1970-01-01', '20482918', NULL, '2021-01-27 00:40:34', '2021-01-28 00:40:50', NULL, 1),
(3, 3, 332, '2020-01-07', '5.00', '0.00', '0.00', '200.00', '0.00', NULL, NULL, NULL, NULL, NULL, '1970-01-01', '20482919', NULL, '2021-01-27 00:50:36', NULL, NULL, 1),
(4, 3, 333, '2020-01-07', '5.00', '0.00', '0.00', '200.00', '0.00', NULL, NULL, NULL, NULL, NULL, '1970-01-01', '20482920', '0.00', '2021-01-27 00:53:02', NULL, NULL, 1),
(5, 3, 336, '2020-07-07', '5.00', '0.00', '0.00', '50.00', '0.00', NULL, NULL, NULL, NULL, NULL, '1970-01-01', '20482921', '0.00', '2021-01-27 00:56:36', NULL, NULL, 1),
(6, 3, 337, '2020-01-07', '5.00', '0.00', '0.00', '50.00', '0.00', NULL, NULL, NULL, NULL, NULL, '1970-01-01', '20482922', '0.00', '2021-01-27 01:00:25', NULL, NULL, 1),
(7, 3, 338, '2020-01-07', '5.00', '0.00', '0.00', '50.00', '0.00', NULL, NULL, NULL, NULL, NULL, '1970-01-01', '20482923', '0.00', '2021-01-27 01:02:24', NULL, NULL, 1),
(8, 3, 339, '2020-01-07', '5.00', '0.00', '0.00', '0.00', '0.00', NULL, NULL, NULL, NULL, NULL, '1970-01-01', '20482924', '0.00', '2021-01-27 01:04:46', NULL, NULL, 1),
(9, 3, 11, '2020-01-07', '5.00', '0.00', '0.00', '50.00', '0.00', NULL, NULL, NULL, NULL, NULL, '1970-01-01', '20482925', '0.00', '2021-01-27 01:06:31', NULL, NULL, 1),
(10, 3, 344, '2020-01-07', '5.00', '0.00', '0.00', '50.00', '0.00', NULL, NULL, NULL, NULL, NULL, '1970-01-01', '20482926', '0.00', '2021-01-27 01:09:48', NULL, NULL, 1);

-- --------------------------------------------------------

--
-- Table structure for table `cedula_pad`
--

CREATE TABLE `cedula_pad` (
  `id` bigint(20) UNSIGNED NOT NULL,
  `cd_pad_start` bigint(20) UNSIGNED NOT NULL,
  `cd_pad_quantity` bigint(20) UNSIGNED NOT NULL,
  `deleted_at` timestamp NULL DEFAULT NULL,
  `created_at` timestamp NULL DEFAULT NULL,
  `updated_at` timestamp NULL DEFAULT NULL,
  `created_by` bigint(20) UNSIGNED DEFAULT NULL
) ENGINE=InnoDB DEFAULT CHARSET=utf8mb4 COLLATE=utf8mb4_unicode_ci;

-- --------------------------------------------------------

--
-- Table structure for table `disbursement_vouchers`
--

CREATE TABLE `disbursement_vouchers` (
  `id` bigint(20) UNSIGNED NOT NULL,
  `roa_id` bigint(20) UNSIGNED NOT NULL,
  `claimant_id` bigint(20) UNSIGNED NOT NULL,
  `check_number` varchar(191) COLLATE utf8mb4_unicode_ci NOT NULL,
  `voucher_no` varchar(191) COLLATE utf8mb4_unicode_ci DEFAULT NULL,
  `claimant_address` varchar(191) COLLATE utf8mb4_unicode_ci NOT NULL,
  `cheque_date` date NOT NULL,
  `due_date` date DEFAULT NULL,
  `mode` varchar(191) COLLATE utf8mb4_unicode_ci DEFAULT NULL,
  `tin` varchar(191) COLLATE utf8mb4_unicode_ci DEFAULT NULL,
  `invoice_no` varchar(191) COLLATE utf8mb4_unicode_ci DEFAULT NULL,
  `rer` varchar(191) COLLATE utf8mb4_unicode_ci DEFAULT NULL,
  `or_id` bigint(20) UNSIGNED DEFAULT NULL,
  `description` varchar(191) COLLATE utf8mb4_unicode_ci DEFAULT NULL,
  `created_at` timestamp NULL DEFAULT NULL,
  `updated_at` timestamp NULL DEFAULT NULL,
  `deleted_at` timestamp NULL DEFAULT NULL,
  `created_by` bigint(20) UNSIGNED DEFAULT NULL
) ENGINE=InnoDB DEFAULT CHARSET=utf8mb4 COLLATE=utf8mb4_unicode_ci;

--
-- Dumping data for table `disbursement_vouchers`
--

INSERT INTO `disbursement_vouchers` (`id`, `roa_id`, `claimant_id`, `check_number`, `voucher_no`, `claimant_address`, `cheque_date`, `due_date`, `mode`, `tin`, `invoice_no`, `rer`, `or_id`, `description`, `created_at`, `updated_at`, `deleted_at`, `created_by`) VALUES
(1, 1, 1, '735160', '2020-01-004', 'Balara', '2020-01-14', '2020-01-29', 'To Pay', NULL, NULL, NULL, NULL, 'Payment for Manila Water Bill (Dec. 14, 2019 to January 10, 2020)', '2020-03-20 03:57:54', '2021-01-20 23:17:20', NULL, NULL),
(2, 2, 2, '735161', '2020-01-008', 'Cubao Quezon City', '2020-01-14', '2020-01-30', 'To Pay', NULL, NULL, NULL, NULL, 'Payment for Meralco bill (Dec. 11, 2019 - January 14, 2020)', '2020-03-20 05:38:17', '2021-01-20 23:22:10', NULL, NULL),
(3, 3, 2, '735162', '2020-01-009', 'Cubao Quezon City', '2020-01-14', '2020-01-29', 'To Pay', NULL, NULL, NULL, NULL, 'To Pay for Meralco Bill (December 11 to January 14, 2020)', '2020-03-20 05:58:59', '2021-01-20 23:43:07', NULL, NULL),
(4, 4, 3, '735167', '2020-01-013', 'Brgy. San Antonio, Dist. 3', '2020-01-24', '2020-02-12', 'To Pay', NULL, NULL, NULL, NULL, 'Purchase of 4pcs. tarpaulin tents for Disaster', '2020-03-20 07:10:13', '2021-01-20 23:19:37', NULL, NULL),
(5, 5, 6, '735158', '2020-01-005', '30 ITC Cmpd., Saint Dominic St. Brgy. Canumay East Dist. 1, Valenzuela City', '2020-01-08', '2020-01-10', 'To Pay', '009-947-001-000', '0254', NULL, NULL, 'Purchase of Furniture for the new Barangay Hall', '2020-05-14 02:08:57', '2021-01-20 23:29:14', NULL, NULL),
(6, 6, 7, '735171', '2020-01-017', '5 Moonlight Loo, Brgy. Blue Ridge B, Q.C.', '2020-01-24', '2020-01-27', 'To Reimburse', '004-618-790', '012320-008, 011210-009,010720-006,010220-001, 010920-003, 010420-005,6433, 011720-007, 012120-010', NULL, NULL, 'To Pay for Legal Services', '2020-05-14 02:18:20', '2021-01-20 23:28:08', NULL, NULL),
(7, 7, 7, '735175', '2020-01-021', '5 Moonlight Loop, Brgy. Blue Ridge B, Q.C.', '2020-01-24', '2020-01-27', 'To Pay', '004-618-790', '0015148, 2026, 09498', NULL, NULL, 'Office Supplies', '2020-05-14 07:30:11', '2021-01-20 23:31:10', NULL, NULL),
(8, 8, 12, '735184', '2020-01-029', 'Unit A-308 Level 3, Eastwood Mall Eastwoood Cyber Park City Bagumbayan Quezon City', '2020-01-24', '2020-01-24', 'To Pay', '200-492-482-031', '279147', NULL, NULL, 'Purchase of Dot Matrix Printer', '2020-05-14 07:43:56', '2021-01-20 22:45:19', NULL, NULL),
(9, 9, 13, '735165', '2020-01-011', '383 Bonny Serrano Rd., Blue Ridge B, Quezon City', '2020-01-24', '2020-01-31', 'To Pay', '475-622-291-000`', '2820, 2821', NULL, NULL, 'To Pay for Construction Supplies and Materials for Repair and Maintenance of Barangay Health Center', '2020-05-14 09:43:38', '2021-01-20 23:34:05', NULL, NULL),
(10, 10, 7, '735185', '2020-01-030', '5 Moonlight Loop, Brgy. Blue Ridge B, Q.C.', '2020-01-24', '2020-01-30', 'To Reimburse', '004-618-790', '0023D3032-63437, 122119-106, 385450,0018D3025-162997, 18537,32226, 385231', NULL, NULL, 'Repair and Maintenance of Barangay Vehicle and Equipment', '2020-05-14 09:51:36', '2021-01-20 23:38:16', NULL, NULL),
(11, 11, 7, '735185', '2020-01-030', '5 Moonlight Loo, Brgy. Blue Ridge B, Q.C.', '2020-01-24', '2020-01-30', 'To Reimburse', '004-618-790', '23D3032-63437, 122119-106, 385450, 18D3025-162997, 18537,27873', NULL, NULL, NULL, '2020-05-14 10:08:48', '2021-01-20 22:50:21', NULL, NULL),
(12, 12, 7, '735176', '2020-01-022', '5 Moonlight Loop, Brgy. Blue Ridge B, Q.C.', '2020-01-24', '2020-01-31', 'To Withdraw', '004-618-790', '5968142, 5968143', NULL, NULL, 'To pay for chainsaw registration', '2020-05-20 08:36:41', '2021-01-20 23:41:15', NULL, NULL),
(13, 13, 2, '769578', '2020-06-208', 'Araneta Center Extension Office  Gen. Aguinaldo Q.C.- Cubao', '2020-06-03', '2020-05-30', 'To Pay', '000-101-528-000', '3202002', NULL, NULL, 'To Pay for Meralco bill with billing period April 10 to May 10, 2020', '2020-08-13 22:33:29', '2021-01-21 00:02:52', NULL, NULL),
(14, 14, 7, '735239', '2020-02-080', '5 Moonlight Loop, Brgy. Blue Ridge B, Q.C.', '2020-02-17', '2020-02-28', 'To Reimburse', '004-618-790', '0000064502,0000000096', NULL, NULL, 'Purchase of mirrors for Health center, C.R. at 2nd Floor and tiles for health center', '2020-09-02 16:24:03', '2021-01-20 23:50:27', NULL, NULL),
(15, 15, 168, '735243', '2020-02-084', 'Ubit 2B Carmel Suite #15 Chronicle St., Brgy. West Triangle Quezon City', '2020-02-17', '2020-02-28', 'To Pay', '000-16-318-038', '75080', NULL, NULL, 'To Pay for Repair and Maintenance of Kyocera and Purchase of Toner', '2020-09-03 18:54:18', '2021-01-20 23:52:15', NULL, NULL),
(16, 16, 169, '735204', '2020-02-047', 'No. 184-B E. Rodriguez Jr. Ave., Bagumbayan, Quezon City', '2020-02-05', '2020-02-05', 'To Withdraw', '005-341-312-051', '6777', NULL, NULL, 'Payment for Food and Drinks for RPT Satellite Payment.', '2020-09-03 23:19:47', '2021-01-20 23:48:33', NULL, NULL),
(17, 17, 7, '735204', '2021-01-047', '5 Moonlight Loop, Brgy. Blue Ridge B, Q.C.', '2020-02-05', '2020-02-29', 'To Withdraw', '004-618-790', '6777; 3800', '021220-013; 021220-014; 021220-015; 01220-16', NULL, 'To pay the amount of Ten Thousand Pesos only for Food and Drinks For RPT Satellite Payment.', '2020-09-03 23:39:56', '2021-01-20 22:53:59', NULL, NULL),
(18, 18, 170, '735295', '2020-03-131', '21-F E. Rodriguez Sr. Ave., Dona Josefa Quezon City', '2020-03-16', '2020-03-31', 'To Pay', '417-834-363-000', '0042', NULL, NULL, 'Payment for Purchase of Mist blower machine-small', '2020-11-04 19:18:57', '2021-01-20 23:53:56', NULL, NULL),
(19, 19, 171, '735285', '2020-03-124', 'Km 22 Ortigas Ext., Brgy. San Isidro Cainta Rizal', '2020-03-12', '2020-03-12', 'To Pay', '222-497-946-000', '0102', NULL, NULL, 'Full payment for Acoustic Sound Proofing of Barangay Blue Ridge B Social Hall', '2020-11-05 18:48:56', '2021-03-07 22:53:32', NULL, NULL),
(20, 20, 2, '769558', '2020-05-188', 'Cubao Quezon City', '2020-05-13', '2020-05-30', 'To Pay', '000-101-528-00013', '3188339', NULL, NULL, 'To pay Meralco bill with billing period April 10 to May 10, 2020', '2020-11-17 18:28:27', '2021-01-21 00:00:11', NULL, NULL),
(21, 21, 7, '735263', '2020-03-103', '5 Moonlight Loop, Brgy. Blue Ridge B, Q.C.', '2020-03-05', '2020-03-31', 'To Pay', '004-618-790', '1222,0031,000668799', '022820-050', NULL, 'Repair & Maintenance- Machinery and Equipment', '2020-11-25 17:15:06', '2021-01-20 23:55:59', NULL, NULL),
(22, 24, 2, '769759', '2020-10-382', 'Cubao Quezon City', '2020-10-19', '2020-10-21', 'To Pay', '000-101-528-000', '000448474', NULL, NULL, 'Payment for meralco bill for the month of September 11, 2020 to October 10, 2020.', '2021-01-04 22:56:57', '2021-01-20 23:14:31', NULL, NULL),
(23, 25, 7, '769580', '2020-06-210', '5 Moonlight Loop, Brgy. Blue Ridge B, Q.C.', '2020-06-03', '2020-06-30', 'To Withdraw', NULL, '2668', '052620-071,050820-069', NULL, 'Photocopying', '2021-01-06 19:16:34', '2021-01-20 23:13:49', NULL, NULL),
(24, 26, 7, '769555', '2020-05-185', 'BARANGAY BLUE RIDGE B, QUEZON CITY', '2020-05-13', '2020-05-11', 'To Withdraw', '004-618-790-000', '0021469, 14687,2167', NULL, NULL, 'Purchase of Medical Supplies', '2021-01-07 19:38:42', '2021-01-20 23:12:28', NULL, NULL),
(25, 27, 7, '769555', '2020-05-185', '5 Moonlight Loo, Brgy. Blue Ridge B, Q.C.', '2020-05-13', '2020-05-11', 'To Pay', '004-618-790-000', '0021469,14687,2167', NULL, NULL, 'Purchase of Medical Supplies for Barangay Health Center', '2021-01-10 17:03:46', '2021-01-20 22:25:20', NULL, NULL),
(26, 28, 7, '735283', '2020-03-122', '5 Moonlight Loop, Brgy. Blue Ridge B, Q.C.', '2020-03-09', '2020-03-16', 'To Pay', NULL, '0902,0044408,0009263A,00805817,00121748', '030620-092,030520-093,030520-096,030520-100,030520-105,030820-110,040520-112,020520-080,030620-109', NULL, 'Various food and drinks for Barangay Staff and Tree cuttings', '2021-01-12 22:26:18', '2021-01-25 23:13:43', NULL, NULL),
(27, 29, 7, '735283', '2020-03-122', '5 Moonlight Loop, Brgy. Blue Ridge B, Q.C.', '2020-03-09', '2020-03-16', 'To Reimburse', NULL, '00805817,0044408,0902,0009263A,004408,00805817,00121748', '030520-096,020520-080,030520-100,030520-093,030520-105,030520-096,030620-109,030820-110,030520-092,040520-112', NULL, 'Various Food and Drinks for Barangay Staff and Tree cutting', '2021-01-12 22:35:43', '2021-01-25 23:03:06', NULL, NULL),
(28, 30, 7, '769519', '2020-04-152', '5 Moonlight Loop Brgy. Blue Ridge B, Q.C.', '2020-04-06', '2020-04-07', 'To Pay', '004-618-790', '0021169', '032420-063', NULL, 'MEDICINE & HEALTH SUPPLY', '2021-01-14 16:39:44', '2021-01-25 21:27:19', NULL, NULL),
(29, 31, 175, '769524', '2020-04-154', 'QUEZON CITY', '2020-04-18', '2020-04-20', 'To Pay', NULL, NULL, '04820-163', NULL, 'Food Supply for 10 days (stranded 19 Brgy. Staffs, care packages for PUMs, frontliners, Army and PNP)', '2021-01-14 18:14:59', '2021-01-20 23:03:22', NULL, NULL),
(30, 32, 7, '769517', '2020-04-150', '5 Moonlight Loo, Brgy. Blue Ridge B, Q.C.', '2020-04-06', '2020-04-02', 'To Pay', '004-618-790', '1260344,3736,003306,149799,28695', '031220-57,032320-062,040620-060', NULL, 'PRINTING ,LEGAL,M&R OF VEHICLE, PARKING FEE', '2021-01-14 19:07:51', '2021-01-20 22:18:43', NULL, NULL),
(31, 33, 7, '769529', '159-04-2020', '5 Moonlight Loo, Brgy. Blue Ridge B, Q.C.', '2020-04-18', '2020-04-08', 'To Pay', '004-618-790', '00169,00170', NULL, NULL, 'PLANTS AND PEBBLES', '2021-01-17 17:34:32', '2021-01-25 18:25:51', NULL, NULL),
(32, 34, 175, '769548', '2020-05-178', 'Quezon City', '2020-05-08', '2020-04-25', 'To Pay', NULL, NULL, '050620-001,050620-002,050620-003,050620-004,050620-005,050620-006', NULL, 'Food Supply for 19 Brgy. Staffs, care packages for PUM, Frontliners, Army and PNP', '2021-01-17 19:33:13', '2021-02-21 17:48:57', NULL, NULL),
(34, 35, 173, '1111', '035', '1', '2021-01-22', '2021-01-22', 'To Pay', '1', '1', '1', NULL, '1', '2021-01-22 00:14:58', '2021-01-22 01:09:07', NULL, NULL),
(35, 36, 7, '769555', '2020-05-185', '5 Moonlight Loop, Brgy. Blue Ridge B, Q.C.', '2020-05-13', '2020-05-11', 'To Pay', '004-618-790', '0021469,14687,2167', NULL, NULL, 'To Pay for Medicine for Health Center', '2021-01-22 00:41:34', '2021-01-22 01:02:54', NULL, NULL),
(36, 37, 7, '769530', '160-04-2020', '5 Moonlight Loo, Brgy. Blue Ridge B, Q.C.', '2020-04-18', '2020-04-20', 'To Pay', '004-618-790', '2162', NULL, NULL, 'MEDICAL SUPPLIES', '2021-01-25 17:36:02', '2021-01-25 18:11:37', NULL, NULL),
(37, 38, 7, '769532', '2020-04-162', '5 Moonlight Loop, Brgy. Blue Ridge B, Q.C.', '2020-04-24', '2020-04-30', 'To Pay', NULL, NULL, '042120-063', NULL, 'Purchase of 20pcs. full face shied', '2021-01-25 18:05:26', '2021-01-25 18:07:50', NULL, NULL),
(38, 39, 7, '735263', '2020-03-103', '5 Moonlight Loop, Brgy. Blue Ridge B, Q.C.', '2020-03-05', '2020-03-10', NULL, NULL, '1222,0031,668799', '022820-050', NULL, 'Repair and Maintenance- Machinery and Equipment', '2021-01-25 18:31:31', NULL, NULL, NULL),
(39, 40, 7, '769529', '159-S-2020', '5 Moonlight Loo, Brgy. Blue Ridge B, Q.C.', '2020-04-18', '2020-04-07', NULL, '004-618-790', '169,170', NULL, NULL, 'Repair and Maintenance - Others Property, Plant and Equipment', '2021-01-25 19:32:27', NULL, NULL, NULL),
(40, 41, 298, '769601', '2020-06-231', '#7 PROMENADE BLUE RIDGE B', '2020-06-19', '2020-06-22', 'To Pay', NULL, '047,0132', NULL, NULL, 'Repair and Maintenance of Barangay Vehicle (MUlticab)', '2021-01-26 22:25:18', '2021-02-01 00:02:00', NULL, NULL),
(41, 45, 7, '735239', '2020-02-080', '5 Moonlight Loo, Brgy. Blue Ridge B, Q.C.', '2020-02-17', '2020-02-28', NULL, '004-618-790', '64502,0096', NULL, NULL, 'To Pay Mirrors for Health Center CR and 2nd Floor and Tiles for Health Cener.', '2021-02-02 21:33:54', NULL, NULL, NULL),
(42, 46, 7, '769533', '2020-04-163', '5 Moonlight Loo, Brgy. Blue Ridge B, Q.C.', '2020-04-24', '2020-04-20', 'To Pay', '004-618-790', '1010570015358,2616,168951', '042020-16', NULL, 'Food Supplies For 19 Stranded Staff', '2021-02-04 17:18:21', '2021-02-04 17:22:24', NULL, NULL),
(43, 47, 298, '769567', '2020-05-144', '#7 PROMENADE BLUE RIDGE B', '2020-05-22', '2020-05-30', 'To Pay', NULL, '4390,19157', NULL, NULL, 'Repair of Barangay Owned Vehicle Multicab and L300.', '2021-02-04 19:47:23', '2021-02-04 20:45:40', NULL, NULL),
(44, 50, 7, '769546', '2020-05-176', '5 Moonlight Loo, Brgy. Blue Ridge B, Q.C.', '2020-05-08', '2020-05-30', NULL, '004-618-790', '11096', NULL, NULL, 'To Purchase Other Supplies and Materials.', '2021-02-08 00:51:36', NULL, NULL, NULL),
(45, 51, 7, '769858', '2021-01-014', '5 Moonlight Loop, Brgy. Blue Ridge B, Q.C.', '2020-02-08', '2021-02-15', 'To Pay', NULL, NULL, NULL, NULL, 'To Pay the amount One Hundred One Thousand Eight Hundred Eighty Four Pesos and 28/100 only for Compensation of Barangay Council and Staff for the Period of February 1-15, 2021', '2021-02-09 00:45:39', '2021-02-16 01:37:11', '2021-02-17 23:45:54', NULL),
(46, 52, 7, '769566', '2020-05-194', '5 Moonlight Loo, Brgy. Blue Ridge B, Q.C.', '2020-05-22', '2020-05-29', 'To Pay', NULL, '0513,12863', NULL, NULL, 'To Purchase Alcohol for Barangay Supplies.', '2021-02-16 22:29:33', '2021-02-17 23:56:44', NULL, NULL),
(48, 54, 595, '769851', '2021-01-007', 'Ali Mall, Cubao Quezon City', '2021-01-15', '2021-01-26', NULL, NULL, NULL, NULL, NULL, 'Payment for One Thousand One Hundred Eighty Pesos and 53/100 only for Cellphone Monthly Bill covered Dec. 6, 2020 to Jan. 5, 2021.', '2021-02-17 23:22:26', NULL, NULL, NULL),
(49, 55, 7, '769528', '2020-04-158', '5 Moonlight Loo, Brgy. Blue Ridge B, Q.C.', '2020-04-18', '2020-04-18', 'To Pay', '004-618-790', '1588,15362,2614,64722,2615,2613,3820,3239925,165473', '041220-092', NULL, 'Various Food and Drinks For Meeting and Seminar', '2021-02-18 17:37:17', '2021-02-18 17:48:31', NULL, NULL),
(50, 59, 175, '769513', '2020-04-146', '43 HILLSIDE DR. BLUE RIDGE A, QUEZON CITY', '2020-04-06', '2020-04-01', NULL, NULL, NULL, '032820-0010,032720-008,032620-009,041020-001,040420-002', NULL, 'Food Supply 9 days Stranded staff Package for Frontliners,Army,Pnp', '2021-02-21 18:27:32', NULL, NULL, NULL),
(51, 60, 7, '769517', '2020-04-150', '5 Moonlight Loo, Brgy. Blue Ridge B, Q.C.', '2020-04-06', '2020-04-01', NULL, NULL, '1260344,3306,3736,90137,149799,28695', '031220-57,040620-060', NULL, 'Printing, Legal, M&R of Vechicle, Parking Fee', '2021-02-21 21:33:56', NULL, NULL, NULL),
(52, 61, 7, '769533', '2020-04-163', '5 Moonlight Loo, Brgy. Blue Ridge B, Q.C.', '2020-04-24', '2020-04-24', NULL, NULL, '1101-012-567754,2616,168951', '042020-62', NULL, 'Food Supplies for 19 Stranded staffs', '2021-02-23 17:50:43', NULL, '2021-02-23 21:22:25', NULL),
(53, 62, 7, '769544', '2020-05-174', '5 Moonlight Loo, Brgy. Blue Ridge B, Q.C.', '2020-05-08', '2020-05-08', NULL, NULL, NULL, '042020-61,040220-64,050220-065', NULL, 'To pay legal services.', '2021-02-25 17:25:05', NULL, NULL, NULL),
(54, 63, 7, '769545', '2020-05-175', '5 Moonlight Loo, Brgy. Blue Ridge B, Q.C.', '2020-05-08', '2020-05-15', 'To Pay', '004-618-790', '0021749,4364,277180,2165,2161,3693,100532135668', NULL, NULL, 'To Purchase Medecine Supplies.', '2021-02-28 17:54:25', '2021-03-02 17:24:15', NULL, NULL),
(55, 64, 7, '769579', '2020-06-209', '5 Moonlight Loo, Brgy. Blue Ridge B, Q.C.', '2020-06-03', '2020-06-03', 'To Pay', '004-618-790', '5735,2622,133021', '0602220-73A,0602220-073B', NULL, 'to purchase values foods and drinks', '2021-03-04 17:15:04', '2021-03-11 18:15:47', NULL, NULL),
(56, 66, 7, '769871', '2021-02-027', '5 Moonlight LooP, Brgy. Blue Ridge B, Q.C.', '2021-02-08', '2021-02-12', NULL, '004-618-790', NULL, '122120-167,122920-173, 010321-001, 011121-003, 011521-004,122920-169, 123120-170, 013121-005', NULL, 'To Payment for Legal Service', '2021-03-04 18:33:37', NULL, NULL, NULL),
(57, 67, 2, '769877', '2021-02-033', 'Cubao Quezon City', '2021-02-22', '2021-02-21', NULL, '000-101-528-000', '000462914', NULL, NULL, 'To Pay for Meralco Bill with Service I.D. Number 352637220101 for the period of January 11 to February 10, 2021', '2021-03-04 22:25:02', NULL, NULL, NULL),
(58, 68, 7, '769593', '2020-06-223', '5 Moonlight Loop, Brgy. Blue Ridge B, Q.C.', '2020-06-15', '2020-06-19', NULL, '004-618-790', '02324399,005-0133291,5461,005-0137203,0063964,0030560,00138075,00136178,00135302,00078330', '060520-076,060420-075,060820-078,060620-079,061320-074,061220-75', NULL, 'food and drinks for meeting and seminar', '2021-03-04 23:00:18', NULL, NULL, NULL),
(59, 69, 7, '769556', '2020-05-186', '5 Moonlight Loo, Brgy. Blue Ridge B, Q.C.', '2020-05-13', '2020-05-30', NULL, '004-618-790', '2621', '051220-065,051320-067', NULL, 'To Purchase Food and Drinks for Barangay Front liners', '2021-03-05 01:16:52', NULL, NULL, NULL),
(60, 75, 7, '769582', '2020-06-212', '5 Moonlight Loo, Brgy. Blue Ridge B, Q.C.', '2020-06-03', '2020-05-27', NULL, '004-618-790', '13185', NULL, NULL, 'Purchase of 2pcs. garden trowel', '2021-03-09 17:18:33', NULL, NULL, NULL),
(61, 76, 7, '769616', '2020-06-179', '5 Moonlight Loo, Brgy. Blue Ridge B, Q.C.', '2020-06-22', '2020-06-25', NULL, '004-618-790', '1296111,11320,052186581,0123134435910,0187064360343,0181034349174', NULL, NULL, 'Parking fee', '2021-03-09 23:17:42', NULL, NULL, NULL),
(62, 77, 596, '769866', '2021-02-022', 'Ali Mall, Cubao Quezon City', '2021-02-08', '2021-02-13', 'To Pay', NULL, '0027CK1637490696709127238', NULL, NULL, 'To Pay Cellphone Bill for the Month of Dec. 24, 2020 to Jan. 23, 2021 with Account No. 900525854.', '2021-03-10 00:18:08', '2021-03-10 00:23:56', NULL, NULL),
(63, 78, 595, '769879', '2021-02-035', 'Ali Mall Cubao, Quezon City', '2021-02-22', '2021-02-26', NULL, NULL, '003021-4053-95', NULL, NULL, 'To Pay Handy phone for the month of January 6 to February 5, 2021 with Account No. 1077087993.', '2021-03-10 01:06:21', NULL, NULL, NULL),
(64, 79, 597, '769869', '2021-02-025', '5 Moonlight Loop, Barangay Blue Ridge B, Q.C.', '2021-02-08', '2021-02-10', 'To Pay', NULL, '0262', NULL, NULL, 'Full Payment for 2 frames for Barangay Hall.', '2021-03-10 17:52:23', '2021-03-10 19:20:30', NULL, NULL),
(65, 80, 1, '769878', '2021-02-034', 'H. Ventura St., Balara Filters, Brgy. Pansol, Quezon City', '2021-02-22', '2021-02-20', NULL, '005-038-428-001', '000462913', NULL, NULL, 'To Pay Manila Water Bill for the Month of January 15 to February 13, 2021.', '2021-03-10 19:51:00', NULL, NULL, NULL),
(66, 81, 7, '769547', '2020-05-177', '5 Moonlight Loo, Brgy. Blue Ridge B, Q.C.', '2020-05-08', '2020-05-15', 'To Pay', '004-618-790', '2619,0000109,00108360,0005664,00170814,01013055,2617,1010570015358,0065364', '051320-066,042520-66,042120-64', NULL, 'To Purchase of Various Food and Drinks for Covid19 Frontliners.', '2021-03-10 21:35:24', '2021-03-18 06:43:41', '2021-03-18 06:45:31', NULL),
(67, 84, 7, '769547', '186-S-2020', '5 Moonlight Loo, Brgy. Blue Ridge B, Q.C.', '2020-05-08', '2020-05-15', 'To Pay', NULL, '2619,0000109,00108360,00005654,01013055,2617', '051320-066,042520-66,042120-64', NULL, 'To Purchase Various Food and Drinks for Covid19 Frontliners.', '2021-03-11 01:24:35', NULL, '2021-03-11 01:28:27', NULL),
(68, 85, 298, '769612', '2020-06-241', '#7 PROMENADE BLUE RIDGE B', '2020-06-24', '2020-06-23', 'To Pay', '004-618-790', '03115,286127', NULL, NULL, 'Repairs and Maintance of Brgy. Vehicle (Multicab)', '2021-03-11 19:53:51', NULL, NULL, NULL),
(69, 86, 7, '769604', '2020-06-234', '5 Moonlight Loo, Brgy. Blue Ridge B, Q.C.', '2020-06-19', '2020-06-30', 'To Pay', '004-618-790', '718856', '061520-077', NULL, 'Purchase of Battery for hand Sanitizer and Sando Bag for relief goods', '2021-03-11 22:51:43', '2021-03-11 23:02:12', NULL, NULL),
(70, 87, 7, '769547', '2020-05-177', '5 Moonlight Loo, Brgy. Blue Ridge B, Q.C.', '2020-05-08', '2021-03-15', 'To Pay', NULL, '2619, 0000109, 00108360, 00005664, 00170814, 01013055, 2617, 0065364, 18101110423103447', '051320, 042520-66, 042120-64', NULL, 'Various Food and Drinks for Covid19 Frontliners.', '2021-03-12 06:29:19', NULL, NULL, NULL),
(71, 88, 598, '769586', '2020-06-216', 'Lot 12 Blk 1 Willow Street Ponte Verde Subdivision Cupang Antiipolo City 1800 Metro Manila', '2020-06-15', '2020-06-15', 'To Pay', '004-618-790', '0015', NULL, NULL, 'Purchase of 4pcs 48\" Floor Mop', '2021-03-14 17:54:28', NULL, NULL, NULL),
(72, 89, 598, '769585', '2020-06-215', 'Lot 12 Blk 1 Willow Street Ponte Verde Subdivision Cupang Antiipolo City 1800 Metro Manila', '2020-06-15', '2020-06-15', 'To Pay', '004-618-790', '0018', NULL, NULL, 'Purchase of 14 pcs. Touch Free Liquid Soap Dispenser', '2021-03-14 21:19:57', NULL, NULL, NULL),
(73, 90, 7, '769587', '2020-06-217', '5 Moonlight Loo, Brgy. Blue Ridge B, Q.C.', '2020-06-15', '2020-06-15', 'To Pay', '004-618-790', '184050,0295', NULL, NULL, 'Office Supply', '2021-03-14 23:34:16', '2021-03-18 18:16:02', NULL, NULL),
(74, 91, 597, '769618', ':2020-06-247', '5 Moonlight Loop, Barangay Blue Ridge B, Q.C.', '2020-06-24', '2020-06-30', 'To Pay', '004-618-790', '54D3040', NULL, NULL, 'Repairs and  Maintenance of Brgy. Hall Facilities', '2021-03-16 17:53:59', NULL, NULL, NULL),
(75, 92, 600, '769602', '2020-06-232', '39 E Abada St.Loyola height Quezon City', '2020-06-19', '2020-06-30', 'To Pay', '104-014-493-000', '33327', NULL, NULL, 'Repair and Maintenance of Brgy. Vehicle L300 (SKY612)', '2021-03-16 21:47:08', NULL, NULL, NULL),
(76, 93, 601, '769867', '2021-02-023', '7 Promenade Lane, Blue Ridge B., Q.C.', '2021-02-08', '2021-02-12', 'To Pay', NULL, '172541, 2897, 175828, 37241, 42455', NULL, NULL, 'Repair and Maintenance of Brgy. Vehicle (L300 and APV).', '2021-03-17 00:41:43', '2021-03-17 00:54:03', NULL, NULL),
(77, 94, 595, '769596', '2020-06-226', 'Ali Mall, Cubao Quezon City', '2020-06-15', '2020-06-30', 'To Pay', '213-545-858-002', '517306', NULL, NULL, 'Monthly Bill for May 6-June 5, 2020', '2021-03-18 18:42:22', NULL, NULL, NULL),
(78, 95, 7, '769588', '2020-06-218', '5 Moonlight Loo, Brgy. Blue Ridge B, Q.C.', '2020-06-15', '2020-06-15', 'To Pay', '004-618-790', NULL, '060520-077,061020-79,061620-080', NULL, 'Legal Service', '2021-03-18 21:50:11', NULL, NULL, NULL),
(79, 96, 7, '769590', '2020-06-220', '5 Moonlight Loo, Brgy. Blue Ridge B, Q.C.', '2020-06-15', '2020-06-15', 'To Pay', '004-618-790', '2757', '061220-076', NULL, 'Repair and Maintenance of Brg. Multicab  Plate No.(SGZ 199)', '2021-03-18 22:17:19', NULL, NULL, NULL),
(80, 97, 602, '769572', '2020-05-200', '#184 - Katipunan Rd, Blueridge, Project 4, Quezon City', '2020-05-22', '2020-05-31', 'To Pay', '101-210-290-005', '002205', NULL, NULL, 'To Pay the Monthly Bill of Gasoline Consumption.', '2021-03-21 18:17:27', NULL, NULL, NULL),
(81, 98, 602, '769592', '2020-06-222', '#184 - Katipunan Rd, Blueridge, Project 4, Quezon City', '2020-06-15', '2020-06-15', 'To Pay', '101-210-290-005', '2218', NULL, NULL, 'Gasoline Consumption for the Month of May 2020', '2021-03-21 19:09:12', NULL, NULL, NULL),
(82, 99, 7, '769581', '2020-06-211', '5 Moonlight Loo, Brgy. Blue Ridge B, Q.C.', '2020-06-03', '2020-06-01', 'To Pay', '004-618-790', NULL, '051320-068,052620-070,060320-074', NULL, 'Legal Services', '2021-03-21 19:48:31', NULL, NULL, NULL),
(83, 100, 603, '769597', '101-2020-06-227', '2nd Floor Office Unit 2 Ciscor Bldg. Boni Serrano Cubao, Quezon City', '2020-06-15', '2020-06-30', 'To Pay', '008-582-273-000', '0205', NULL, NULL, 'Purchase of 8pcs Sanitizing Mat', '2021-03-21 21:54:21', NULL, NULL, NULL),
(84, 101, 7, '735252', '2020-03-093', '5 Moonlight Loo, Brgy. Blue Ridge B, Q.C.', '2020-03-05', '2020-02-28', 'To Pay', '004-618-790', '264479,264469,264470,264477,264422,84025,84026,84027,84028,1284835,3445,268856,8244,5096,61023', '031120', NULL, 'Purchase of office Supplies', '2021-03-21 23:43:49', NULL, NULL, NULL),
(85, 102, 7, '769591', '2020-06-221', '5 Moonlight Loop, Brgy. Blue Ridge B, Q.C.', '2020-06-15', '2020-06-10', 'To Pay', '004-618-790', '21518,40409', NULL, NULL, 'Purchase of Medicine for Brgy. Health Center', '2021-03-23 23:56:39', NULL, NULL, NULL),
(86, 103, 7, '769873', '2021-02-029', '5 Moonlight Loop, Brgy. Blue Ridge B, Q.C.', '2021-02-08', '2021-02-12', 'To Withdraw', '004-618-790', '2891,0330, 0653587 D', NULL, NULL, 'Printing and Binding', '2021-03-24 21:58:41', '2021-03-24 22:00:32', NULL, NULL);

-- --------------------------------------------------------

--
-- Table structure for table `documents`
--

CREATE TABLE `documents` (
  `id` bigint(20) UNSIGNED NOT NULL,
  `name` varchar(191) COLLATE utf8mb4_unicode_ci NOT NULL,
  `signatory_count` tinyint(4) NOT NULL,
  `url_content` varchar(191) COLLATE utf8mb4_unicode_ci NOT NULL,
  `created_at` timestamp NULL DEFAULT NULL,
  `updated_at` timestamp NULL DEFAULT NULL,
  `deleted_at` timestamp NULL DEFAULT NULL,
  `created_by` bigint(20) UNSIGNED DEFAULT NULL
) ENGINE=InnoDB DEFAULT CHARSET=utf8mb4 COLLATE=utf8mb4_unicode_ci;

--
-- Dumping data for table `documents`
--

INSERT INTO `documents` (`id`, `name`, `signatory_count`, `url_content`, `created_at`, `updated_at`, `deleted_at`, `created_by`) VALUES
(1, 'Purchase Request', 2, 'Docs.purchase-request', '2020-03-03 10:12:17', '2020-03-03 10:12:17', NULL, NULL),
(2, 'Purchase Order', 2, 'Docs.purchase-order-docu', '2020-03-03 10:12:17', '2020-03-03 10:12:17', NULL, NULL),
(3, 'ROA', 4, 'Docs.request-obligation-allotment', '2020-03-03 10:12:17', '2020-03-03 10:12:17', NULL, NULL),
(4, 'Disbursement Voucher', 4, 'Docs.disbursement-voucher', '2020-03-03 10:12:17', '2020-03-03 10:12:17', NULL, NULL),
(5, 'Resolution Authorizing', 9, 'Docs.resolution-authorizing', '2020-03-03 10:12:17', '2020-03-03 10:12:17', NULL, NULL),
(6, 'Resolution Reimbursement', 9, 'Docs.resolution-reimbursement', '2020-03-03 10:12:18', '2020-03-03 10:12:18', NULL, NULL),
(7, 'Abstract of Canvass', 2, 'Docs.abstract-canvass', '2020-03-03 10:12:18', '2020-03-03 10:12:18', NULL, NULL),
(8, 'Suppliers Canvass', 1, 'Docs.suppliers-canvass', '2020-03-03 10:12:18', '2020-03-03 10:12:18', NULL, NULL),
(9, 'Delivery and Acceptance', 3, 'Docs.delivery-acceptance', '2020-03-03 10:12:18', '2020-03-03 10:12:18', NULL, NULL),
(10, 'Justification and Confirmatory', 2, 'Docs.justification-confirmatory', '2020-03-03 10:12:18', '2020-03-03 10:12:18', NULL, NULL),
(11, 'Inspection Report', 3, 'Docs.inspection-report', '2020-03-03 10:12:18', '2020-03-03 10:12:18', NULL, NULL),
(12, 'Emergency Purchase', 1, 'Docs.emergency-purchase', '2020-03-03 10:12:18', '2020-03-03 10:12:18', NULL, NULL),
(13, 'Notice of Delivery', 1, 'Docs.notice-delivery', '2020-03-03 10:12:18', '2020-03-03 10:12:18', NULL, NULL),
(14, 'Transmittal Letter', 3, 'Docs.transmittal-letter', '2020-03-03 10:12:18', '2020-03-03 10:12:18', NULL, NULL),
(15, 'Acceptance and Inspection', 2, 'Docs.acceptance-inspection', '2020-03-03 10:12:18', '2020-03-03 10:12:18', NULL, NULL);

-- --------------------------------------------------------

--
-- Table structure for table `dv_pad`
--

CREATE TABLE `dv_pad` (
  `id` bigint(20) UNSIGNED NOT NULL,
  `dv_pad_start` bigint(20) UNSIGNED NOT NULL,
  `dv_pad_quantity` bigint(20) UNSIGNED NOT NULL,
  `deleted_at` timestamp NULL DEFAULT NULL,
  `created_at` timestamp NULL DEFAULT NULL,
  `updated_at` timestamp NULL DEFAULT NULL,
  `created_by` bigint(20) UNSIGNED DEFAULT NULL
) ENGINE=InnoDB DEFAULT CHARSET=utf8mb4 COLLATE=utf8mb4_unicode_ci;

-- --------------------------------------------------------

--
-- Table structure for table `failed_jobs`
--

CREATE TABLE `failed_jobs` (
  `id` bigint(20) UNSIGNED NOT NULL,
  `connection` text COLLATE utf8mb4_unicode_ci NOT NULL,
  `queue` text COLLATE utf8mb4_unicode_ci NOT NULL,
  `payload` longtext COLLATE utf8mb4_unicode_ci NOT NULL,
  `exception` longtext COLLATE utf8mb4_unicode_ci NOT NULL,
  `failed_at` timestamp NOT NULL DEFAULT current_timestamp(),
  `created_by` bigint(20) UNSIGNED DEFAULT NULL
) ENGINE=InnoDB DEFAULT CHARSET=utf8mb4 COLLATE=utf8mb4_unicode_ci;

-- --------------------------------------------------------

--
-- Table structure for table `general_users`
--

CREATE TABLE `general_users` (
  `id` bigint(20) UNSIGNED NOT NULL,
  `role_id` bigint(20) UNSIGNED NOT NULL,
  `name` varchar(191) COLLATE utf8mb4_unicode_ci NOT NULL,
  `first_name` varchar(191) COLLATE utf8mb4_unicode_ci DEFAULT NULL,
  `last_name` varchar(191) COLLATE utf8mb4_unicode_ci DEFAULT NULL,
  `middle_initial` varchar(191) COLLATE utf8mb4_unicode_ci DEFAULT NULL,
  `quantifier` varchar(191) COLLATE utf8mb4_unicode_ci DEFAULT NULL,
  `birth_date` date DEFAULT NULL,
  `birth_place` varchar(191) COLLATE utf8mb4_unicode_ci DEFAULT NULL,
  `citizenship` varchar(191) COLLATE utf8mb4_unicode_ci DEFAULT NULL,
  `sex` tinyint(4) DEFAULT NULL COMMENT '0 = female, 1 = male',
  `civil_status` tinyint(4) DEFAULT NULL COMMENT '1 = Single, 2 = Married, 3 = Widowed,4 = Divorced',
  `tin` varchar(191) COLLATE utf8mb4_unicode_ci DEFAULT NULL,
  `cluster` bigint(20) UNSIGNED DEFAULT NULL,
  `household` varchar(191) COLLATE utf8mb4_unicode_ci DEFAULT NULL,
  `religion` varchar(191) COLLATE utf8mb4_unicode_ci DEFAULT NULL,
  `health_status` varchar(191) COLLATE utf8mb4_unicode_ci DEFAULT NULL,
  `highest_education` varchar(191) COLLATE utf8mb4_unicode_ci DEFAULT NULL,
  `occupation` varchar(191) COLLATE utf8mb4_unicode_ci DEFAULT NULL,
  `contact_number` varchar(191) COLLATE utf8mb4_unicode_ci DEFAULT NULL,
  `address` varchar(191) COLLATE utf8mb4_unicode_ci DEFAULT NULL,
  `created_at` timestamp NULL DEFAULT NULL,
  `updated_at` timestamp NULL DEFAULT NULL,
  `deleted_at` timestamp NULL DEFAULT NULL,
  `created_by` bigint(20) UNSIGNED DEFAULT NULL
) ENGINE=InnoDB DEFAULT CHARSET=utf8mb4 COLLATE=utf8mb4_unicode_ci;

--
-- Dumping data for table `general_users`
--

INSERT INTO `general_users` (`id`, `role_id`, `name`, `first_name`, `last_name`, `middle_initial`, `quantifier`, `birth_date`, `birth_place`, `citizenship`, `sex`, `civil_status`, `tin`, `cluster`, `household`, `religion`, `health_status`, `highest_education`, `occupation`, `contact_number`, `address`, `created_at`, `updated_at`, `deleted_at`, `created_by`) VALUES
(1, 1, 'Manila Water', NULL, NULL, NULL, NULL, NULL, NULL, NULL, NULL, NULL, NULL, NULL, NULL, NULL, NULL, NULL, NULL, '', 'Balara', '2020-03-20 03:57:54', NULL, NULL, NULL),
(2, 1, 'Meralco', NULL, NULL, NULL, NULL, NULL, NULL, NULL, NULL, NULL, NULL, NULL, NULL, NULL, NULL, NULL, NULL, '', 'Cubao Quezon City', '2020-03-20 05:38:17', NULL, NULL, NULL),
(3, 1, 'Jose Azarcon', NULL, NULL, NULL, NULL, NULL, NULL, NULL, NULL, NULL, NULL, NULL, NULL, NULL, NULL, NULL, NULL, '', 'Brgy. San Antonio, Dist. 3', '2020-03-20 07:10:13', NULL, NULL, NULL),
(4, 3, 'Edwin Lumagbas', NULL, NULL, NULL, NULL, NULL, NULL, NULL, NULL, NULL, NULL, NULL, NULL, NULL, NULL, NULL, NULL, '5359822', 'Brgy. Hall, Brgy. Blue Ridge B (Disaster Room)', '2020-03-20 08:09:22', NULL, NULL, NULL),
(5, 2, 'HGS', NULL, NULL, NULL, NULL, NULL, NULL, NULL, NULL, NULL, NULL, NULL, NULL, NULL, NULL, NULL, NULL, '', 'E. Rodriguez', '2020-03-20 08:30:35', NULL, NULL, NULL),
(6, 1, 'INFINUS CORPORATION', NULL, NULL, NULL, NULL, NULL, NULL, NULL, NULL, NULL, NULL, NULL, NULL, NULL, NULL, NULL, NULL, '', '30 ITC Cmpd., Saint Dominic St. Brgy. Canumay East Dist. 1, Valenzuela City', '2020-05-14 02:08:57', NULL, NULL, NULL),
(7, 1, 'MICHELL V. MENIANO', NULL, NULL, NULL, NULL, NULL, NULL, NULL, NULL, NULL, NULL, NULL, NULL, NULL, NULL, NULL, NULL, '', '5 Moonlight Loo, Brgy. Blue Ridge B, Q.C.', '2020-05-14 02:18:20', NULL, NULL, NULL),
(8, 2, 'Concepcion Vergara', NULL, NULL, NULL, NULL, NULL, NULL, NULL, NULL, NULL, NULL, NULL, NULL, NULL, NULL, NULL, NULL, '', 'Comets Loop', '2020-05-14 05:30:16', NULL, NULL, NULL),
(9, 2, 'Louie Gil Siongco', NULL, NULL, NULL, NULL, NULL, NULL, NULL, NULL, NULL, NULL, NULL, NULL, NULL, NULL, NULL, NULL, '', 'Milkyway Lane', '2020-05-14 05:31:04', NULL, NULL, NULL),
(10, 2, 'Michell V. Meniano', NULL, NULL, NULL, NULL, NULL, NULL, NULL, NULL, NULL, NULL, NULL, NULL, NULL, NULL, NULL, NULL, '', 'Moonlight Loop', '2020-05-14 05:32:44', NULL, NULL, NULL),
(11, 4, 'Ejboy Lomagbas', 'Ejboy', 'Lomagbas', 'Señoran', NULL, '2020-05-14', 'Quezon City', 'Filipino', 1, 1, NULL, NULL, NULL, NULL, NULL, NULL, NULL, NULL, 'Blk. 144 Lt. 9 Brgy. San Isidro Rodriguez Montalban Rizal', '2020-05-14 06:39:06', NULL, NULL, NULL),
(12, 1, 'OFFICE WAREHOUSE, INC', NULL, NULL, NULL, NULL, NULL, NULL, NULL, NULL, NULL, NULL, NULL, NULL, NULL, NULL, NULL, NULL, '', 'Unit A-308 Level 3, Eastwood Mall Eastwoood Cyber Park City Bagumbayan Quezon City', '2020-05-14 07:43:56', NULL, NULL, NULL),
(13, 1, 'Yolanda M. Legara', NULL, NULL, NULL, NULL, NULL, NULL, NULL, NULL, NULL, NULL, NULL, NULL, NULL, NULL, NULL, NULL, '', '383 Boni Serrano rd., Blue Ridge B, Quezon City', '2020-05-14 09:43:38', NULL, NULL, NULL),
(14, 2, 'Mario Valderama', NULL, NULL, NULL, NULL, NULL, NULL, NULL, NULL, NULL, NULL, NULL, NULL, NULL, NULL, NULL, NULL, '', 'Blue Ridge B', '2020-05-15 07:16:27', NULL, NULL, NULL),
(15, 2, 'Soluren', NULL, NULL, NULL, NULL, NULL, NULL, NULL, NULL, NULL, NULL, NULL, NULL, NULL, NULL, NULL, NULL, '', 'Comets Loop', '2020-05-15 07:17:18', NULL, NULL, NULL),
(16, 2, 'Pagtalunan', NULL, NULL, NULL, NULL, NULL, NULL, NULL, NULL, NULL, NULL, NULL, NULL, NULL, NULL, NULL, NULL, '', 'Twinpeaks Drive', '2020-05-15 07:18:19', NULL, NULL, NULL),
(17, 2, 'Mignon Realty', NULL, NULL, NULL, NULL, NULL, NULL, NULL, NULL, NULL, NULL, NULL, NULL, NULL, NULL, NULL, NULL, '', 'Blue Ridge b', '2020-05-15 07:19:57', NULL, NULL, NULL),
(18, 2, 'Maria Broamelgereyo', NULL, NULL, NULL, NULL, NULL, NULL, NULL, NULL, NULL, NULL, NULL, NULL, NULL, NULL, NULL, NULL, '', 'Blue Ridge B', '2020-05-15 07:21:00', NULL, NULL, NULL),
(19, 2, 'Peter Guinto', NULL, NULL, NULL, NULL, NULL, NULL, NULL, NULL, NULL, NULL, NULL, NULL, NULL, NULL, NULL, NULL, '', 'Twinpeaks Drive', '2020-05-15 07:23:10', NULL, NULL, NULL),
(20, 2, 'Mario Vaderama', NULL, NULL, NULL, NULL, NULL, NULL, NULL, NULL, NULL, NULL, NULL, NULL, NULL, NULL, NULL, NULL, '', 'Blue Ridge B', '2020-05-15 07:25:07', NULL, NULL, NULL),
(21, 2, 'Globe', NULL, NULL, NULL, NULL, NULL, NULL, NULL, NULL, NULL, NULL, NULL, NULL, NULL, NULL, NULL, NULL, '', 'Ortigas', '2020-05-15 07:26:20', NULL, NULL, NULL),
(22, 2, 'Hannah Gabagat', NULL, NULL, NULL, NULL, NULL, NULL, NULL, NULL, NULL, NULL, NULL, NULL, NULL, NULL, NULL, NULL, '', '3 Hillside Loop', '2020-05-15 07:57:42', NULL, NULL, NULL),
(23, 2, 'Abbas Orchard', NULL, NULL, NULL, NULL, NULL, NULL, NULL, NULL, NULL, NULL, NULL, NULL, NULL, NULL, NULL, NULL, '', 'Blue Ridge, Katipunan', '2020-05-15 07:59:11', NULL, NULL, NULL),
(24, 2, 'Marlon Jay Espina', NULL, NULL, NULL, NULL, NULL, NULL, NULL, NULL, NULL, NULL, NULL, NULL, NULL, NULL, NULL, NULL, '', '5 Moonlight Loop, Blue Ridge B, Q.C,', '2020-05-15 08:00:34', NULL, NULL, NULL),
(25, 2, 'Joel Paguio', NULL, NULL, NULL, NULL, NULL, NULL, NULL, NULL, NULL, NULL, NULL, NULL, NULL, NULL, NULL, NULL, '', '41 Milkyway Drive, Blue Ridge B, Quezon City', '2020-05-15 08:04:03', NULL, NULL, NULL),
(26, 2, 'Vennet Castaneda', NULL, NULL, NULL, NULL, NULL, NULL, NULL, NULL, NULL, NULL, NULL, NULL, NULL, NULL, NULL, NULL, '', '2 Starline Rd., Blue Ridge B, Q.C.', '2020-05-15 08:07:24', NULL, NULL, NULL),
(27, 2, 'Kristine Venzon', NULL, NULL, NULL, NULL, NULL, NULL, NULL, NULL, NULL, NULL, NULL, NULL, NULL, NULL, NULL, NULL, '', '27 Moonlight Loop, Blue Ridge B, Q.C.', '2020-05-15 08:08:29', NULL, NULL, NULL),
(28, 2, 'John Amos Tan', NULL, NULL, NULL, NULL, NULL, NULL, NULL, NULL, NULL, NULL, NULL, NULL, NULL, NULL, NULL, NULL, '', '16 Comet\'s Loop, Blue Ridge B, Q.C.', '2020-05-15 08:10:58', NULL, NULL, NULL),
(29, 2, 'Jill Lao', NULL, NULL, NULL, NULL, NULL, NULL, NULL, NULL, NULL, NULL, NULL, NULL, NULL, NULL, NULL, NULL, '', '17 Moonlight Loop', '2020-05-15 08:13:59', NULL, NULL, NULL),
(30, 2, 'Mayor Pagtalunan', NULL, NULL, NULL, NULL, NULL, NULL, NULL, NULL, NULL, NULL, NULL, NULL, NULL, NULL, NULL, NULL, '', '6 Twinpeaks Dr., Blue Ridge B, Q.C.', '2020-05-15 08:17:59', NULL, NULL, NULL),
(31, 2, 'Tactics SOG Industries Inc.', NULL, NULL, NULL, NULL, NULL, NULL, NULL, NULL, NULL, NULL, NULL, NULL, NULL, NULL, NULL, NULL, '', '30 Starline Rd., Blue Ridge B, Quezon City', '2020-05-15 08:23:45', NULL, NULL, NULL),
(32, 2, 'Arlen Marketing', NULL, NULL, NULL, NULL, NULL, NULL, NULL, NULL, NULL, NULL, NULL, NULL, NULL, NULL, NULL, NULL, '', '383 Bonny Serrano Rd., Blue Ridge B, Q.C.', '2020-05-15 08:28:04', NULL, NULL, NULL),
(33, 2, 'Edmond Ruiz', NULL, NULL, NULL, NULL, NULL, NULL, NULL, NULL, NULL, NULL, NULL, NULL, NULL, NULL, NULL, NULL, '', '9 River View Dr., Blue Ridge B, Q.C.', '2020-05-15 08:30:02', NULL, NULL, NULL),
(34, 2, 'Positive Thinker Learning Center, Inc.', NULL, NULL, NULL, NULL, NULL, NULL, NULL, NULL, NULL, NULL, NULL, NULL, NULL, NULL, NULL, NULL, '', '32 River View Drive, Blue Ridge B, Q.C.', '2020-05-15 08:48:27', NULL, NULL, NULL),
(35, 2, 'Legara Hardware', NULL, NULL, NULL, NULL, NULL, NULL, NULL, NULL, NULL, NULL, NULL, NULL, NULL, NULL, NULL, NULL, '', '383 Bonny Serrano Rd., Blue Ridge B, Quezon City', '2020-05-15 08:49:52', NULL, NULL, NULL),
(36, 2, 'DL Construction and Service', NULL, NULL, NULL, NULL, NULL, NULL, NULL, NULL, NULL, NULL, NULL, NULL, NULL, NULL, NULL, NULL, '', 'Bonny Serrano Rd, Blue Ridge B, Q.C.', '2020-05-15 08:54:40', NULL, NULL, NULL),
(37, 2, 'Tripple D Hauling Service', NULL, NULL, NULL, NULL, NULL, NULL, NULL, NULL, NULL, NULL, NULL, NULL, NULL, NULL, NULL, NULL, '', '379 Bonny Serrano Rd., Blue Ridge B, Quezon City', '2020-05-15 08:58:28', NULL, NULL, NULL),
(38, 2, 'Shin Hauling', NULL, NULL, NULL, NULL, NULL, NULL, NULL, NULL, NULL, NULL, NULL, NULL, NULL, NULL, NULL, NULL, '', 'Blue Ridge B, Q.C.', '2020-05-15 09:04:02', NULL, NULL, NULL),
(39, 2, 'Bugsy delos Reyes', NULL, NULL, NULL, NULL, NULL, NULL, NULL, NULL, NULL, NULL, NULL, NULL, NULL, NULL, NULL, NULL, '', '7 Milkyway Drive, Blue Ridge B, Quezon City', '2020-05-15 09:05:41', NULL, NULL, NULL),
(40, 2, 'Bernie Cruz', NULL, NULL, NULL, NULL, NULL, NULL, NULL, NULL, NULL, NULL, NULL, NULL, NULL, NULL, NULL, NULL, '', '6 Comet\'s Loop, Blue Ridge B, Q,C,', '2020-05-15 09:06:55', NULL, NULL, NULL),
(41, 2, 'Flamewing Trading, Inc.', NULL, NULL, NULL, NULL, NULL, NULL, NULL, NULL, NULL, NULL, NULL, NULL, NULL, NULL, NULL, NULL, '', '14 Comet\'s Loop, Blue Ridge B, Q.C.', '2020-05-15 09:31:18', NULL, NULL, NULL),
(42, 2, 'Chrysalid Foundation, Inc.', NULL, NULL, NULL, NULL, NULL, NULL, NULL, NULL, NULL, NULL, NULL, NULL, NULL, NULL, NULL, NULL, '', '30 River View Dr., Blue Ridge B, Q.C.', '2020-05-20 00:24:18', NULL, NULL, NULL),
(43, 2, 'Dracene Holdings, Inc.', NULL, NULL, NULL, NULL, NULL, NULL, NULL, NULL, NULL, NULL, NULL, NULL, NULL, NULL, NULL, NULL, '', '14 Comet\'s Loop, Blue Ridge B, Q.C.', '2020-05-20 00:30:04', NULL, NULL, NULL),
(44, 2, 'Jeepney Beep Beep Advertising, Inc.', NULL, NULL, NULL, NULL, NULL, NULL, NULL, NULL, NULL, NULL, NULL, NULL, NULL, NULL, NULL, NULL, '', '1 Hillside Lane, Blue Ridge B, Q.C', '2020-05-20 01:39:38', NULL, NULL, NULL),
(45, 2, 'Marasigan Sebastian', NULL, NULL, NULL, NULL, NULL, NULL, NULL, NULL, NULL, NULL, NULL, NULL, NULL, NULL, NULL, NULL, '', 'Quezon City', '2020-05-20 01:40:42', NULL, NULL, NULL),
(46, 2, 'Mr. Eric Mendoza', NULL, NULL, NULL, NULL, NULL, NULL, NULL, NULL, NULL, NULL, NULL, NULL, NULL, NULL, NULL, NULL, '', 'Quezon City', '2020-05-20 01:41:33', NULL, NULL, NULL),
(47, 2, 'Roman Pascual', NULL, NULL, NULL, NULL, NULL, NULL, NULL, NULL, NULL, NULL, NULL, NULL, NULL, NULL, NULL, NULL, '', 'Blue Ridge A, Q.C.', '2020-05-20 02:16:33', NULL, NULL, NULL),
(48, 2, 'Designs Lya Armovit, Inc.', NULL, NULL, NULL, NULL, NULL, NULL, NULL, NULL, NULL, NULL, NULL, NULL, NULL, NULL, NULL, NULL, '', '25-A Moonlight Loop, Blue Ridge B, Q.C.', '2020-05-20 02:17:49', NULL, NULL, NULL),
(49, 2, 'Joseph Gatan', NULL, NULL, NULL, NULL, NULL, NULL, NULL, NULL, NULL, NULL, NULL, NULL, NULL, NULL, NULL, NULL, '', '18 Comet\'s Loop, Blue Ridge B, Q.C.', '2020-05-20 02:19:03', NULL, NULL, NULL),
(50, 2, 'MGJR Eatery', NULL, NULL, NULL, NULL, NULL, NULL, NULL, NULL, NULL, NULL, NULL, NULL, NULL, NULL, NULL, NULL, '', '377 Bonny Serrano Rd., Blue Ridge B, Q.C.', '2020-05-20 02:22:05', NULL, NULL, NULL),
(51, 2, 'Dragonwing Development Corporation', NULL, NULL, NULL, NULL, NULL, NULL, NULL, NULL, NULL, NULL, NULL, NULL, NULL, NULL, NULL, NULL, '', '14 Comet\'s Loop, Blue Ridge B, Q.C.', '2020-05-20 02:23:15', NULL, NULL, NULL),
(52, 2, 'GYM', NULL, NULL, NULL, NULL, NULL, NULL, NULL, NULL, NULL, NULL, NULL, NULL, NULL, NULL, NULL, NULL, '', '5 River View Dr., Blue Ridge B, Q.C.', '2020-05-20 02:36:31', NULL, NULL, NULL),
(53, 2, 'Headtech Barber Shop', NULL, NULL, NULL, NULL, NULL, NULL, NULL, NULL, NULL, NULL, NULL, NULL, NULL, NULL, NULL, NULL, '', '5 River View Drive, Blue Ridge B, Q.C.', '2020-05-20 02:37:40', NULL, NULL, NULL),
(54, 2, 'Hilarious Carinderia', NULL, NULL, NULL, NULL, NULL, NULL, NULL, NULL, NULL, NULL, NULL, NULL, NULL, NULL, NULL, NULL, '', '377 Bonny Serrano Rd,', '2020-05-20 03:23:50', NULL, NULL, NULL),
(55, 2, 'Hilado', NULL, NULL, NULL, NULL, NULL, NULL, NULL, NULL, NULL, NULL, NULL, NULL, NULL, NULL, NULL, NULL, '', '27 Moonlight Loop, Blue Ridge B, Q,C.', '2020-05-20 04:10:53', NULL, NULL, NULL),
(56, 2, 'Mr. Carlo', NULL, NULL, NULL, NULL, NULL, NULL, NULL, NULL, NULL, NULL, NULL, NULL, NULL, NULL, NULL, NULL, '', 'Blue Ridge B, Q.C.', '2020-05-20 04:12:11', NULL, NULL, NULL),
(57, 2, 'Gadiana Sari-sari Store', NULL, NULL, NULL, NULL, NULL, NULL, NULL, NULL, NULL, NULL, NULL, NULL, NULL, NULL, NULL, NULL, '', '10-B River View Dr., Blue Ridge B, Q.C.', '2020-05-20 04:13:28', NULL, NULL, NULL),
(58, 2, 'Covarrubias, Joselita V.', NULL, NULL, NULL, NULL, NULL, NULL, NULL, NULL, NULL, NULL, NULL, NULL, NULL, NULL, NULL, NULL, '', '1 Comet\'s Loop, Blue Ridge B, Q.C.', '2020-05-20 04:14:53', NULL, NULL, NULL),
(59, 2, 'Carlo Bautista', NULL, NULL, NULL, NULL, NULL, NULL, NULL, NULL, NULL, NULL, NULL, NULL, NULL, NULL, NULL, NULL, '', '18 Moonlight Loop, Blue Ridge B, Q.C.', '2020-05-20 04:17:33', NULL, NULL, NULL),
(60, 2, 'Fil-Mar Auto Trends', NULL, NULL, NULL, NULL, NULL, NULL, NULL, NULL, NULL, NULL, NULL, NULL, NULL, NULL, NULL, NULL, '', '11 River View Dr., Blue Ridge B, Q.C.', '2020-05-20 04:19:03', NULL, NULL, NULL),
(61, 2, 'Jezmine Erica Mateo', NULL, NULL, NULL, NULL, NULL, NULL, NULL, NULL, NULL, NULL, NULL, NULL, NULL, NULL, NULL, NULL, '', 'Blue Ridge B, Q.C.', '2020-05-20 04:19:59', NULL, NULL, NULL),
(62, 2, 'I.M. Peňa Builders', NULL, NULL, NULL, NULL, NULL, NULL, NULL, NULL, NULL, NULL, NULL, NULL, NULL, NULL, NULL, NULL, '', '2-B Comet\'s Loop, Blue Ridge B, Q.C.', '2020-05-20 04:45:05', NULL, NULL, NULL),
(63, 2, 'Philip Pagtalunan', NULL, NULL, NULL, NULL, NULL, NULL, NULL, NULL, NULL, NULL, NULL, NULL, NULL, NULL, NULL, NULL, '', '15 Comet\'s Loop, Blue Ridge B, Q.C.', '2020-05-20 04:48:28', NULL, NULL, NULL),
(64, 2, 'Wyncdo Realty Development, Inc.', NULL, NULL, NULL, NULL, NULL, NULL, NULL, NULL, NULL, NULL, NULL, NULL, NULL, NULL, NULL, NULL, '', '36 River View Dr., Blue Ridge B, Q.C.', '2020-05-20 04:50:30', NULL, NULL, NULL),
(65, 2, 'Wynpact Corporation', NULL, NULL, NULL, NULL, NULL, NULL, NULL, NULL, NULL, NULL, NULL, NULL, NULL, NULL, NULL, NULL, '', '36 River View Dr., Blue Ridge B, Q.C.', '2020-05-20 04:51:39', NULL, NULL, NULL),
(66, 2, 'JC Regalado Clothing Designs', NULL, NULL, NULL, NULL, NULL, NULL, NULL, NULL, NULL, NULL, NULL, NULL, NULL, NULL, NULL, NULL, '', '18 Milkyway Drive, Blue Ridge B, Q.C.', '2020-05-20 07:45:24', NULL, NULL, NULL),
(67, 2, 'Abbas School', NULL, NULL, NULL, NULL, NULL, NULL, NULL, NULL, NULL, NULL, NULL, NULL, NULL, NULL, NULL, NULL, '', 'Blue Ridge A, Quezon City', '2020-05-20 07:49:25', NULL, NULL, NULL),
(68, 2, 'Jai Gabagat', NULL, NULL, NULL, NULL, NULL, NULL, NULL, NULL, NULL, NULL, NULL, NULL, NULL, NULL, NULL, NULL, '', '3 Hillside Loop, Blue Ridge B, Q.C.', '2020-05-20 08:08:33', NULL, NULL, NULL),
(69, 2, 'Jennifer Kristine Bautista', NULL, NULL, NULL, NULL, NULL, NULL, NULL, NULL, NULL, NULL, NULL, NULL, NULL, NULL, NULL, NULL, '', '18 Moonlight Loop, Blue Ridge B, Q.C.', '2020-05-20 08:15:05', NULL, NULL, NULL),
(70, 2, 'Roland Aliser', NULL, NULL, NULL, NULL, NULL, NULL, NULL, NULL, NULL, NULL, NULL, NULL, NULL, NULL, NULL, NULL, '', 'Hillside Lane, Blue Ridge A, Q.C.', '2020-05-20 08:18:51', NULL, NULL, NULL),
(71, 2, 'Ma. Hannah Gabagat', NULL, NULL, NULL, NULL, NULL, NULL, NULL, NULL, NULL, NULL, NULL, NULL, NULL, NULL, NULL, NULL, '', '3 Hillside Lane, Blue Ridge B, Q.C.', '2020-05-20 08:29:42', NULL, NULL, NULL),
(72, 2, 'Bambi Cuna', NULL, NULL, NULL, NULL, NULL, NULL, NULL, NULL, NULL, NULL, NULL, NULL, NULL, NULL, NULL, NULL, '', '23 Comet\'s Loop, Blue Ridge B, Q.C.', '2020-05-20 08:36:58', NULL, NULL, NULL),
(73, 2, 'Iňigo Rafael Reyes', NULL, NULL, NULL, NULL, NULL, NULL, NULL, NULL, NULL, NULL, NULL, NULL, NULL, NULL, NULL, NULL, '', '41 Milkyway Dr., Blue Ridge B, Q.C.', '2020-05-20 08:42:54', NULL, NULL, NULL),
(74, 2, 'Jun Bautista', NULL, NULL, NULL, NULL, NULL, NULL, NULL, NULL, NULL, NULL, NULL, NULL, NULL, NULL, NULL, NULL, '', 'Antipolo City', '2020-05-20 08:47:13', NULL, NULL, NULL),
(75, 2, 'Reagan Ong', NULL, NULL, NULL, NULL, NULL, NULL, NULL, NULL, NULL, NULL, NULL, NULL, NULL, NULL, NULL, NULL, '', 'Quezon City', '2020-05-20 08:49:33', NULL, NULL, NULL),
(76, 2, 'Mrs. Peňa', NULL, NULL, NULL, NULL, NULL, NULL, NULL, NULL, NULL, NULL, NULL, NULL, NULL, NULL, NULL, NULL, '', '2-B Comet\'s Loop, Blue Ridge B, Q.C', '2020-05-20 08:56:17', NULL, NULL, NULL),
(77, 2, 'Diadema Enterprises', NULL, NULL, NULL, NULL, NULL, NULL, NULL, NULL, NULL, NULL, NULL, NULL, NULL, NULL, NULL, NULL, '', 'Quezon City', '2020-05-20 08:58:01', NULL, NULL, NULL),
(78, 2, 'Patricia Gatan', NULL, NULL, NULL, NULL, NULL, NULL, NULL, NULL, NULL, NULL, NULL, NULL, NULL, NULL, NULL, NULL, '', '18 Comet\'s Loop, Blue Ridge B, Q.C.', '2020-05-20 09:12:40', NULL, NULL, NULL),
(79, 2, 'C.P Paraiso Store', NULL, NULL, NULL, NULL, NULL, NULL, NULL, NULL, NULL, NULL, NULL, NULL, NULL, NULL, NULL, NULL, '', '24 Starline Rd., Blue Ridge B, Q.C.', '2020-05-20 09:15:23', NULL, NULL, NULL),
(80, 2, 'Luigi Aguila', NULL, NULL, NULL, NULL, NULL, NULL, NULL, NULL, NULL, NULL, NULL, NULL, NULL, NULL, NULL, NULL, '', 'Blue Ridge B, Q.C.', '2020-05-20 09:21:21', NULL, NULL, NULL),
(81, 2, 'Ma. Castaneda', NULL, NULL, NULL, NULL, NULL, NULL, NULL, NULL, NULL, NULL, NULL, NULL, NULL, NULL, NULL, NULL, '', 'Blue Ridge B, Quezon City', '2020-05-20 09:22:20', NULL, NULL, NULL),
(82, 2, 'Gaspar Guevarra', NULL, NULL, NULL, NULL, NULL, NULL, NULL, NULL, NULL, NULL, NULL, NULL, NULL, NULL, NULL, NULL, '', '10-B River View Dr., Blue Ridge B, Q.C.', '2020-05-20 09:29:42', NULL, NULL, NULL),
(83, 2, 'BRBHAI', NULL, NULL, NULL, NULL, NULL, NULL, NULL, NULL, NULL, NULL, NULL, NULL, NULL, NULL, NULL, NULL, '', 'Home Owner Association, Blue Ridge B, Q.C.', '2020-05-20 09:31:59', NULL, NULL, NULL),
(84, 2, 'Maria Ana Garcia-Dandan', NULL, NULL, NULL, NULL, NULL, NULL, NULL, NULL, NULL, NULL, NULL, NULL, NULL, NULL, NULL, NULL, '', 'Blue Ridge B, Quezon City', '2020-05-20 09:32:51', NULL, NULL, NULL),
(85, 2, 'Paulo Valderama', NULL, NULL, NULL, NULL, NULL, NULL, NULL, NULL, NULL, NULL, NULL, NULL, NULL, NULL, NULL, NULL, '', '21 Moonlight Loop, Blue Ridge B, Q.C.', '2020-05-20 09:35:04', NULL, NULL, NULL),
(86, 2, 'Jesus Bautista', NULL, NULL, NULL, NULL, NULL, NULL, NULL, NULL, NULL, NULL, NULL, NULL, NULL, NULL, NULL, NULL, '', 'Antipolo City', '2020-05-20 10:00:06', NULL, NULL, NULL),
(87, 2, 'Molina & Cuna Sales and Trading Inc.', NULL, NULL, NULL, NULL, NULL, NULL, NULL, NULL, NULL, NULL, NULL, NULL, NULL, NULL, NULL, NULL, '', '23 Comet\'s Loop, Blue Ridge B, Q.C.', '2020-05-21 01:03:17', NULL, NULL, NULL),
(88, 2, 'Linda Martinez', NULL, NULL, NULL, NULL, NULL, NULL, NULL, NULL, NULL, NULL, NULL, NULL, NULL, NULL, NULL, NULL, '', '27-A Starline Rd., Blue Ridge B, Q.C.', '2020-05-21 01:35:41', NULL, NULL, NULL),
(89, 2, 'Dr. Mendoza', NULL, NULL, NULL, NULL, NULL, NULL, NULL, NULL, NULL, NULL, NULL, NULL, NULL, NULL, NULL, NULL, '', '38 Milkyway Dr., Blue Ridge B, Q.C.', '2020-05-21 01:39:42', NULL, NULL, NULL),
(90, 2, 'Mr. Estrada', NULL, NULL, NULL, NULL, NULL, NULL, NULL, NULL, NULL, NULL, NULL, NULL, NULL, NULL, NULL, NULL, '', '34 River View Dr., Blue Ridge B, Q.C.', '2020-05-21 01:45:24', NULL, NULL, NULL),
(91, 2, 'Nutrigulay', NULL, NULL, NULL, NULL, NULL, NULL, NULL, NULL, NULL, NULL, NULL, NULL, NULL, NULL, NULL, NULL, '', 'Quezon City', '2020-05-21 01:48:47', NULL, NULL, NULL),
(92, 2, 'Mrs. Hernando', NULL, NULL, NULL, NULL, NULL, NULL, NULL, NULL, NULL, NULL, NULL, NULL, NULL, NULL, NULL, NULL, '', '13 Moonlight Loop, Blue Ridge B, Q.C.', '2020-05-21 01:53:11', NULL, NULL, NULL),
(93, 2, 'Blue Ridge B Homeowner Association', NULL, NULL, NULL, NULL, NULL, NULL, NULL, NULL, NULL, NULL, NULL, NULL, NULL, NULL, NULL, NULL, '', '5 Moonlight Loop, Blue Ridge B, Q.C.', '2020-05-21 01:59:37', NULL, NULL, NULL),
(94, 2, 'Mr. Alfonso', NULL, NULL, NULL, NULL, NULL, NULL, NULL, NULL, NULL, NULL, NULL, NULL, NULL, NULL, NULL, NULL, '', 'Blue Ridge B, Q.C.', '2020-05-21 02:00:43', NULL, NULL, NULL),
(95, 2, 'Pharmasafe, Inc.', NULL, NULL, NULL, NULL, NULL, NULL, NULL, NULL, NULL, NULL, NULL, NULL, NULL, NULL, NULL, NULL, '', '37 Twinpeaks Dr., Blue Ridge B, Q.C.', '2020-05-21 02:05:08', NULL, NULL, NULL),
(96, 2, 'Outcomm, Inc.', NULL, NULL, NULL, NULL, NULL, NULL, NULL, NULL, NULL, NULL, NULL, NULL, NULL, NULL, NULL, NULL, '', '377 Bonny Serrano Rd., Blue Ridge B, Q.C.', '2020-05-21 03:11:00', NULL, NULL, NULL),
(97, 2, 'Edward Firmalo', NULL, NULL, NULL, NULL, NULL, NULL, NULL, NULL, NULL, NULL, NULL, NULL, NULL, NULL, NULL, NULL, '', '11 Moonlight Loop, Blue Ridge B, Q.C.', '2020-05-21 03:38:01', NULL, NULL, NULL),
(98, 2, 'Manuel Argel', NULL, NULL, NULL, NULL, NULL, NULL, NULL, NULL, NULL, NULL, NULL, NULL, NULL, NULL, NULL, NULL, '', '2 Milkyway Lane, Blue Ridge B, Q.C.', '2020-05-21 03:45:57', NULL, NULL, NULL),
(99, 2, 'Mr. Paulo Valderama', NULL, NULL, NULL, NULL, NULL, NULL, NULL, NULL, NULL, NULL, NULL, NULL, NULL, NULL, NULL, NULL, '', '21 Moonlight Loop, Blue Ridge B, Q.C.', '2020-05-21 03:48:27', NULL, NULL, NULL),
(100, 2, 'Evelyn Estrada', NULL, NULL, NULL, NULL, NULL, NULL, NULL, NULL, NULL, NULL, NULL, NULL, NULL, NULL, NULL, NULL, '', 'Blue Ridge B, Q.C.', '2020-05-21 03:49:16', NULL, NULL, NULL),
(101, 2, 'Allan Geronilla', NULL, NULL, NULL, NULL, NULL, NULL, NULL, NULL, NULL, NULL, NULL, NULL, NULL, NULL, NULL, NULL, '', '21 Milkyway Dr., Blue Ridge B, Q.C.', '2020-05-21 03:50:37', NULL, NULL, NULL),
(102, 2, 'Eugene Villanueva', NULL, NULL, NULL, NULL, NULL, NULL, NULL, NULL, NULL, NULL, NULL, NULL, NULL, NULL, NULL, NULL, '', '31 Twinpeaks Dr., Blue Ridge B, Q.C.', '2020-05-21 03:51:34', NULL, NULL, NULL),
(103, 2, 'Paulo Perez', NULL, NULL, NULL, NULL, NULL, NULL, NULL, NULL, NULL, NULL, NULL, NULL, NULL, NULL, NULL, NULL, '', 'Blue Ridge B, Q.C.', '2020-05-21 03:52:23', NULL, NULL, NULL),
(104, 2, 'Dr. de Guzman', NULL, NULL, NULL, NULL, NULL, NULL, NULL, NULL, NULL, NULL, NULL, NULL, NULL, NULL, NULL, NULL, '', 'Blue Ridge B, Q.C.', '2020-05-21 03:53:55', NULL, NULL, NULL),
(105, 2, 'Eliza', NULL, NULL, NULL, NULL, NULL, NULL, NULL, NULL, NULL, NULL, NULL, NULL, NULL, NULL, NULL, NULL, '', 'Blue Ridge B, Q.C.', '2020-05-21 03:58:40', NULL, NULL, NULL),
(106, 2, 'Ma. Elena Picarra', NULL, NULL, NULL, NULL, NULL, NULL, NULL, NULL, NULL, NULL, NULL, NULL, NULL, NULL, NULL, NULL, '', 'Quezon City', '2020-05-21 04:00:28', NULL, NULL, NULL),
(107, 2, 'Arthur Mendoza', NULL, NULL, NULL, NULL, NULL, NULL, NULL, NULL, NULL, NULL, NULL, NULL, NULL, NULL, NULL, NULL, '', '38 Milkyway Dr., Blue Ridge B, Q.C.', '2020-05-21 04:03:32', NULL, NULL, NULL),
(108, 2, 'June Bautista', NULL, NULL, NULL, NULL, NULL, NULL, NULL, NULL, NULL, NULL, NULL, NULL, NULL, NULL, NULL, NULL, '', 'Antipolo Cuiy', '2020-05-21 04:04:37', NULL, NULL, NULL),
(109, 2, 'Lloyd Kenneth Sy', NULL, NULL, NULL, NULL, NULL, NULL, NULL, NULL, NULL, NULL, NULL, NULL, NULL, NULL, NULL, NULL, '', '3 Promenade Lane, Blue Ridge B, Q.C.', '2020-05-21 04:06:22', NULL, NULL, NULL),
(110, 2, 'Ruth Hilado', NULL, NULL, NULL, NULL, NULL, NULL, NULL, NULL, NULL, NULL, NULL, NULL, NULL, NULL, NULL, NULL, '', '27 Moonlight Loop, Blue Ridge B, Q.C.', '2020-05-21 04:09:42', NULL, NULL, NULL),
(111, 2, 'Philip Gutierrez', NULL, NULL, NULL, NULL, NULL, NULL, NULL, NULL, NULL, NULL, NULL, NULL, NULL, NULL, NULL, NULL, '', 'Blue Ridge B, Q.C.', '2020-05-21 04:14:18', NULL, NULL, NULL),
(112, 2, 'Sharon Rose Joy T. Bilbao', NULL, NULL, NULL, NULL, NULL, NULL, NULL, NULL, NULL, NULL, NULL, NULL, NULL, NULL, NULL, NULL, '', 'Quezon City', '2020-05-21 05:42:55', NULL, NULL, NULL),
(113, 2, 'Patrick Tan', NULL, NULL, NULL, NULL, NULL, NULL, NULL, NULL, NULL, NULL, NULL, NULL, NULL, NULL, NULL, NULL, '', '36 River View Dr., Blue Ridge B, Quezon City', '2020-05-21 05:45:34', NULL, NULL, NULL),
(114, 2, 'Maria Teresa Bianca N. Villagomez', NULL, NULL, NULL, NULL, NULL, NULL, NULL, NULL, NULL, NULL, NULL, NULL, NULL, NULL, NULL, NULL, '', '25 Starline Rd., Blue Ridge B, Q.C.', '2020-05-21 05:49:02', NULL, NULL, NULL),
(115, 2, 'Jan Vincent Liwanag', NULL, NULL, NULL, NULL, NULL, NULL, NULL, NULL, NULL, NULL, NULL, NULL, NULL, NULL, NULL, NULL, '', '27 Milkyway Dr., Blue Ridge B, Q.C.', '2020-05-21 05:51:46', NULL, NULL, NULL),
(116, 2, 'Eduardo Firmalo', NULL, NULL, NULL, NULL, NULL, NULL, NULL, NULL, NULL, NULL, NULL, NULL, NULL, NULL, NULL, NULL, '', '11 Moonlight Loop, Blue Ridge B, Q.C.', '2020-05-21 05:53:07', NULL, NULL, NULL),
(117, 2, 'Concepcion Vergara Training Consultancy', NULL, NULL, NULL, NULL, NULL, NULL, NULL, NULL, NULL, NULL, NULL, NULL, NULL, NULL, NULL, NULL, '', '2-D Comet\'s Loop, Blue Ridge B, Q.C.', '2020-05-21 05:58:51', NULL, NULL, NULL),
(118, 2, 'Quezon City Treasurer\'s Office', NULL, NULL, NULL, NULL, NULL, NULL, NULL, NULL, NULL, NULL, NULL, NULL, NULL, NULL, NULL, NULL, '', 'Quezon City Hall', '2020-05-21 06:03:59', NULL, NULL, NULL),
(119, 2, 'Amar Chadnani', NULL, NULL, NULL, NULL, NULL, NULL, NULL, NULL, NULL, NULL, NULL, NULL, NULL, NULL, NULL, NULL, '', '3 Promenade Lane, Blue Ridge B, Q.C.', '2020-05-21 06:07:39', NULL, NULL, NULL),
(120, 2, 'Justine Cruz', NULL, NULL, NULL, NULL, NULL, NULL, NULL, NULL, NULL, NULL, NULL, NULL, NULL, NULL, NULL, NULL, '', '5 Hillside Lane, Blue Ridge A, Q.C.', '2020-05-21 06:13:37', NULL, NULL, NULL),
(121, 2, 'Reyson John Mata', NULL, NULL, NULL, NULL, NULL, NULL, NULL, NULL, NULL, NULL, NULL, NULL, NULL, NULL, NULL, NULL, '', 'Blue Ridge B, Q.C.', '2020-05-21 06:23:41', NULL, NULL, NULL),
(122, 2, 'Philip Tijing', NULL, NULL, NULL, NULL, NULL, NULL, NULL, NULL, NULL, NULL, NULL, NULL, NULL, NULL, NULL, NULL, '', '10-C River View Dr., .Blue Ridge B, Q.C.', '2020-05-21 06:26:22', NULL, NULL, NULL),
(123, 2, 'BDM Builders', NULL, NULL, NULL, NULL, NULL, NULL, NULL, NULL, NULL, NULL, NULL, NULL, NULL, NULL, NULL, NULL, '', 'Blue Ridge B, Q.C.', '2020-05-21 06:28:42', NULL, NULL, NULL),
(124, 2, 'Dr. Mdendoza', NULL, NULL, NULL, NULL, NULL, NULL, NULL, NULL, NULL, NULL, NULL, NULL, NULL, NULL, NULL, NULL, '', '38 Milkyway Dr., Blue Ridge B, Q.C.', '2020-05-21 22:18:38', NULL, NULL, NULL),
(125, 2, 'M. Castaneda', NULL, NULL, NULL, NULL, NULL, NULL, NULL, NULL, NULL, NULL, NULL, NULL, NULL, NULL, NULL, NULL, '', '2 Starline Rd., Blue Ridge B, Q.C.', '2020-05-21 22:27:37', NULL, NULL, NULL),
(126, 2, 'Senir Maria Yumiko R.', NULL, NULL, NULL, NULL, NULL, NULL, NULL, NULL, NULL, NULL, NULL, NULL, NULL, NULL, NULL, NULL, '', '7 Moonlight Loop, Blue Ridge B, Q.C.', '2020-05-21 22:42:43', NULL, NULL, NULL),
(127, 2, 'Jhustine Rivera', NULL, NULL, NULL, NULL, NULL, NULL, NULL, NULL, NULL, NULL, NULL, NULL, NULL, NULL, NULL, NULL, '', 'Blue Ridge B, Q.C.', '2020-05-21 22:44:47', NULL, NULL, NULL),
(128, 2, 'Ma. Castanrda', NULL, NULL, NULL, NULL, NULL, NULL, NULL, NULL, NULL, NULL, NULL, NULL, NULL, NULL, NULL, NULL, '', '2 Starline Rd., Blue Ridge B, Q.C.', '2020-05-21 22:49:43', NULL, NULL, NULL),
(129, 2, 'Marie Anne Ramos', NULL, NULL, NULL, NULL, NULL, NULL, NULL, NULL, NULL, NULL, NULL, NULL, NULL, NULL, NULL, NULL, '', '34 Starline Rd., Blue Ridge B, Q,C.', '2020-05-21 23:14:45', NULL, NULL, NULL),
(130, 2, 'Paz B. Au', NULL, NULL, NULL, NULL, NULL, NULL, NULL, NULL, NULL, NULL, NULL, NULL, NULL, NULL, NULL, NULL, '', '1 River View Dr., Blue Ridge B, Q.C.', '2020-05-21 23:19:14', NULL, NULL, NULL),
(131, 2, 'Oleaves Corporation', NULL, NULL, NULL, NULL, NULL, NULL, NULL, NULL, NULL, NULL, NULL, NULL, NULL, NULL, NULL, NULL, '', 'Blue Ridge B, Q.C.', '2020-05-21 23:21:26', NULL, NULL, NULL),
(132, 2, 'Iris Etcuban', NULL, NULL, NULL, NULL, NULL, NULL, NULL, NULL, NULL, NULL, NULL, NULL, NULL, NULL, NULL, NULL, '', 'Blue Ridge B, Q.C.', '2020-05-21 23:23:36', NULL, NULL, NULL),
(133, 2, 'Mario Valfderama', NULL, NULL, NULL, NULL, NULL, NULL, NULL, NULL, NULL, NULL, NULL, NULL, NULL, NULL, NULL, NULL, '', '21 Moonlight Loop, Blue Ridge B, Q.C.', '2020-05-21 23:24:47', NULL, NULL, NULL),
(134, 2, 'Lilian Castro', NULL, NULL, NULL, NULL, NULL, NULL, NULL, NULL, NULL, NULL, NULL, NULL, NULL, NULL, NULL, NULL, '', '3 Moonlight Loop, Blue Ridge B, Q.C.', '2020-05-21 23:27:21', NULL, NULL, NULL),
(135, 2, 'RJ Mata', NULL, NULL, NULL, NULL, NULL, NULL, NULL, NULL, NULL, NULL, NULL, NULL, NULL, NULL, NULL, NULL, '', 'Blue Ridge B, Q.C.', '2020-05-21 23:30:21', NULL, NULL, NULL),
(136, 2, 'Ponch Canoy', NULL, NULL, NULL, NULL, NULL, NULL, NULL, NULL, NULL, NULL, NULL, NULL, NULL, NULL, NULL, NULL, '', '17 Twinpeaks Dr., Blue Ridge B, Q.C.', '2020-05-21 23:34:37', NULL, NULL, NULL),
(137, 2, 'Diana Dee', NULL, NULL, NULL, NULL, NULL, NULL, NULL, NULL, NULL, NULL, NULL, NULL, NULL, NULL, NULL, NULL, '', '27-B Milkyway Dr., Blue Ridge B, Q.C.', '2020-05-22 00:46:35', NULL, NULL, NULL),
(138, 2, 'Mrs. Panganiban', NULL, NULL, NULL, NULL, NULL, NULL, NULL, NULL, NULL, NULL, NULL, NULL, NULL, NULL, NULL, NULL, '', '30 River View Dr., Blue Ridge B, Q.C.', '2020-05-22 00:57:16', NULL, NULL, NULL),
(139, 2, 'Esperanza Ruth Hilado', NULL, NULL, NULL, NULL, NULL, NULL, NULL, NULL, NULL, NULL, NULL, NULL, NULL, NULL, NULL, NULL, '', '27 .Moonlight Loop, Blue Ridge B, Q.C.', '2020-05-22 01:04:07', NULL, NULL, NULL),
(140, 2, 'Mario Valderama.', NULL, NULL, NULL, NULL, NULL, NULL, NULL, NULL, NULL, NULL, NULL, NULL, NULL, NULL, NULL, NULL, '', '21 Moonlight Loop, Blue Ridge B, Q.C.', '2020-05-22 01:09:06', NULL, NULL, NULL),
(141, 2, 'Sandra Yao', NULL, NULL, NULL, NULL, NULL, NULL, NULL, NULL, NULL, NULL, NULL, NULL, NULL, NULL, NULL, NULL, '', '19 Starline Rd., Blue Ridge B, Q.C.', '2020-05-22 01:13:06', NULL, NULL, NULL),
(142, 2, 'Cyvi Contreras', NULL, NULL, NULL, NULL, NULL, NULL, NULL, NULL, NULL, NULL, NULL, NULL, NULL, NULL, NULL, NULL, '', '381 Bonny Serrano Rd., Blue Ridge B, Q.C.', '2020-05-22 01:26:21', NULL, NULL, NULL),
(143, 2, 'Lawrence Cabiles', NULL, NULL, NULL, NULL, NULL, NULL, NULL, NULL, NULL, NULL, NULL, NULL, NULL, NULL, NULL, NULL, '', 'Blue Ridge B, Q.C.', '2020-05-22 01:27:47', NULL, NULL, NULL),
(144, 2, 'Carlo Jerico Emnil', NULL, NULL, NULL, NULL, NULL, NULL, NULL, NULL, NULL, NULL, NULL, NULL, NULL, NULL, NULL, NULL, '', 'Blue Ridge B, Q.C.', '2020-05-22 01:41:01', NULL, NULL, NULL),
(145, 2, 'Gil dela Vega', NULL, NULL, NULL, NULL, NULL, NULL, NULL, NULL, NULL, NULL, NULL, NULL, NULL, NULL, NULL, NULL, '', 'Blue Ridge B, Q.C.', '2020-05-22 01:46:25', NULL, NULL, NULL),
(146, 2, 'Jisedai Infinan', NULL, NULL, NULL, NULL, NULL, NULL, NULL, NULL, NULL, NULL, NULL, NULL, NULL, NULL, NULL, NULL, '', 'Blue Ridge B, Q.C.', '2020-05-22 01:49:28', NULL, NULL, NULL),
(147, 2, 'Tessa Pascual', NULL, NULL, NULL, NULL, NULL, NULL, NULL, NULL, NULL, NULL, NULL, NULL, NULL, NULL, NULL, NULL, '', 'Blue Ridge A, Q.C.', '2020-05-22 01:52:44', NULL, NULL, NULL),
(148, 2, 'Jisedai Infinnan', NULL, NULL, NULL, NULL, NULL, NULL, NULL, NULL, NULL, NULL, NULL, NULL, NULL, NULL, NULL, NULL, '', 'Blue Ridge B, Q.C.', '2020-05-22 02:04:50', NULL, NULL, NULL),
(149, 2, 'Victor Aquino Mata', NULL, NULL, NULL, NULL, NULL, NULL, NULL, NULL, NULL, NULL, NULL, NULL, NULL, NULL, NULL, NULL, '', 'Blue Ridge B, Q.C.', '2020-05-22 02:14:49', NULL, NULL, NULL),
(150, 2, 'Tanya Cruz', NULL, NULL, NULL, NULL, NULL, NULL, NULL, NULL, NULL, NULL, NULL, NULL, NULL, NULL, NULL, NULL, '', 'Blue Ridge B, Q.C.', '2020-05-22 02:18:34', NULL, NULL, NULL),
(151, 2, 'Bryan Hilado', NULL, NULL, NULL, NULL, NULL, NULL, NULL, NULL, NULL, NULL, NULL, NULL, NULL, NULL, NULL, NULL, '', '27 Moonlight Loop, Blue Ridge B, Q.C.', '2020-05-22 02:19:16', NULL, NULL, NULL),
(152, 2, 'Louise Caroline Catacutan', NULL, NULL, NULL, NULL, NULL, NULL, NULL, NULL, NULL, NULL, NULL, NULL, NULL, NULL, NULL, NULL, '', '391 Bonny Serrano rd., Blue Ridge B, Q.C.', '2020-05-22 02:25:39', NULL, NULL, NULL),
(153, 2, 'Norma Canlas', NULL, NULL, NULL, NULL, NULL, NULL, NULL, NULL, NULL, NULL, NULL, NULL, NULL, NULL, NULL, NULL, '', '5 Starline Rd., Blue Ridge B, Q.C.', '2020-05-22 02:27:59', NULL, NULL, NULL),
(154, 2, 'Mark Dandan', NULL, NULL, NULL, NULL, NULL, NULL, NULL, NULL, NULL, NULL, NULL, NULL, NULL, NULL, NULL, NULL, '', 'Blue Ridge B, Q.C.', '2020-05-25 16:10:13', NULL, NULL, NULL),
(155, 2, 'Sandra Ng', NULL, NULL, NULL, NULL, NULL, NULL, NULL, NULL, NULL, NULL, NULL, NULL, NULL, NULL, NULL, NULL, '', 'Blue Ridge B, Q.C.', '2020-05-25 16:11:04', NULL, NULL, NULL),
(156, 2, 'Mr. Valderama', NULL, NULL, NULL, NULL, NULL, NULL, NULL, NULL, NULL, NULL, NULL, NULL, NULL, NULL, NULL, NULL, '', '21 Moonlight Loop, Blue Ridge B, Q.C.', '2020-05-25 16:12:16', NULL, NULL, NULL),
(157, 2, 'Labrador', NULL, NULL, NULL, NULL, NULL, NULL, NULL, NULL, NULL, NULL, NULL, NULL, NULL, NULL, NULL, NULL, '', '29 Milkyway Dr., Blue Ridge B, Q.C.', '2020-05-25 16:14:02', NULL, NULL, NULL),
(158, 2, 'Mona Estrada', NULL, NULL, NULL, NULL, NULL, NULL, NULL, NULL, NULL, NULL, NULL, NULL, NULL, NULL, NULL, NULL, '', '34  River View Dr., Blue Ridge B, Q.C.', '2020-05-25 16:15:26', NULL, NULL, NULL),
(159, 2, 'Ateneo High School Batch 93, Class 1K to 4J', NULL, NULL, NULL, NULL, NULL, NULL, NULL, NULL, NULL, NULL, NULL, NULL, NULL, NULL, NULL, NULL, '', 'Ateneo', '2020-05-25 16:17:41', NULL, NULL, NULL),
(160, 2, 'Bubu Maristela', NULL, NULL, NULL, NULL, NULL, NULL, NULL, NULL, NULL, NULL, NULL, NULL, NULL, NULL, NULL, NULL, '', '9 Moonlight Loop, Blue Rudge B, Q.C.', '2020-05-25 16:19:11', NULL, NULL, NULL),
(161, 2, 'Q.C. Treasurer\'s Office', NULL, NULL, NULL, NULL, NULL, NULL, NULL, NULL, NULL, NULL, NULL, NULL, NULL, NULL, NULL, NULL, '', 'Quezon City Hall', '2020-05-25 16:28:31', NULL, NULL, NULL),
(162, 2, 'Paolo Gonzales', NULL, NULL, NULL, NULL, NULL, NULL, NULL, NULL, NULL, NULL, NULL, NULL, NULL, NULL, NULL, NULL, '', '3 River View Dr., Blue Ridge B, Q.C.', '2020-05-25 16:30:44', NULL, NULL, NULL),
(163, 2, 'Elsie Tomas', NULL, NULL, NULL, NULL, NULL, NULL, NULL, NULL, NULL, NULL, NULL, NULL, NULL, NULL, NULL, NULL, '', 'Blue Ridge B, Q.C.', '2020-05-25 16:31:38', NULL, NULL, NULL),
(164, 2, 'Avant Vencept', NULL, NULL, NULL, NULL, NULL, NULL, NULL, NULL, NULL, NULL, NULL, NULL, NULL, NULL, NULL, NULL, '', 'Quezon City', '2020-08-12 17:58:45', NULL, NULL, NULL),
(165, 2, 'Emma Aquino', NULL, NULL, NULL, NULL, NULL, NULL, NULL, NULL, NULL, NULL, NULL, NULL, NULL, NULL, NULL, NULL, '', '5 Milkyway Drive, Blue Ridge B, Q.C.', '2020-08-12 18:00:10', NULL, NULL, NULL),
(166, 2, 'Arnel Gamo', NULL, NULL, NULL, NULL, NULL, NULL, NULL, NULL, NULL, NULL, NULL, NULL, NULL, NULL, NULL, NULL, '', 'Blue Ridge B, Q.C.', '2020-08-12 18:01:21', NULL, NULL, NULL),
(167, 2, 'Gapyeong Rotary Club through Rotary Club of Loyola Heights', NULL, NULL, NULL, NULL, NULL, NULL, NULL, NULL, NULL, NULL, NULL, NULL, NULL, NULL, NULL, NULL, '', 'Quezon City', '2020-08-12 18:02:37', NULL, NULL, NULL),
(168, 1, 'Philcopy Corporation', NULL, NULL, NULL, NULL, NULL, NULL, NULL, NULL, NULL, NULL, NULL, NULL, NULL, NULL, NULL, NULL, '', 'Ubit 2B Carmel Suite #15 Chronicle St., Brgy. West Triangle Quezon City', '2020-09-03 18:54:18', NULL, NULL, NULL),
(169, 1, 'FIGARO COFFEE SYSTEMS, INC.', NULL, NULL, NULL, NULL, NULL, NULL, NULL, NULL, NULL, NULL, NULL, NULL, NULL, NULL, NULL, NULL, '', 'No. 184-B E. Rodriguez Jr. Ave., Bagumbayan, Quezon City', '2020-09-03 23:19:47', NULL, NULL, NULL),
(170, 1, 'Mark Anthony Navarro', NULL, NULL, NULL, NULL, NULL, NULL, NULL, NULL, NULL, NULL, NULL, NULL, NULL, NULL, NULL, NULL, '', '21-F E. Rodriguez Sr. Ave., Dona Josefa Quezon City', '2020-11-04 19:18:57', NULL, NULL, NULL),
(171, 1, 'ROLANDO B. PATACSIL', NULL, NULL, NULL, NULL, NULL, NULL, NULL, NULL, NULL, NULL, NULL, NULL, NULL, NULL, NULL, NULL, '', 'Km 22 Ortigas Ext., Brgy. San Isidro Cainta Rizal', '2020-11-05 18:48:56', NULL, NULL, NULL),
(172, 1, 'ROLANDO PATACSIL', NULL, NULL, NULL, NULL, NULL, NULL, NULL, NULL, NULL, NULL, NULL, NULL, NULL, NULL, NULL, NULL, '', 'Km 22 Ortigas Ext., Brgy. San Isidro, Cainta, Rizal', '2020-12-13 23:43:50', NULL, NULL, NULL),
(173, 1, 'Mark', NULL, NULL, NULL, NULL, NULL, NULL, NULL, NULL, NULL, NULL, NULL, NULL, NULL, NULL, NULL, NULL, '', 'Pasig', '2021-01-05 20:37:46', NULL, NULL, NULL),
(174, 4, 'Mark Bautista', 'Mark', 'Bautista', NULL, NULL, '2021-01-06', 'Quezon City', 'Filipino', 1, 1, '1000-1000-1000', NULL, NULL, NULL, NULL, NULL, NULL, NULL, '2021 Comets St. Brgy. Blueridge B Quezon City', '2021-01-05 21:34:40', NULL, NULL, NULL),
(175, 1, 'THOMAS GREGORY LIM', NULL, NULL, NULL, NULL, NULL, NULL, NULL, NULL, NULL, NULL, NULL, NULL, NULL, NULL, NULL, NULL, '', '43 HILLSIDE DR. BLUE RIDGE A, QUEZON CITY', '2021-01-14 18:14:59', NULL, NULL, NULL),
(176, 2, 'Joseph Suan', NULL, NULL, NULL, NULL, NULL, NULL, NULL, NULL, NULL, NULL, NULL, NULL, NULL, NULL, NULL, NULL, '', 'Barangay Blue Ridge B', '2021-01-19 23:06:41', NULL, NULL, NULL),
(177, 2, 'Lucila Mondriago', NULL, NULL, NULL, NULL, NULL, NULL, NULL, NULL, NULL, NULL, NULL, NULL, NULL, NULL, NULL, NULL, '', 'Barangay Blue Ridge B', '2021-01-19 23:31:26', NULL, NULL, NULL),
(178, 2, 'Mr. Policarpio', NULL, NULL, NULL, NULL, NULL, NULL, NULL, NULL, NULL, NULL, NULL, NULL, NULL, NULL, NULL, NULL, '', '18 Starline Road, Blue Ridge B, Quezon City', '2021-01-19 23:36:19', NULL, NULL, NULL),
(179, 2, 'Lea Gadil', NULL, NULL, NULL, NULL, NULL, NULL, NULL, NULL, NULL, NULL, NULL, NULL, NULL, NULL, NULL, NULL, '', 'Barangay Blue Ridge B', '2021-01-19 23:53:31', NULL, NULL, NULL),
(180, 2, 'Antonio Roger Coronado', NULL, NULL, NULL, NULL, NULL, NULL, NULL, NULL, NULL, NULL, NULL, NULL, NULL, NULL, NULL, NULL, '', 'Barangay Blue Ridge B', '2021-01-19 23:54:22', NULL, NULL, NULL),
(181, 2, 'Herwig Tysmans', NULL, NULL, NULL, NULL, NULL, NULL, NULL, NULL, NULL, NULL, NULL, NULL, NULL, NULL, NULL, NULL, '', '29-A Twinpeaks Drive, Blue Ridge B, Quezon City', '2021-01-19 23:55:19', NULL, NULL, NULL),
(182, 2, 'Gerladin Perigo', NULL, NULL, NULL, NULL, NULL, NULL, NULL, NULL, NULL, NULL, NULL, NULL, NULL, NULL, NULL, NULL, '', 'Barangay Blue Ridge B, Quezon City', '2021-01-19 23:56:16', NULL, NULL, NULL),
(183, 2, 'Arianne Mirabite', NULL, NULL, NULL, NULL, NULL, NULL, NULL, NULL, NULL, NULL, NULL, NULL, NULL, NULL, NULL, NULL, '', '377 Bonny Serrano Rd., Blue Ridge B, Q.C.', '2021-01-19 23:57:53', NULL, NULL, NULL),
(184, 2, 'Mary Jane Pagaddu', NULL, NULL, NULL, NULL, NULL, NULL, NULL, NULL, NULL, NULL, NULL, NULL, NULL, NULL, NULL, NULL, '', '377 Bonny Serano Rd., Blue Ridge B, Quezon City', '2021-01-19 23:58:57', NULL, NULL, NULL),
(185, 2, 'Sessan Lee', NULL, NULL, NULL, NULL, NULL, NULL, NULL, NULL, NULL, NULL, NULL, NULL, NULL, NULL, NULL, NULL, '', '19 Twinpeaks Dr., Blue Ridge B, Q.C.', '2021-01-20 00:00:36', NULL, NULL, NULL),
(186, 2, 'Rolando Joven', NULL, NULL, NULL, NULL, NULL, NULL, NULL, NULL, NULL, NULL, NULL, NULL, NULL, NULL, NULL, NULL, '', '3 Milkyway Dr., Blue Ridge B, Quezon City', '2021-01-20 00:03:39', NULL, NULL, NULL),
(187, 2, 'Lacuna', NULL, NULL, NULL, NULL, NULL, NULL, NULL, NULL, NULL, NULL, NULL, NULL, NULL, NULL, NULL, NULL, '', '377 Bonny Serrano Rd., Blue Ridge B, Quezon City', '2021-01-20 00:04:34', NULL, NULL, NULL),
(188, 2, 'Aileen Loteria', NULL, NULL, NULL, NULL, NULL, NULL, NULL, NULL, NULL, NULL, NULL, NULL, NULL, NULL, NULL, NULL, '', '1 Comets Loop, Blue Ridge B, Q.C.', '2021-01-20 00:06:07', NULL, NULL, NULL),
(189, 2, 'Kgd. Kate de Jesus', NULL, NULL, NULL, NULL, NULL, NULL, NULL, NULL, NULL, NULL, NULL, NULL, NULL, NULL, NULL, NULL, '', '29A Twinpeaks Dr., Blue Ridge B, Quezon City', '2021-01-20 00:07:23', NULL, NULL, NULL),
(190, 2, 'Jose Aquino', NULL, NULL, NULL, NULL, NULL, NULL, NULL, NULL, NULL, NULL, NULL, NULL, NULL, NULL, NULL, NULL, '', '5 Milkyway Dr., Blue Ridge B, Q.C.', '2021-01-20 00:08:32', NULL, NULL, NULL),
(191, 2, 'Nonilo Baisa', NULL, NULL, NULL, NULL, NULL, NULL, NULL, NULL, NULL, NULL, NULL, NULL, NULL, NULL, NULL, NULL, '', '387 Bonny Serrano Rd., Blue Ridge B, Q.C.', '2021-01-20 00:09:40', NULL, NULL, NULL),
(192, 2, 'Erlinda Ebol', NULL, NULL, NULL, NULL, NULL, NULL, NULL, NULL, NULL, NULL, NULL, NULL, NULL, NULL, NULL, NULL, '', '387 Bonny Serrano Rd., Blue Ridge B, Quezon City', '2021-01-20 00:10:54', NULL, NULL, NULL),
(193, 2, 'Virgilio Pagaddu', NULL, NULL, NULL, NULL, NULL, NULL, NULL, NULL, NULL, NULL, NULL, NULL, NULL, NULL, NULL, NULL, '', '377 Bonny Serrano rd., Blue Ridge B, Q.C.', '2021-01-20 00:31:38', NULL, NULL, NULL),
(194, 2, 'Mark Lester Banatao', NULL, NULL, NULL, NULL, NULL, NULL, NULL, NULL, NULL, NULL, NULL, NULL, NULL, NULL, NULL, NULL, '', '387 Bonny Serrano Rd., Blue Ridge B, Q.C.', '2021-01-20 00:32:33', NULL, NULL, NULL),
(195, 2, 'John Michael Coronado', NULL, NULL, NULL, NULL, NULL, NULL, NULL, NULL, NULL, NULL, NULL, NULL, NULL, NULL, NULL, NULL, '', 'Barangay Blue Ridge B, Quezon City', '2021-01-20 00:33:42', NULL, NULL, NULL),
(196, 2, 'Danilo Caloobanan', NULL, NULL, NULL, NULL, NULL, NULL, NULL, NULL, NULL, NULL, NULL, NULL, NULL, NULL, NULL, NULL, '', 'Barangay Blue Ridge B', '2021-01-20 00:34:39', NULL, NULL, NULL),
(197, 2, 'Jpsephine Quillario', NULL, NULL, NULL, NULL, NULL, NULL, NULL, NULL, NULL, NULL, NULL, NULL, NULL, NULL, NULL, NULL, '', 'Barangay Blue Ridge B', '2021-01-20 00:35:21', NULL, NULL, NULL),
(198, 2, 'Lourdes Ermeje', NULL, NULL, NULL, NULL, NULL, NULL, NULL, NULL, NULL, NULL, NULL, NULL, NULL, NULL, NULL, NULL, '', '9 Moonlight Loop, Blue Ridge B, Q.C.', '2021-01-20 00:36:26', NULL, NULL, NULL),
(199, 2, 'Angela Cristi', NULL, NULL, NULL, NULL, NULL, NULL, NULL, NULL, NULL, NULL, NULL, NULL, NULL, NULL, NULL, NULL, '', '13 Comets Loop, Blue Ridge B, Quezon City', '2021-01-20 00:37:33', NULL, NULL, NULL),
(200, 2, 'Pacifico Orias', NULL, NULL, NULL, NULL, NULL, NULL, NULL, NULL, NULL, NULL, NULL, NULL, NULL, NULL, NULL, NULL, '', '3 Comets Loop, Blue Ridge B, Q.C.', '2021-01-20 00:39:27', NULL, NULL, NULL),
(201, 2, 'Francis Martin F. Rodas', NULL, NULL, NULL, NULL, NULL, NULL, NULL, NULL, NULL, NULL, NULL, NULL, NULL, NULL, NULL, NULL, '', '15 River View Dr., Blue Ridge B, Q.C.', '2021-01-20 00:41:49', NULL, NULL, NULL),
(202, 2, 'EL-Ren', NULL, NULL, NULL, NULL, NULL, NULL, NULL, NULL, NULL, NULL, NULL, NULL, NULL, NULL, NULL, NULL, '', 'Quezon City', '2021-01-20 00:42:25', NULL, NULL, NULL),
(203, 2, 'Jose Maria Dolendo', NULL, NULL, NULL, NULL, NULL, NULL, NULL, NULL, NULL, NULL, NULL, NULL, NULL, NULL, NULL, NULL, '', '33 Milkyway Dr., Blue Ridge B, Q.C.', '2021-01-20 00:43:35', NULL, NULL, NULL),
(204, 2, 'Arturo Dimayuga', NULL, NULL, NULL, NULL, NULL, NULL, NULL, NULL, NULL, NULL, NULL, NULL, NULL, NULL, NULL, NULL, '', '10 Starline Rd., Blue Ridge B, Q.C.', '2021-01-20 00:44:16', NULL, NULL, NULL),
(205, 2, 'Marites Anton', NULL, NULL, NULL, NULL, NULL, NULL, NULL, NULL, NULL, NULL, NULL, NULL, NULL, NULL, NULL, NULL, '', 'Barangay Blue Ridge B', '2021-01-20 00:45:05', NULL, NULL, NULL),
(206, 2, 'Geraldin Rose', NULL, NULL, NULL, NULL, NULL, NULL, NULL, NULL, NULL, NULL, NULL, NULL, NULL, NULL, NULL, NULL, '', 'Barangay Blue Ridge B, Q.C.', '2021-01-21 23:16:58', NULL, NULL, NULL),
(207, 2, 'Shena Rose Novillas', NULL, NULL, NULL, NULL, NULL, NULL, NULL, NULL, NULL, NULL, NULL, NULL, NULL, NULL, NULL, NULL, '', 'Brgy. Blue Ridge B, Q.C.', '2021-01-21 23:17:50', NULL, NULL, NULL),
(208, 2, 'Minerva Gido', NULL, NULL, NULL, NULL, NULL, NULL, NULL, NULL, NULL, NULL, NULL, NULL, NULL, NULL, NULL, NULL, '', 'Barangay Blue Ridge B, Quezon City', '2021-01-21 23:18:38', NULL, NULL, NULL),
(209, 2, 'Veronica Sulit', NULL, NULL, NULL, NULL, NULL, NULL, NULL, NULL, NULL, NULL, NULL, NULL, NULL, NULL, NULL, NULL, '', '35 Milkyway Dr., Blue Ridge B, Q.C.', '2021-01-21 23:20:45', NULL, NULL, NULL),
(210, 2, 'Wilfrido Cruz', NULL, NULL, NULL, NULL, NULL, NULL, NULL, NULL, NULL, NULL, NULL, NULL, NULL, NULL, NULL, NULL, '', '4 Comets Loop, Blue Ridge B, Q.C.', '2021-01-21 23:21:39', NULL, NULL, NULL),
(211, 2, 'Glory Camay', NULL, NULL, NULL, NULL, NULL, NULL, NULL, NULL, NULL, NULL, NULL, NULL, NULL, NULL, NULL, NULL, '', '3C Milkyway Lane, Blue Ridge B, Q.C.', '2021-01-21 23:22:50', NULL, NULL, NULL),
(212, 2, 'Deo Reyes', NULL, NULL, NULL, NULL, NULL, NULL, NULL, NULL, NULL, NULL, NULL, NULL, NULL, NULL, NULL, NULL, '', '20 Twinpeaks Dr., Blue Ridge B, Quezon City', '2021-01-21 23:25:00', NULL, NULL, NULL),
(213, 2, 'Juanita Rellon', NULL, NULL, NULL, NULL, NULL, NULL, NULL, NULL, NULL, NULL, NULL, NULL, NULL, NULL, NULL, NULL, '', 'Barangay Blue Ridge B, Q.C.', '2021-01-21 23:29:38', NULL, NULL, NULL),
(214, 2, 'Edna Estremoder', NULL, NULL, NULL, NULL, NULL, NULL, NULL, NULL, NULL, NULL, NULL, NULL, NULL, NULL, NULL, NULL, '', 'Barangay Blue Ridge B, Quezon City', '2021-01-22 01:20:13', NULL, NULL, NULL),
(215, 2, 'Rogerio Mabanta', NULL, NULL, NULL, NULL, NULL, NULL, NULL, NULL, NULL, NULL, NULL, NULL, NULL, NULL, NULL, NULL, '', '25-B Moonlight Loop, Blue Ridge B, Q.C.', '2021-01-22 01:22:46', NULL, NULL, NULL),
(216, 2, 'Shena Jane Amozina', NULL, NULL, NULL, NULL, NULL, NULL, NULL, NULL, NULL, NULL, NULL, NULL, NULL, NULL, NULL, NULL, '', 'Barangay Blue Ridge B, Q.C.', '2021-01-22 01:24:49', NULL, NULL, NULL),
(217, 2, 'Christopher Panganiban', NULL, NULL, NULL, NULL, NULL, NULL, NULL, NULL, NULL, NULL, NULL, NULL, NULL, NULL, NULL, NULL, '', '30 River View Dr., Blue Ridge B, Q.C.', '2021-01-22 01:26:26', NULL, NULL, NULL),
(218, 2, 'Celine Lopez', NULL, NULL, NULL, NULL, NULL, NULL, NULL, NULL, NULL, NULL, NULL, NULL, NULL, NULL, NULL, NULL, '', '23-B Moonlight Loop, Blue Ridge B, Q.C.', '2021-01-22 01:27:50', NULL, NULL, NULL),
(219, 2, 'Thea Katrina Crescini', NULL, NULL, NULL, NULL, NULL, NULL, NULL, NULL, NULL, NULL, NULL, NULL, NULL, NULL, NULL, NULL, '', '3A Evening Glow, Blue Ridge B, Q.C.', '2021-01-22 01:32:10', NULL, NULL, NULL),
(220, 2, 'Rynne Kirby Ilagan', NULL, NULL, NULL, NULL, NULL, NULL, NULL, NULL, NULL, NULL, NULL, NULL, NULL, NULL, NULL, NULL, '', '6 Promenade Lane', '2021-01-22 01:33:27', NULL, NULL, NULL),
(221, 2, 'Augusto D. Ilagan', NULL, NULL, NULL, NULL, NULL, NULL, NULL, NULL, NULL, NULL, NULL, NULL, NULL, NULL, NULL, NULL, '', '7 Promenade Lane, Blue Ridge B, Q.C.', '2021-01-22 01:34:29', NULL, NULL, NULL),
(222, 2, 'Igot Luzviminda', NULL, NULL, NULL, NULL, NULL, NULL, NULL, NULL, NULL, NULL, NULL, NULL, NULL, NULL, NULL, NULL, '', '5 Starline Rd., Blue Ridge B, Quezon City', '2021-01-26 17:35:39', NULL, NULL, NULL),
(223, 2, 'Rafaela Sernicula', NULL, NULL, NULL, NULL, NULL, NULL, NULL, NULL, NULL, NULL, NULL, NULL, NULL, NULL, NULL, NULL, '', '5 Starline Rd., Blue Ridge B, Q.C.', '2021-01-26 17:37:32', NULL, NULL, NULL),
(224, 2, 'Maria Christine javillonar', NULL, NULL, NULL, NULL, NULL, NULL, NULL, NULL, NULL, NULL, NULL, NULL, NULL, NULL, NULL, NULL, '', '4 Comets Loop, Blue Ridge B. Quezon City', '2021-01-26 17:48:17', NULL, NULL, NULL),
(225, 2, 'Lolita Libron', NULL, NULL, NULL, NULL, NULL, NULL, NULL, NULL, NULL, NULL, NULL, NULL, NULL, NULL, NULL, NULL, '', '20 Starline Rd Blue Ridge B. Quezon City', '2021-01-26 17:54:28', NULL, NULL, NULL),
(226, 2, 'Pepito George', NULL, NULL, NULL, NULL, NULL, NULL, NULL, NULL, NULL, NULL, NULL, NULL, NULL, NULL, NULL, NULL, '', 'Barangay Blue Ridge B', '2021-01-26 18:09:42', NULL, NULL, NULL),
(227, 2, 'Armen Borbor', NULL, NULL, NULL, NULL, NULL, NULL, NULL, NULL, NULL, NULL, NULL, NULL, NULL, NULL, NULL, NULL, '', '5 Riverview Drive, Blue Ridge B', '2021-01-26 18:11:02', NULL, NULL, NULL),
(228, 2, 'Ruth Castello', NULL, NULL, NULL, NULL, NULL, NULL, NULL, NULL, NULL, NULL, NULL, NULL, NULL, NULL, NULL, NULL, '', '12 Milkyway, Blue Ridge B', '2021-01-26 18:12:44', NULL, NULL, NULL),
(229, 2, 'Marife Basmayor', NULL, NULL, NULL, NULL, NULL, NULL, NULL, NULL, NULL, NULL, NULL, NULL, NULL, NULL, NULL, NULL, '', '18-A Twinpeaks, Blue Ridge B', '2021-01-26 18:14:08', NULL, NULL, NULL),
(230, 2, 'Ofelia Trinidad', NULL, NULL, NULL, NULL, NULL, NULL, NULL, NULL, NULL, NULL, NULL, NULL, NULL, NULL, NULL, NULL, '', '377 Bonny Serrano Rd, Blue Ridge B', '2021-01-26 18:15:53', NULL, NULL, NULL),
(231, 2, 'Jacquiline Solis', NULL, NULL, NULL, NULL, NULL, NULL, NULL, NULL, NULL, NULL, NULL, NULL, NULL, NULL, NULL, NULL, '', '377 Bonny Serrano rd, Blue Ridge B', '2021-01-26 18:17:19', NULL, NULL, NULL),
(232, 2, 'Edgar Isaac de Jesus', NULL, NULL, NULL, NULL, NULL, NULL, NULL, NULL, NULL, NULL, NULL, NULL, NULL, NULL, NULL, NULL, '', '18-A Twinpeaks, Blue Ridge B', '2021-01-26 18:20:12', NULL, NULL, NULL),
(233, 2, 'Kyle Vincent Agapay', NULL, NULL, NULL, NULL, NULL, NULL, NULL, NULL, NULL, NULL, NULL, NULL, NULL, NULL, NULL, NULL, '', '21 Comets Loop, Blue Ridge B', '2021-01-26 18:22:51', NULL, NULL, NULL),
(234, 2, 'Robelyn Braulio', NULL, NULL, NULL, NULL, NULL, NULL, NULL, NULL, NULL, NULL, NULL, NULL, NULL, NULL, NULL, NULL, '', '29 Milkyway Drive, Blue Ridge B', '2021-01-26 18:24:08', NULL, NULL, NULL),
(235, 2, 'Maria Luisa tuason', NULL, NULL, NULL, NULL, NULL, NULL, NULL, NULL, NULL, NULL, NULL, NULL, NULL, NULL, NULL, NULL, '', '22 Twinpeaks, Blue Ridge B', '2021-01-26 18:25:25', NULL, NULL, NULL),
(236, 2, 'Tristan Pagaddu', NULL, NULL, NULL, NULL, NULL, NULL, NULL, NULL, NULL, NULL, NULL, NULL, NULL, NULL, NULL, NULL, '', '377A Bonny Serrano Rd, Blue Ridge B', '2021-01-26 18:26:54', NULL, NULL, NULL),
(237, 2, 'Rebecca Alba', NULL, NULL, NULL, NULL, NULL, NULL, NULL, NULL, NULL, NULL, NULL, NULL, NULL, NULL, NULL, NULL, '', '12 Moonlight Loop, Blue Ridge B', '2021-01-26 18:28:43', NULL, NULL, NULL),
(238, 2, 'Maria norma Canlas', NULL, NULL, NULL, NULL, NULL, NULL, NULL, NULL, NULL, NULL, NULL, NULL, NULL, NULL, NULL, NULL, '', '5 Starline Road, Blue Ridge B', '2021-01-26 18:30:17', NULL, NULL, NULL),
(239, 2, 'Alfredo Guiao', NULL, NULL, NULL, NULL, NULL, NULL, NULL, NULL, NULL, NULL, NULL, NULL, NULL, NULL, NULL, NULL, '', '7 Twinpeaks, Blue Ridge B', '2021-01-26 18:32:18', NULL, NULL, NULL),
(240, 2, 'Lonie Dignos', NULL, NULL, NULL, NULL, NULL, NULL, NULL, NULL, NULL, NULL, NULL, NULL, NULL, NULL, NULL, NULL, '', '379 Bonny Serrano Rd, Blue Ridge B', '2021-01-26 18:38:24', NULL, NULL, NULL),
(241, 2, 'Maria Agnes Arellano', NULL, NULL, NULL, NULL, NULL, NULL, NULL, NULL, NULL, NULL, NULL, NULL, NULL, NULL, NULL, NULL, '', '10 Riverview Drive, Blue Ridge B', '2021-01-26 18:41:16', NULL, NULL, NULL),
(242, 2, 'Renz John Lagustan', NULL, NULL, NULL, NULL, NULL, NULL, NULL, NULL, NULL, NULL, NULL, NULL, NULL, NULL, NULL, NULL, '', '1 Comets Loop,Blue Ridge B', '2021-01-26 18:46:20', NULL, NULL, NULL),
(243, 2, 'Trisha Rose Mary Grace Torres', NULL, NULL, NULL, NULL, NULL, NULL, NULL, NULL, NULL, NULL, NULL, NULL, NULL, NULL, NULL, NULL, '', 'Barangay Blue Ridge B', '2021-01-26 18:48:37', NULL, NULL, NULL);
INSERT INTO `general_users` (`id`, `role_id`, `name`, `first_name`, `last_name`, `middle_initial`, `quantifier`, `birth_date`, `birth_place`, `citizenship`, `sex`, `civil_status`, `tin`, `cluster`, `household`, `religion`, `health_status`, `highest_education`, `occupation`, `contact_number`, `address`, `created_at`, `updated_at`, `deleted_at`, `created_by`) VALUES
(244, 2, 'Ronette akiatan', NULL, NULL, NULL, NULL, NULL, NULL, NULL, NULL, NULL, NULL, NULL, NULL, NULL, NULL, NULL, NULL, '', 'Barangay Blue Ridge B', '2021-01-26 18:52:02', NULL, NULL, NULL),
(245, 2, 'Ramona Estrada', NULL, NULL, NULL, NULL, NULL, NULL, NULL, NULL, NULL, NULL, NULL, NULL, NULL, NULL, NULL, NULL, '', '32 Riverview Drive, Blue Ridge B', '2021-01-26 18:54:43', NULL, NULL, NULL),
(246, 2, 'John Moses Tan', NULL, NULL, NULL, NULL, NULL, NULL, NULL, NULL, NULL, NULL, NULL, NULL, NULL, NULL, NULL, NULL, '', '16 Comets Loop, Blue Ridge B', '2021-01-26 18:57:50', NULL, NULL, NULL),
(247, 2, 'Annie Paraiso', NULL, NULL, NULL, NULL, NULL, NULL, NULL, NULL, NULL, NULL, NULL, NULL, NULL, NULL, NULL, NULL, '', '24 Starline Road,Blue Ridge B', '2021-01-26 19:00:44', NULL, NULL, NULL),
(248, 2, 'Ma. Helen Sancio', NULL, NULL, NULL, NULL, NULL, NULL, NULL, NULL, NULL, NULL, NULL, NULL, NULL, NULL, NULL, NULL, '', '13 Moonlight Loop,Blue Ridge B', '2021-01-26 19:03:59', NULL, NULL, NULL),
(249, 2, 'Aurora Gonzales', NULL, NULL, NULL, NULL, NULL, NULL, NULL, NULL, NULL, NULL, NULL, NULL, NULL, NULL, NULL, NULL, '', '379 Bonny Serrano Rd, Blue Ridge B', '2021-01-26 19:05:24', NULL, NULL, NULL),
(250, 2, 'Iglorio A. Rosales Jr', NULL, NULL, NULL, NULL, NULL, NULL, NULL, NULL, NULL, NULL, NULL, NULL, NULL, NULL, NULL, NULL, '', '7 Twinpeaks Drive,Blue Ridge B', '2021-01-26 19:07:28', NULL, NULL, NULL),
(251, 2, 'Lelen Berberabe', NULL, NULL, NULL, NULL, NULL, NULL, NULL, NULL, NULL, NULL, NULL, NULL, NULL, NULL, NULL, NULL, '', '27-B Starline Rd,Blue Ridge B', '2021-01-26 19:09:52', NULL, NULL, NULL),
(252, 2, 'Carmelita Ajero', NULL, NULL, NULL, NULL, NULL, NULL, NULL, NULL, NULL, NULL, NULL, NULL, NULL, NULL, NULL, NULL, '', '18-A Starline Road,Blue Ridge B', '2021-01-26 19:11:16', NULL, NULL, NULL),
(253, 2, 'Isaiah Peña', NULL, NULL, NULL, NULL, NULL, NULL, NULL, NULL, NULL, NULL, NULL, NULL, NULL, NULL, NULL, NULL, '', 'Barangay Blue Ridge B', '2021-01-26 19:13:20', NULL, NULL, NULL),
(254, 2, 'Dr mendoza', NULL, NULL, NULL, NULL, NULL, NULL, NULL, NULL, NULL, NULL, NULL, NULL, NULL, NULL, NULL, NULL, '', '38 Milkyway Blue Ridge B', '2021-01-26 19:15:20', NULL, NULL, NULL),
(255, 2, 'Edgardo dana', NULL, NULL, NULL, NULL, NULL, NULL, NULL, NULL, NULL, NULL, NULL, NULL, NULL, NULL, NULL, NULL, '', 'Barangay Blue Ridge B', '2021-01-26 19:16:55', NULL, NULL, NULL),
(256, 2, 'Dra. Firmalo', NULL, NULL, NULL, NULL, NULL, NULL, NULL, NULL, NULL, NULL, NULL, NULL, NULL, NULL, NULL, NULL, '', '11 Moonlight Loop,Blue Ridge B', '2021-01-26 19:18:37', NULL, NULL, NULL),
(257, 2, 'Alan Gabrie; Ambat', NULL, NULL, NULL, NULL, NULL, NULL, NULL, NULL, NULL, NULL, NULL, NULL, NULL, NULL, NULL, NULL, '', '377A Bonny Serrano Rd, Blue Ridge B', '2021-01-26 19:20:11', NULL, NULL, NULL),
(258, 2, 'Nestor Guerrero', NULL, NULL, NULL, NULL, NULL, NULL, NULL, NULL, NULL, NULL, NULL, NULL, NULL, NULL, NULL, NULL, '', '15 Riverview Dr, Blue Ridge B', '2021-01-26 19:22:09', NULL, NULL, NULL),
(259, 2, 'Michelle Cruz', NULL, NULL, NULL, NULL, NULL, NULL, NULL, NULL, NULL, NULL, NULL, NULL, NULL, NULL, NULL, NULL, '', '6 Comets Loop,Blue Ridge B', '2021-01-26 19:23:25', NULL, NULL, NULL),
(260, 2, 'Valentin Tupas', NULL, NULL, NULL, NULL, NULL, NULL, NULL, NULL, NULL, NULL, NULL, NULL, NULL, NULL, NULL, NULL, '', '6 Moonlight Loop,Blue Ridge B', '2021-01-26 19:29:05', NULL, NULL, NULL),
(261, 2, 'Jesalva', NULL, NULL, NULL, NULL, NULL, NULL, NULL, NULL, NULL, NULL, NULL, NULL, NULL, NULL, NULL, NULL, '', '383 Bonny Serrano Rd, Blue Ridge B', '2021-01-26 19:30:15', NULL, NULL, NULL),
(262, 2, 'Leodegardo Belarmino', NULL, NULL, NULL, NULL, NULL, NULL, NULL, NULL, NULL, NULL, NULL, NULL, NULL, NULL, NULL, NULL, '', '3-B Evening Glow', '2021-01-26 19:31:13', NULL, NULL, NULL),
(263, 2, 'Mary ann Olarve', NULL, NULL, NULL, NULL, NULL, NULL, NULL, NULL, NULL, NULL, NULL, NULL, NULL, NULL, NULL, NULL, '', '15 Riverview dr.Blue Ridge B', '2021-01-26 19:32:32', NULL, NULL, NULL),
(264, 2, 'Girlie Canoy', NULL, NULL, NULL, NULL, NULL, NULL, NULL, NULL, NULL, NULL, NULL, NULL, NULL, NULL, NULL, NULL, '', '17 Twinpeaks dr, Blue Ridge B', '2021-01-26 19:34:35', NULL, NULL, NULL),
(265, 2, 'Maucie Cuna', NULL, NULL, NULL, NULL, NULL, NULL, NULL, NULL, NULL, NULL, NULL, NULL, NULL, NULL, NULL, NULL, '', '21 Comets Loop, Blue Ridge B', '2021-01-26 19:36:19', NULL, NULL, NULL),
(266, 2, 'Jennifer May arcellana', NULL, NULL, NULL, NULL, NULL, NULL, NULL, NULL, NULL, NULL, NULL, NULL, NULL, NULL, NULL, NULL, '', '3 Comets Loop,Blue Ridge B', '2021-01-26 19:39:41', NULL, NULL, NULL),
(267, 2, 'Marvin Hernandez', NULL, NULL, NULL, NULL, NULL, NULL, NULL, NULL, NULL, NULL, NULL, NULL, NULL, NULL, NULL, NULL, '', '383 Bonny Serrano Rd,Blue Ridge B', '2021-01-26 19:41:43', NULL, NULL, NULL),
(268, 2, 'Stella Marie Hernandez', NULL, NULL, NULL, NULL, NULL, NULL, NULL, NULL, NULL, NULL, NULL, NULL, NULL, NULL, NULL, NULL, '', '383 Bonny Serrano Rd, Blue Ridge B', '2021-01-26 19:42:57', NULL, NULL, NULL),
(269, 2, 'Robin Aquino', NULL, NULL, NULL, NULL, NULL, NULL, NULL, NULL, NULL, NULL, NULL, NULL, NULL, NULL, NULL, NULL, '', '383 Bonny Serrano Rd, Blue Ridge B', '2021-01-26 19:45:04', NULL, NULL, NULL),
(270, 2, 'Rommel Bucu', NULL, NULL, NULL, NULL, NULL, NULL, NULL, NULL, NULL, NULL, NULL, NULL, NULL, NULL, NULL, NULL, '', '383 Bonny Serrano Rd, Blue Ridge B', '2021-01-26 19:45:59', NULL, NULL, NULL),
(271, 2, 'Jhufel sedillo', NULL, NULL, NULL, NULL, NULL, NULL, NULL, NULL, NULL, NULL, NULL, NULL, NULL, NULL, NULL, NULL, '', '383 Bonny Serrano rd, Blue ridge b', '2021-01-26 19:47:11', NULL, NULL, NULL),
(272, 2, 'Omar Honra', NULL, NULL, NULL, NULL, NULL, NULL, NULL, NULL, NULL, NULL, NULL, NULL, NULL, NULL, NULL, NULL, '', '383 Bonny Serrano rd,Blue ridge b', '2021-01-26 19:48:21', NULL, NULL, NULL),
(273, 2, 'Arlyn Rivas', NULL, NULL, NULL, NULL, NULL, NULL, NULL, NULL, NULL, NULL, NULL, NULL, NULL, NULL, NULL, NULL, '', '2-D Comets Loop,Blue Ridge B', '2021-01-26 19:57:37', NULL, NULL, NULL),
(274, 2, 'Emerenciana Avila', NULL, NULL, NULL, NULL, NULL, NULL, NULL, NULL, NULL, NULL, NULL, NULL, NULL, NULL, NULL, NULL, '', '16 Comets Loop, Blue Ridge B', '2021-01-26 20:04:03', NULL, NULL, NULL),
(275, 2, 'Marivic Panaligan', NULL, NULL, NULL, NULL, NULL, NULL, NULL, NULL, NULL, NULL, NULL, NULL, NULL, NULL, NULL, NULL, '', '3 Hillside Lane, Blue Ridge B', '2021-01-26 20:06:30', NULL, NULL, NULL),
(276, 2, 'Salome Bustillon', NULL, NULL, NULL, NULL, NULL, NULL, NULL, NULL, NULL, NULL, NULL, NULL, NULL, NULL, NULL, NULL, '', '4 Evening Glow,Blue Ridge B', '2021-01-26 20:07:31', NULL, NULL, NULL),
(277, 2, 'Ollve Cruz', NULL, NULL, NULL, NULL, NULL, NULL, NULL, NULL, NULL, NULL, NULL, NULL, NULL, NULL, NULL, NULL, '', '1 Hillside Lane, Blue Ridge B', '2021-01-26 20:10:06', NULL, NULL, NULL),
(278, 2, 'Joni Eunice Tan', NULL, NULL, NULL, NULL, NULL, NULL, NULL, NULL, NULL, NULL, NULL, NULL, NULL, NULL, NULL, NULL, '', '16 Comets Loop, Blue Ridge B', '2021-01-26 20:11:18', NULL, NULL, NULL),
(279, 2, 'Johnny Faderguya', NULL, NULL, NULL, NULL, NULL, NULL, NULL, NULL, NULL, NULL, NULL, NULL, NULL, NULL, NULL, NULL, '', '14 Milkyway drive', '2021-01-26 20:12:21', NULL, NULL, NULL),
(280, 2, 'From Evelyn', NULL, NULL, NULL, NULL, NULL, NULL, NULL, NULL, NULL, NULL, NULL, NULL, NULL, NULL, NULL, NULL, '', 'Barangay Blue Ridge B', '2021-01-26 20:13:33', NULL, NULL, NULL),
(281, 2, 'Salome Alum', NULL, NULL, NULL, NULL, NULL, NULL, NULL, NULL, NULL, NULL, NULL, NULL, NULL, NULL, NULL, NULL, '', '379 Bonny Serrano Rd,Blue Ridge B', '2021-01-26 20:14:37', NULL, NULL, NULL),
(282, 2, 'Myrna Capistrano', NULL, NULL, NULL, NULL, NULL, NULL, NULL, NULL, NULL, NULL, NULL, NULL, NULL, NULL, NULL, NULL, '', '379 Bonny Serrano rd', '2021-01-26 20:16:52', NULL, NULL, NULL),
(283, 2, 'John Christian Rivas', NULL, NULL, NULL, NULL, NULL, NULL, NULL, NULL, NULL, NULL, NULL, NULL, NULL, NULL, NULL, NULL, '', '2-D Comets Loop, Blue Ridge B', '2021-01-26 21:29:03', NULL, NULL, NULL),
(284, 2, 'Carlo Luigi Prieto', NULL, NULL, NULL, NULL, NULL, NULL, NULL, NULL, NULL, NULL, NULL, NULL, NULL, NULL, NULL, NULL, '', '33 Twinpeaks Drive, Blue Ridge B', '2021-01-26 21:36:20', NULL, NULL, NULL),
(285, 2, 'Virginia Datuin', NULL, NULL, NULL, NULL, NULL, NULL, NULL, NULL, NULL, NULL, NULL, NULL, NULL, NULL, NULL, NULL, '', '377 Bonny Serrano Rd,Blue Ridge B', '2021-01-26 21:39:41', NULL, NULL, NULL),
(286, 2, 'Bernadette Amparado', NULL, NULL, NULL, NULL, NULL, NULL, NULL, NULL, NULL, NULL, NULL, NULL, NULL, NULL, NULL, NULL, '', '9 Riverview Drive, Blue Ridge B', '2021-01-26 21:41:14', NULL, NULL, NULL),
(287, 2, 'Recamae Espina', NULL, NULL, NULL, NULL, NULL, NULL, NULL, NULL, NULL, NULL, NULL, NULL, NULL, NULL, NULL, NULL, '', '5 Moonlight Loop, Blue Ridge B', '2021-01-26 21:44:15', NULL, NULL, NULL),
(288, 2, 'Jimbert Igot', NULL, NULL, NULL, NULL, NULL, NULL, NULL, NULL, NULL, NULL, NULL, NULL, NULL, NULL, NULL, NULL, '', '5 Starline Road, Blue Ridge B', '2021-01-26 21:45:24', NULL, NULL, NULL),
(289, 2, 'F.N Alfonso INC.', NULL, NULL, NULL, NULL, NULL, NULL, NULL, NULL, NULL, NULL, NULL, NULL, NULL, NULL, NULL, NULL, '', 'Barangay Blue Ridge B', '2021-01-26 21:46:23', NULL, NULL, NULL),
(290, 2, 'Jonalyn Astibe', NULL, NULL, NULL, NULL, NULL, NULL, NULL, NULL, NULL, NULL, NULL, NULL, NULL, NULL, NULL, NULL, '', '32 Starline Road, Blue Ridge B', '2021-01-26 21:50:29', NULL, NULL, NULL),
(291, 2, 'Andrea Volante', NULL, NULL, NULL, NULL, NULL, NULL, NULL, NULL, NULL, NULL, NULL, NULL, NULL, NULL, NULL, NULL, '', '32 Starline Road, Blue Ridge B', '2021-01-26 21:52:33', NULL, NULL, NULL),
(292, 2, 'Joey Dolendo', NULL, NULL, NULL, NULL, NULL, NULL, NULL, NULL, NULL, NULL, NULL, NULL, NULL, NULL, NULL, NULL, '', '33 Milkyway Dr. Blue Ridge B', '2021-01-26 21:59:13', NULL, NULL, NULL),
(293, 2, 'Mary Rosalind S Lapid', NULL, NULL, NULL, NULL, NULL, NULL, NULL, NULL, NULL, NULL, NULL, NULL, NULL, NULL, NULL, NULL, '', 'Milkyway Lane,Blue Ridge B', '2021-01-26 22:10:16', NULL, NULL, NULL),
(294, 2, 'Nelson Rivera', NULL, NULL, NULL, NULL, NULL, NULL, NULL, NULL, NULL, NULL, NULL, NULL, NULL, NULL, NULL, NULL, '', '16 Starline Rd, Blue Ridge B', '2021-01-26 22:14:39', NULL, NULL, NULL),
(295, 2, 'Rode Olacao', NULL, NULL, NULL, NULL, NULL, NULL, NULL, NULL, NULL, NULL, NULL, NULL, NULL, NULL, NULL, NULL, '', '383 Bonny Serrano Rd, Blue Ridge B', '2021-01-26 22:15:45', NULL, NULL, NULL),
(296, 2, 'Isabel Yotoko', NULL, NULL, NULL, NULL, NULL, NULL, NULL, NULL, NULL, NULL, NULL, NULL, NULL, NULL, NULL, NULL, '', '24-A Comets Loop, Blue Ridge B', '2021-01-26 22:17:07', NULL, NULL, NULL),
(297, 2, 'Louie Jay Rivera', NULL, NULL, NULL, NULL, NULL, NULL, NULL, NULL, NULL, NULL, NULL, NULL, NULL, NULL, NULL, NULL, '', '14 Starline Road, Blue Ridge B', '2021-01-26 22:20:34', NULL, NULL, NULL),
(298, 1, 'AUGUST0 D. ILAGAN', NULL, NULL, NULL, NULL, NULL, NULL, NULL, NULL, NULL, NULL, NULL, NULL, NULL, NULL, NULL, NULL, '', '#7 PROMENADE BLUE RIDGE B', '2021-01-26 22:25:18', NULL, NULL, NULL),
(299, 2, 'Milliant Gata', NULL, NULL, NULL, NULL, NULL, NULL, NULL, NULL, NULL, NULL, NULL, NULL, NULL, NULL, NULL, NULL, '', 'Barangay Blue Ridge B', '2021-01-26 22:25:30', NULL, NULL, NULL),
(300, 2, 'Belen Alvarado', NULL, NULL, NULL, NULL, NULL, NULL, NULL, NULL, NULL, NULL, NULL, NULL, NULL, NULL, NULL, NULL, '', '5 Starline Rd,Blue Ridge B', '2021-01-26 22:27:56', NULL, NULL, NULL),
(301, 2, 'Gilda Gayfoga', NULL, NULL, NULL, NULL, NULL, NULL, NULL, NULL, NULL, NULL, NULL, NULL, NULL, NULL, NULL, NULL, '', 'Barangay Blue Ridge B', '2021-01-26 22:29:18', NULL, NULL, NULL),
(302, 2, 'Jose Alfonso Canoy', NULL, NULL, NULL, NULL, NULL, NULL, NULL, NULL, NULL, NULL, NULL, NULL, NULL, NULL, NULL, NULL, '', '17 Twinpeaks dr, Blue Ridge B', '2021-01-26 22:37:27', NULL, NULL, NULL),
(303, 2, 'Sun Spouses', NULL, NULL, NULL, NULL, NULL, NULL, NULL, NULL, NULL, NULL, NULL, NULL, NULL, NULL, NULL, NULL, '', '14 Moonlight Loop, Blue Ridge B', '2021-01-26 22:39:08', NULL, NULL, NULL),
(304, 2, 'B.L Flor Consturction', NULL, NULL, NULL, NULL, NULL, NULL, NULL, NULL, NULL, NULL, NULL, NULL, NULL, NULL, NULL, NULL, '', 'Barangay Blue Ridge B', '2021-01-26 22:41:48', NULL, NULL, NULL),
(305, 2, 'Marie Angelica Gepuela', NULL, NULL, NULL, NULL, NULL, NULL, NULL, NULL, NULL, NULL, NULL, NULL, NULL, NULL, NULL, NULL, '', '9 Moonlight Loop, Blue Ridge B', '2021-01-26 22:44:43', NULL, NULL, NULL),
(306, 2, 'Luisa Gepuela', NULL, NULL, NULL, NULL, NULL, NULL, NULL, NULL, NULL, NULL, NULL, NULL, NULL, NULL, NULL, NULL, '', '9 Moonlight Loop, Blue Ridge B', '2021-01-26 22:46:03', NULL, NULL, NULL),
(307, 2, 'Kap Sessan', NULL, NULL, NULL, NULL, NULL, NULL, NULL, NULL, NULL, NULL, NULL, NULL, NULL, NULL, NULL, NULL, '', '19 Twinpeaks dr, Blue Ridge B', '2021-01-26 22:47:16', NULL, NULL, NULL),
(308, 2, 'Hiro Recto', NULL, NULL, NULL, NULL, NULL, NULL, NULL, NULL, NULL, NULL, NULL, NULL, NULL, NULL, NULL, NULL, '', '405 Narra St, Agapito subd. santolan Pasig City', '2021-01-26 22:53:42', NULL, NULL, NULL),
(309, 2, 'Patricia tipacia', NULL, NULL, NULL, NULL, NULL, NULL, NULL, NULL, NULL, NULL, NULL, NULL, NULL, NULL, NULL, NULL, '', 'Barangay Blue Ridge B', '2021-01-26 22:58:18', NULL, NULL, NULL),
(310, 2, 'Mary jane Aralleno', NULL, NULL, NULL, NULL, NULL, NULL, NULL, NULL, NULL, NULL, NULL, NULL, NULL, NULL, NULL, NULL, '', '14 Starline Rd,Blue Ridge B', '2021-01-26 22:59:26', NULL, NULL, NULL),
(311, 2, 'Maria Eva Cuna', NULL, NULL, NULL, NULL, NULL, NULL, NULL, NULL, NULL, NULL, NULL, NULL, NULL, NULL, NULL, NULL, '', '23 Comets Loop, Blue Ridge B', '2021-01-26 23:05:04', NULL, NULL, NULL),
(312, 2, 'Lucila Madriaga', NULL, NULL, NULL, NULL, NULL, NULL, NULL, NULL, NULL, NULL, NULL, NULL, NULL, NULL, NULL, NULL, '', '5 Promanade Lane,Blue Ridge B', '2021-01-26 23:09:12', NULL, NULL, NULL),
(313, 2, 'Lea Sarte', NULL, NULL, NULL, NULL, NULL, NULL, NULL, NULL, NULL, NULL, NULL, NULL, NULL, NULL, NULL, NULL, '', '22 Starline Road, Blue Ridge B', '2021-01-26 23:10:23', NULL, NULL, NULL),
(314, 2, 'Madie Capistrano', NULL, NULL, NULL, NULL, NULL, NULL, NULL, NULL, NULL, NULL, NULL, NULL, NULL, NULL, NULL, NULL, '', '379 Bonny Serrano Rd, Blue Ridge B', '2021-01-26 23:11:39', NULL, NULL, NULL),
(315, 2, 'Grace victoria', NULL, NULL, NULL, NULL, NULL, NULL, NULL, NULL, NULL, NULL, NULL, NULL, NULL, NULL, NULL, NULL, '', '5 Comets Loop, Blue Ridge B', '2021-01-26 23:13:13', NULL, NULL, NULL),
(316, 2, 'Rosalita Serdenia', NULL, NULL, NULL, NULL, NULL, NULL, NULL, NULL, NULL, NULL, NULL, NULL, NULL, NULL, NULL, NULL, '', 'Barangay Blue Ridge B', '2021-01-26 23:15:53', NULL, NULL, NULL),
(317, 2, 'Mr. Po', NULL, NULL, NULL, NULL, NULL, NULL, NULL, NULL, NULL, NULL, NULL, NULL, NULL, NULL, NULL, NULL, '', '27-A Milkyway Dr. Blue Ridge B', '2021-01-26 23:19:14', NULL, NULL, NULL),
(318, 2, 'Leticia danao', NULL, NULL, NULL, NULL, NULL, NULL, NULL, NULL, NULL, NULL, NULL, NULL, NULL, NULL, NULL, NULL, '', '5 Twinpeaks Dr.Blue Ridge B', '2021-01-26 23:21:00', NULL, NULL, NULL),
(319, 2, 'Yvonne Arenas', NULL, NULL, NULL, NULL, NULL, NULL, NULL, NULL, NULL, NULL, NULL, NULL, NULL, NULL, NULL, NULL, '', '26 Twinpeaks dr, Blue Ridge B', '2021-01-26 23:47:58', NULL, NULL, NULL),
(320, 2, 'Concepcion  Sayon', NULL, NULL, NULL, NULL, NULL, NULL, NULL, NULL, NULL, NULL, NULL, NULL, NULL, NULL, NULL, NULL, '', '3-C Milkyway Dr, Blue Ridge B', '2021-01-26 23:54:03', NULL, NULL, NULL),
(321, 2, 'Art Mendoza', NULL, NULL, NULL, NULL, NULL, NULL, NULL, NULL, NULL, NULL, NULL, NULL, NULL, NULL, NULL, NULL, '', '38 Milkyway Dr., Blue Ridge B, Q.C.', '2021-01-26 23:56:23', NULL, NULL, NULL),
(322, 2, 'Vanessa Sabang', NULL, NULL, NULL, NULL, NULL, NULL, NULL, NULL, NULL, NULL, NULL, NULL, NULL, NULL, NULL, NULL, '', '14 Starline, Blue Ridge B', '2021-01-27 00:01:56', NULL, NULL, NULL),
(323, 2, 'Tina Grace alvarado', NULL, NULL, NULL, NULL, NULL, NULL, NULL, NULL, NULL, NULL, NULL, NULL, NULL, NULL, NULL, NULL, '', '5 starline Rd, Blue Ridge B', '2021-01-27 00:04:46', NULL, NULL, NULL),
(324, 2, 'Gina Bucu', NULL, NULL, NULL, NULL, NULL, NULL, NULL, NULL, NULL, NULL, NULL, NULL, NULL, NULL, NULL, NULL, '', '20 Milkyway dr, Blue Ridge B', '2021-01-27 00:05:41', NULL, NULL, NULL),
(325, 2, 'Ma. ana garcia Dandan', NULL, NULL, NULL, NULL, NULL, NULL, NULL, NULL, NULL, NULL, NULL, NULL, NULL, NULL, NULL, NULL, '', 'Barangay Blue Ridge B', '2021-01-27 00:11:50', NULL, NULL, NULL),
(326, 2, 'Evelyn Gobatanga', NULL, NULL, NULL, NULL, NULL, NULL, NULL, NULL, NULL, NULL, NULL, NULL, NULL, NULL, NULL, NULL, '', 'Barangay Blue Ridge B', '2021-01-27 00:26:24', NULL, NULL, NULL),
(327, 2, 'Michael Panzuelo', NULL, NULL, NULL, NULL, NULL, NULL, NULL, NULL, NULL, NULL, NULL, NULL, NULL, NULL, NULL, NULL, '', 'Barangay Blue Ridge B', '2021-01-27 00:27:37', NULL, NULL, NULL),
(328, 2, 'Jaime teotico', NULL, NULL, NULL, NULL, NULL, NULL, NULL, NULL, NULL, NULL, NULL, NULL, NULL, NULL, NULL, NULL, '', '24 Starline Rd, Blue Ridge B', '2021-01-27 00:38:54', NULL, NULL, NULL),
(329, 2, 'Christian Cabiling', NULL, NULL, NULL, NULL, NULL, NULL, NULL, NULL, NULL, NULL, NULL, NULL, NULL, NULL, NULL, NULL, '', '14 Starline Rd, Blue Ridge B', '2021-01-27 00:40:05', NULL, NULL, NULL),
(330, 4, 'Virginia Datuin', 'Virginia', 'Datuin', 'L.', NULL, '1958-11-27', 'Quezon City', 'Filipino', 0, 2, NULL, NULL, NULL, NULL, NULL, NULL, NULL, NULL, '377 Bonny Serrano Rd., Blue Ridge B, Q.C.', '2021-01-27 00:40:34', NULL, NULL, NULL),
(331, 2, 'Boyet Andin', NULL, NULL, NULL, NULL, NULL, NULL, NULL, NULL, NULL, NULL, NULL, NULL, NULL, NULL, NULL, NULL, '', '8 Starline Rd, Blue Ridge B', '2021-01-27 00:43:04', NULL, NULL, NULL),
(332, 4, 'Billy Pascua', 'Billy', 'Pascua', 'S.', NULL, '1976-05-11', 'Pasay City', 'Filipino', 1, 2, NULL, NULL, NULL, NULL, NULL, NULL, NULL, NULL, '5 Promenade Lane, Blue Ridge B, Quezon City', '2021-01-27 00:50:36', NULL, NULL, NULL),
(333, 4, 'Monique Pascua', 'Monique', 'Pascua', 'B.', NULL, '1974-07-10', 'Calamba Laguna', 'Filipino', 0, 2, NULL, NULL, NULL, NULL, NULL, NULL, NULL, NULL, '5 Promenade Lane, Blue Ridge B, Quezon City', '2021-01-27 00:53:02', NULL, NULL, NULL),
(334, 2, 'Paula villaflor', NULL, NULL, NULL, NULL, NULL, NULL, NULL, NULL, NULL, NULL, NULL, NULL, NULL, NULL, NULL, NULL, '', '17 Comets Loop, Blue Ridge B', '2021-01-27 00:53:39', NULL, NULL, NULL),
(335, 2, 'Mrs Estrada', NULL, NULL, NULL, NULL, NULL, NULL, NULL, NULL, NULL, NULL, NULL, NULL, NULL, NULL, NULL, NULL, '', '32 Riverview Dr, Blue Ridge B', '2021-01-27 00:55:38', NULL, NULL, NULL),
(336, 4, 'Ana Flor Pornillos', 'Ana Flor', 'Pornillos', 'S.', NULL, '1965-08-22', 'Quezon City', 'Filipino', 0, 1, NULL, NULL, NULL, NULL, NULL, NULL, NULL, NULL, '58 San Pablo St., Brgy. Bagumbayan, Quezon City', '2021-01-27 00:56:36', NULL, NULL, NULL),
(337, 4, 'Erwin Lumagbas', 'Erwin', 'Lumagbas', 'S.', NULL, '1998-01-01', 'Q.C.', 'Filipino', 1, 2, NULL, NULL, NULL, NULL, NULL, NULL, NULL, NULL, '5 Moonlight Loop, Blue Ridge B, Q.C.', '2021-01-27 01:00:25', NULL, NULL, NULL),
(338, 4, 'Joshua James Weaverling', 'Joshua James', 'Weaverling', 'B.', NULL, '1986-06-17', 'Quezon City', 'Filipino', 1, 1, NULL, NULL, NULL, NULL, NULL, NULL, NULL, NULL, 'Barangay Bagumbayan, Quezon City', '2021-01-27 01:02:24', NULL, NULL, NULL),
(339, 4, 'Edmond Ruiz', 'Edmond', 'Ruiz', 'M.', NULL, '1943-03-02', 'Manila', 'Filipino', 1, 2, NULL, NULL, NULL, NULL, NULL, NULL, NULL, NULL, '9 River View Dr., Blue Ridge B, Q.C.', '2021-01-27 01:04:46', NULL, NULL, NULL),
(340, 2, 'Ferdinand Villasis', NULL, NULL, NULL, NULL, NULL, NULL, NULL, NULL, NULL, NULL, NULL, NULL, NULL, NULL, NULL, NULL, '', '33 Starline Rd, Blue Ridge B', '2021-01-27 01:05:19', NULL, NULL, NULL),
(341, 2, 'Goldo Argel', NULL, NULL, NULL, NULL, NULL, NULL, NULL, NULL, NULL, NULL, NULL, NULL, NULL, NULL, NULL, NULL, '', '2 Milkyway dr, Blue Ridge B', '2021-01-27 01:07:41', NULL, NULL, NULL),
(342, 2, 'Richard datuin', NULL, NULL, NULL, NULL, NULL, NULL, NULL, NULL, NULL, NULL, NULL, NULL, NULL, NULL, NULL, NULL, '', '377 Bonny Serrano Rd, Blue Ridge B', '2021-01-27 01:08:41', NULL, NULL, NULL),
(343, 2, 'Micahel Tomas Jr', NULL, NULL, NULL, NULL, NULL, NULL, NULL, NULL, NULL, NULL, NULL, NULL, NULL, NULL, NULL, NULL, '', 'Barangay Blue Ridge B', '2021-01-27 01:09:25', NULL, NULL, NULL),
(344, 4, 'Emelita Villablanca', 'Emelita', 'Villablanca', 'B.', NULL, '1972-03-28', 'San Miguel, Leyte', 'Filipino', 0, 2, NULL, NULL, NULL, NULL, NULL, NULL, NULL, NULL, '5 Moonlight Loop, Blue Ridge B, Q.C.', '2021-01-27 01:09:48', NULL, NULL, NULL),
(345, 1, 'AUGUSTU ILAGAN', NULL, NULL, NULL, NULL, NULL, NULL, NULL, NULL, NULL, NULL, NULL, NULL, NULL, NULL, NULL, NULL, '', '#7-PROMENADE', '2021-01-31 23:51:23', NULL, NULL, NULL),
(346, 2, 'Cecilia Cruz', NULL, NULL, NULL, NULL, NULL, NULL, NULL, NULL, NULL, NULL, NULL, NULL, NULL, NULL, NULL, NULL, '', '4 Comets Loop. Blue Ridge B', '2021-02-05 00:04:15', NULL, NULL, NULL),
(347, 2, 'Nicole Angelo Martinez', NULL, NULL, NULL, NULL, NULL, NULL, NULL, NULL, NULL, NULL, NULL, NULL, NULL, NULL, NULL, NULL, '', '27 Starline Road, Blue Ridge B', '2021-02-05 00:07:42', NULL, NULL, NULL),
(348, 2, 'Paula Villarin', NULL, NULL, NULL, NULL, NULL, NULL, NULL, NULL, NULL, NULL, NULL, NULL, NULL, NULL, NULL, NULL, '', '9-C TWIN PEAKS, BLUE RIDGE B', '2021-02-05 00:11:40', NULL, NULL, NULL),
(349, 2, 'Atty Andin', NULL, NULL, NULL, NULL, NULL, NULL, NULL, NULL, NULL, NULL, NULL, NULL, NULL, NULL, NULL, NULL, '', '8 Starline Road, Blue Ridge B', '2021-02-05 00:13:29', NULL, NULL, NULL),
(350, 2, 'MONTIMAR, BONNIEFE', NULL, NULL, NULL, NULL, NULL, NULL, NULL, NULL, NULL, NULL, NULL, NULL, NULL, NULL, NULL, NULL, '', '38 MILKYWAY DRIVE, BLUE RIDGE B', '2021-02-05 00:20:34', NULL, NULL, NULL),
(351, 2, 'Malinao Unice', NULL, NULL, NULL, NULL, NULL, NULL, NULL, NULL, NULL, NULL, NULL, NULL, NULL, NULL, NULL, NULL, '', '38 MILKYWAY DRIVE, BLUE RIDGE B', '2021-02-05 00:23:57', NULL, NULL, NULL),
(352, 2, 'Wuhan Fiber Home International Technologies Phils, Inc', NULL, NULL, NULL, NULL, NULL, NULL, NULL, NULL, NULL, NULL, NULL, NULL, NULL, NULL, NULL, NULL, '', 'Barangay Blue ridge B', '2021-02-05 00:35:33', NULL, NULL, NULL),
(353, 2, 'Jurie Pagaddu', NULL, NULL, NULL, NULL, NULL, NULL, NULL, NULL, NULL, NULL, NULL, NULL, NULL, NULL, NULL, NULL, '', '377A BONNY SERRANO ROAD, BLUE RIDGE B', '2021-02-05 00:36:47', NULL, NULL, NULL),
(354, 2, 'Pedro Meniano', NULL, NULL, NULL, NULL, NULL, NULL, NULL, NULL, NULL, NULL, NULL, NULL, NULL, NULL, NULL, NULL, '', 'Barangay Blue Ridge B', '2021-02-05 00:48:43', NULL, NULL, NULL),
(355, 2, 'Jenelyn Consorte', NULL, NULL, NULL, NULL, NULL, NULL, NULL, NULL, NULL, NULL, NULL, NULL, NULL, NULL, NULL, NULL, '', 'Barangay Blue Ridge B', '2021-02-05 00:50:26', NULL, NULL, NULL),
(356, 2, 'Jocelyn Cabangon', NULL, NULL, NULL, NULL, NULL, NULL, NULL, NULL, NULL, NULL, NULL, NULL, NULL, NULL, NULL, NULL, '', 'Barangay BLue Ridge B', '2021-02-05 01:00:09', NULL, NULL, NULL),
(357, 2, 'Andrianne Tijing', NULL, NULL, NULL, NULL, NULL, NULL, NULL, NULL, NULL, NULL, NULL, NULL, NULL, NULL, NULL, NULL, '', 'Riverview Drive, Blue Ridge B', '2021-02-05 01:05:53', NULL, NULL, NULL),
(358, 2, 'Michell Meniano', NULL, NULL, NULL, NULL, NULL, NULL, NULL, NULL, NULL, NULL, NULL, NULL, NULL, NULL, NULL, NULL, '', 'Barangay BLue Ridge B', '2021-02-05 01:07:01', NULL, NULL, NULL),
(359, 2, 'Margarita Monzon', NULL, NULL, NULL, NULL, NULL, NULL, NULL, NULL, NULL, NULL, NULL, NULL, NULL, NULL, NULL, NULL, '', '37 Milkyway Blue Ridge B', '2021-02-05 01:08:00', NULL, NULL, NULL),
(360, 2, 'Ronnel Gube', NULL, NULL, NULL, NULL, NULL, NULL, NULL, NULL, NULL, NULL, NULL, NULL, NULL, NULL, NULL, NULL, '', 'Barangay Blue Ridge B', '2021-02-05 01:10:02', NULL, NULL, NULL),
(361, 2, 'Rogelio Ramos', NULL, NULL, NULL, NULL, NULL, NULL, NULL, NULL, NULL, NULL, NULL, NULL, NULL, NULL, NULL, NULL, '', 'Barangay Blue Ridge B', '2021-02-05 01:14:00', NULL, NULL, NULL),
(362, 2, 'Mr Vincent Villaflor', NULL, NULL, NULL, NULL, NULL, NULL, NULL, NULL, NULL, NULL, NULL, NULL, NULL, NULL, NULL, NULL, '', '17 COMETS LOOP, BLUE RIDGE B', '2021-02-07 17:45:40', NULL, NULL, NULL),
(363, 2, 'Raul Abad Santos', NULL, NULL, NULL, NULL, NULL, NULL, NULL, NULL, NULL, NULL, NULL, NULL, NULL, NULL, NULL, NULL, '', '11 COMETS LOOP, BLUE RIDGE B', '2021-02-07 17:55:18', NULL, NULL, NULL),
(364, 2, 'Jeff Gonzales', NULL, NULL, NULL, NULL, NULL, NULL, NULL, NULL, NULL, NULL, NULL, NULL, NULL, NULL, NULL, NULL, '', '3 RIVERVIEW DRIVE, BLUE RIDGE B', '2021-02-07 17:56:42', NULL, NULL, NULL),
(365, 2, 'Lara De Jesus', NULL, NULL, NULL, NULL, NULL, NULL, NULL, NULL, NULL, NULL, NULL, NULL, NULL, NULL, NULL, NULL, '', '23 MILKYWAY DRIVE, BLUE RIDGE B', '2021-02-07 17:57:56', NULL, NULL, NULL),
(366, 2, 'James Delos Reyes', NULL, NULL, NULL, NULL, NULL, NULL, NULL, NULL, NULL, NULL, NULL, NULL, NULL, NULL, NULL, NULL, '', '7 MILKYWAY DRIVE, BLUE RIDGE B', '2021-02-07 18:00:00', NULL, NULL, NULL),
(367, 2, 'Mr Allan Geronilla', NULL, NULL, NULL, NULL, NULL, NULL, NULL, NULL, NULL, NULL, NULL, NULL, NULL, NULL, NULL, NULL, '', '21 MILKYWAY DRIVE, BLUE RIDGE B', '2021-02-07 18:04:51', NULL, NULL, NULL),
(368, 2, 'Mr Ediser Minor', NULL, NULL, NULL, NULL, NULL, NULL, NULL, NULL, NULL, NULL, NULL, NULL, NULL, NULL, NULL, NULL, '', '10 C RIVERVIEW, BLUE RIDGE B', '2021-02-07 18:10:33', NULL, NULL, NULL),
(369, 2, 'Mrs Magno', NULL, NULL, NULL, NULL, NULL, NULL, NULL, NULL, NULL, NULL, NULL, NULL, NULL, NULL, NULL, NULL, '', '2 HILLSIDE LOOP, BLUE RIDGE B', '2021-02-07 18:19:04', NULL, NULL, NULL),
(370, 2, 'Mr Payawan', NULL, NULL, NULL, NULL, NULL, NULL, NULL, NULL, NULL, NULL, NULL, NULL, NULL, NULL, NULL, NULL, '', '12 STARLINE, BLUE RIDGE B', '2021-02-07 18:20:43', NULL, NULL, NULL),
(371, 2, 'Mr Fernandez', NULL, NULL, NULL, NULL, NULL, NULL, NULL, NULL, NULL, NULL, NULL, NULL, NULL, NULL, NULL, NULL, '', '6 EVENING GLOW, BLUE RIDGE B', '2021-02-07 18:21:39', NULL, NULL, NULL),
(372, 2, 'Florentina Velasco', NULL, NULL, NULL, NULL, NULL, NULL, NULL, NULL, NULL, NULL, NULL, NULL, NULL, NULL, NULL, NULL, '', '3-B MILKYWAY LANE, BLUE RIDGE B', '2021-02-07 18:24:26', NULL, NULL, NULL),
(373, 2, 'Mr Dumlao', NULL, NULL, NULL, NULL, NULL, NULL, NULL, NULL, NULL, NULL, NULL, NULL, NULL, NULL, NULL, NULL, '', '27 RIVERVIEW DRIVE, BLUE RIDGE B', '2021-02-07 18:26:44', NULL, NULL, NULL),
(374, 2, 'Carolina Payawan', NULL, NULL, NULL, NULL, NULL, NULL, NULL, NULL, NULL, NULL, NULL, NULL, NULL, NULL, NULL, NULL, '', '12 STARLINE ROAD, BLUE RIDGE B,', '2021-02-07 18:27:55', NULL, NULL, NULL),
(375, 2, 'Edward David Ruiz', NULL, NULL, NULL, NULL, NULL, NULL, NULL, NULL, NULL, NULL, NULL, NULL, NULL, NULL, NULL, NULL, '', '8 MILKYWAY DRIVE, BLUE RIDGE B', '2021-02-07 18:29:14', NULL, NULL, NULL),
(376, 2, 'Gerry Boy Cortejo', NULL, NULL, NULL, NULL, NULL, NULL, NULL, NULL, NULL, NULL, NULL, NULL, NULL, NULL, NULL, NULL, '', '27 MOONLIGHT LOOP, BLUE RIDGE B', '2021-02-07 18:30:16', NULL, NULL, NULL),
(377, 2, 'Mr. Gubalane', NULL, NULL, NULL, NULL, NULL, NULL, NULL, NULL, NULL, NULL, NULL, NULL, NULL, NULL, NULL, NULL, '', '1 HILLSIDE LOOP, BLUE RIDGE B', '2021-02-07 18:32:08', NULL, NULL, NULL),
(378, 2, 'John Paul', NULL, NULL, NULL, NULL, NULL, NULL, NULL, NULL, NULL, NULL, NULL, NULL, NULL, NULL, NULL, NULL, '', 'Barangay Blue Ridge B', '2021-02-07 18:35:09', NULL, NULL, NULL),
(379, 2, 'Rianty Ilagan', NULL, NULL, NULL, NULL, NULL, NULL, NULL, NULL, NULL, NULL, NULL, NULL, NULL, NULL, NULL, NULL, '', '6 PROMENADE LANE, BLUE RIDGE B', '2021-02-07 18:37:17', NULL, NULL, NULL),
(380, 2, 'Ann Bartolome', NULL, NULL, NULL, NULL, NULL, NULL, NULL, NULL, NULL, NULL, NULL, NULL, NULL, NULL, NULL, NULL, '', '26 MILKYWAY DRIVE, BLUE RIDGE B', '2021-02-07 18:39:20', NULL, NULL, NULL),
(381, 2, 'John Joseph', NULL, NULL, NULL, NULL, NULL, NULL, NULL, NULL, NULL, NULL, NULL, NULL, NULL, NULL, NULL, NULL, '', 'Barangay Blue Ridge B', '2021-02-07 18:41:22', NULL, NULL, NULL),
(382, 2, 'Bebe Polinag', NULL, NULL, NULL, NULL, NULL, NULL, NULL, NULL, NULL, NULL, NULL, NULL, NULL, NULL, NULL, NULL, '', '24 TWINPEAKS DRIVE, BLUE RIDGE B', '2021-02-07 18:49:11', NULL, NULL, NULL),
(383, 2, 'Mr De Jesus', NULL, NULL, NULL, NULL, NULL, NULL, NULL, NULL, NULL, NULL, NULL, NULL, NULL, NULL, NULL, NULL, '', '20B MOONLIGHT LOOP, BLUE RIDGE B', '2021-02-07 18:53:00', NULL, NULL, NULL),
(384, 2, 'Frederil DanDan', NULL, NULL, NULL, NULL, NULL, NULL, NULL, NULL, NULL, NULL, NULL, NULL, NULL, NULL, NULL, NULL, '', '9D TWINPEAKS DRIVE, BLUE RIDGE B', '2021-02-07 18:54:35', NULL, NULL, NULL),
(385, 2, 'Quibral Loida', NULL, NULL, NULL, NULL, NULL, NULL, NULL, NULL, NULL, NULL, NULL, NULL, NULL, NULL, NULL, NULL, '', '20 MOONLIGHT LOOP, BLUE RIDGE B', '2021-02-07 18:55:42', NULL, NULL, NULL),
(386, 2, 'Cyroe contreras', NULL, NULL, NULL, NULL, NULL, NULL, NULL, NULL, NULL, NULL, NULL, NULL, NULL, NULL, NULL, NULL, '', '381 BONNY SERRANO ROAD, BLUE RIDGE B,', '2021-02-07 18:57:07', NULL, NULL, NULL),
(387, 2, 'Jerico Corpuz', NULL, NULL, NULL, NULL, NULL, NULL, NULL, NULL, NULL, NULL, NULL, NULL, NULL, NULL, NULL, NULL, '', '6 PROMENADE LANE, BLUE RIDGE B', '2021-02-07 18:58:28', NULL, NULL, NULL),
(388, 2, 'Martin De Castro', NULL, NULL, NULL, NULL, NULL, NULL, NULL, NULL, NULL, NULL, NULL, NULL, NULL, NULL, NULL, NULL, '', '381 BONNY SERRANO ROAD, BLUE RIDGE B,', '2021-02-07 19:00:12', NULL, NULL, NULL),
(389, 2, 'Jesse Llamado', NULL, NULL, NULL, NULL, NULL, NULL, NULL, NULL, NULL, NULL, NULL, NULL, NULL, NULL, NULL, NULL, '', '7 MOONLIGHT LOOP, BLUE RIDGE B', '2021-02-07 19:02:15', NULL, NULL, NULL),
(390, 2, 'George Quilang', NULL, NULL, NULL, NULL, NULL, NULL, NULL, NULL, NULL, NULL, NULL, NULL, NULL, NULL, NULL, NULL, '', '379 BONNY SERRANO ROAD, BLUE RIDGE B', '2021-02-07 19:04:45', NULL, NULL, NULL),
(391, 2, 'Arvin Taylan', NULL, NULL, NULL, NULL, NULL, NULL, NULL, NULL, NULL, NULL, NULL, NULL, NULL, NULL, NULL, NULL, '', '24 MILKYWAY DRIVE, BLUE RIDGE B', '2021-02-07 19:06:40', NULL, NULL, NULL),
(392, 2, 'Joselito Isurena', NULL, NULL, NULL, NULL, NULL, NULL, NULL, NULL, NULL, NULL, NULL, NULL, NULL, NULL, NULL, NULL, '', 'Barangay Blue Ridge B', '2021-02-07 19:11:21', NULL, NULL, NULL),
(393, 2, 'Briand Dayday', NULL, NULL, NULL, NULL, NULL, NULL, NULL, NULL, NULL, NULL, NULL, NULL, NULL, NULL, NULL, NULL, '', '16 MOONLIGHT LOOP, BLUE RIDGE B', '2021-02-07 21:13:49', NULL, NULL, NULL),
(394, 2, 'Sandra Flor', NULL, NULL, NULL, NULL, NULL, NULL, NULL, NULL, NULL, NULL, NULL, NULL, NULL, NULL, NULL, NULL, '', '20 MOONLIGHT LOOP, BLUE RIDGE B', '2021-02-07 21:15:01', NULL, NULL, NULL),
(395, 2, 'Fernando spouses', NULL, NULL, NULL, NULL, NULL, NULL, NULL, NULL, NULL, NULL, NULL, NULL, NULL, NULL, NULL, NULL, '', 'Barangay Blue Ridge B', '2021-02-07 21:16:21', NULL, NULL, NULL),
(396, 2, 'Ruby Villanueva', NULL, NULL, NULL, NULL, NULL, NULL, NULL, NULL, NULL, NULL, NULL, NULL, NULL, NULL, NULL, NULL, '', '16C STARLINE ROAD, BLUE RIDGE B,', '2021-02-07 21:18:44', NULL, NULL, NULL),
(397, 2, 'Joshua Delos Reyes', NULL, NULL, NULL, NULL, NULL, NULL, NULL, NULL, NULL, NULL, NULL, NULL, NULL, NULL, NULL, NULL, '', '7 MILKYWAY DRIVE, BLUE RIDGE B', '2021-02-07 21:19:56', NULL, NULL, NULL),
(398, 2, 'Vice Gian Sotto', NULL, NULL, NULL, NULL, NULL, NULL, NULL, NULL, NULL, NULL, NULL, NULL, NULL, NULL, NULL, NULL, '', '29 STARLINE ROAD, BLUE RIDGE B', '2021-02-07 21:22:53', NULL, NULL, NULL),
(399, 2, 'ANDIN, ALPHONSO', NULL, NULL, NULL, NULL, NULL, NULL, NULL, NULL, NULL, NULL, NULL, NULL, NULL, NULL, NULL, NULL, '', '8 STARLINE ROAD, BLUE RIDGE B', '2021-02-07 21:23:58', NULL, NULL, NULL),
(400, 2, 'Carrasco Paul', NULL, NULL, NULL, NULL, NULL, NULL, NULL, NULL, NULL, NULL, NULL, NULL, NULL, NULL, NULL, NULL, '', 'UNIT 1 31 TWIN PEAKS DRIVE, BLUE RIDGE B', '2021-02-07 21:25:59', NULL, NULL, NULL),
(401, 2, 'Brita Geronilla', NULL, NULL, NULL, NULL, NULL, NULL, NULL, NULL, NULL, NULL, NULL, NULL, NULL, NULL, NULL, NULL, '', '21 MILKYWAY DRIVE, BLUE RIDGE B', '2021-02-07 21:29:13', NULL, NULL, NULL),
(402, 2, 'Eddie Maravillas', NULL, NULL, NULL, NULL, NULL, NULL, NULL, NULL, NULL, NULL, NULL, NULL, NULL, NULL, NULL, NULL, '', '381 BONNY SERRANO, BLUE RIDGE B', '2021-02-07 21:32:47', NULL, NULL, NULL),
(403, 2, 'Marlon Mendoza', NULL, NULL, NULL, NULL, NULL, NULL, NULL, NULL, NULL, NULL, NULL, NULL, NULL, NULL, NULL, NULL, '', '18 MOONLIGHT LOOP, BLUE RIDGE B', '2021-02-07 21:33:37', NULL, NULL, NULL),
(404, 2, 'Gerlie Afan', NULL, NULL, NULL, NULL, NULL, NULL, NULL, NULL, NULL, NULL, NULL, NULL, NULL, NULL, NULL, NULL, '', '10B RIVERVIEW, BLUE RIDGE B', '2021-02-07 21:36:10', NULL, NULL, NULL),
(405, 2, 'Rachel Ann Datuin', NULL, NULL, NULL, NULL, NULL, NULL, NULL, NULL, NULL, NULL, NULL, NULL, NULL, NULL, NULL, NULL, '', '377 BONNY SERRANO ROAD', '2021-02-07 21:37:05', NULL, NULL, NULL),
(406, 2, 'Jose Luis Isorena', NULL, NULL, NULL, NULL, NULL, NULL, NULL, NULL, NULL, NULL, NULL, NULL, NULL, NULL, NULL, NULL, '', '3 HILLSIDE LANE, BLUE RIDGE B', '2021-02-07 21:41:07', NULL, NULL, NULL),
(407, 2, 'Petronilo Casipong', NULL, NULL, NULL, NULL, NULL, NULL, NULL, NULL, NULL, NULL, NULL, NULL, NULL, NULL, NULL, NULL, '', '30 STARLINE ROAD, BLUE RIDGE B', '2021-02-07 21:42:19', NULL, NULL, NULL),
(408, 2, 'Esperanza Hilado', NULL, NULL, NULL, NULL, NULL, NULL, NULL, NULL, NULL, NULL, NULL, NULL, NULL, NULL, NULL, NULL, '', 'Barangay Blue Ridge B', '2021-02-07 21:43:22', NULL, NULL, NULL),
(409, 2, 'Marie Anne', NULL, NULL, NULL, NULL, NULL, NULL, NULL, NULL, NULL, NULL, NULL, NULL, NULL, NULL, NULL, NULL, '', 'Barangay Blue Ridge B', '2021-02-07 21:48:05', NULL, NULL, NULL),
(410, 2, 'Diego Dumlao', NULL, NULL, NULL, NULL, NULL, NULL, NULL, NULL, NULL, NULL, NULL, NULL, NULL, NULL, NULL, NULL, '', '27 RIVERVIEW DRIVE, BLUE RIDGE B', '2021-02-07 21:49:09', NULL, NULL, NULL),
(411, 2, 'Jerica Coprus', NULL, NULL, NULL, NULL, NULL, NULL, NULL, NULL, NULL, NULL, NULL, NULL, NULL, NULL, NULL, NULL, '', '6 PROMENADE LANE, BLUE RIDGE B', '2021-02-07 21:50:12', NULL, NULL, NULL),
(412, 2, 'Reyson  Mata', NULL, NULL, NULL, NULL, NULL, NULL, NULL, NULL, NULL, NULL, NULL, NULL, NULL, NULL, NULL, NULL, '', '31 TWINPEAKS, BLUE RIDGE B', '2021-02-07 21:52:16', NULL, NULL, NULL),
(413, 2, 'Ciara Sotto', NULL, NULL, NULL, NULL, NULL, NULL, NULL, NULL, NULL, NULL, NULL, NULL, NULL, NULL, NULL, NULL, '', '28 STARLINE ROAD, BLUE RIDGE B', '2021-02-07 21:53:12', NULL, NULL, NULL),
(414, 2, 'Michell Oryigas', NULL, NULL, NULL, NULL, NULL, NULL, NULL, NULL, NULL, NULL, NULL, NULL, NULL, NULL, NULL, NULL, '', 'Barangay Blue Ridge B', '2021-02-07 21:54:41', NULL, NULL, NULL),
(415, 2, 'Ronald Nazal', NULL, NULL, NULL, NULL, NULL, NULL, NULL, NULL, NULL, NULL, NULL, NULL, NULL, NULL, NULL, NULL, '', '1 MILKYWAY DRIVE, BLUE RIDGE B', '2021-02-07 21:55:41', NULL, NULL, NULL),
(416, 2, 'Maria Carminda Polinag', NULL, NULL, NULL, NULL, NULL, NULL, NULL, NULL, NULL, NULL, NULL, NULL, NULL, NULL, NULL, NULL, '', '24 TWINPEAKS DRIVE, BLUE RIDGE B', '2021-02-07 22:15:21', NULL, NULL, NULL),
(417, 2, 'Robert Lajao-Lajao', NULL, NULL, NULL, NULL, NULL, NULL, NULL, NULL, NULL, NULL, NULL, NULL, NULL, NULL, NULL, NULL, '', '26 STARLINE ROAD, BLUE RIDGE B', '2021-02-07 22:16:26', NULL, NULL, NULL),
(418, 2, 'Melanie Precillas', NULL, NULL, NULL, NULL, NULL, NULL, NULL, NULL, NULL, NULL, NULL, NULL, NULL, NULL, NULL, NULL, '', '26 STARLINE ROAD, BLUE RIDGE B', '2021-02-07 22:18:53', NULL, NULL, NULL),
(419, 2, 'Rafael Luis Paderes', NULL, NULL, NULL, NULL, NULL, NULL, NULL, NULL, NULL, NULL, NULL, NULL, NULL, NULL, NULL, NULL, '', '6 MILKYWAY DRIVE, BLUE RIDGE B', '2021-02-07 22:20:52', NULL, NULL, NULL),
(420, 2, 'Mr Dolendo', NULL, NULL, NULL, NULL, NULL, NULL, NULL, NULL, NULL, NULL, NULL, NULL, NULL, NULL, NULL, NULL, '', '33 MILKYWAY DRIVE, BLUE RIDGE B', '2021-02-07 22:23:45', NULL, NULL, NULL),
(421, 2, 'Ms Gladys Ypil', NULL, NULL, NULL, NULL, NULL, NULL, NULL, NULL, NULL, NULL, NULL, NULL, NULL, NULL, NULL, NULL, '', '22A MILKYWAY DRIVE, BLUE RIDGE B', '2021-02-07 22:26:04', NULL, NULL, NULL),
(422, 2, 'Jomar Villasanta', NULL, NULL, NULL, NULL, NULL, NULL, NULL, NULL, NULL, NULL, NULL, NULL, NULL, NULL, NULL, NULL, '', '11 RIVERVIEW DRIVE, BLUE RIDGE B,', '2021-02-07 22:30:08', NULL, NULL, NULL),
(423, 2, 'Bonita Mendoza', NULL, NULL, NULL, NULL, NULL, NULL, NULL, NULL, NULL, NULL, NULL, NULL, NULL, NULL, NULL, NULL, '', '7 STARLINE ROAD, BLUE RIDGE B,', '2021-02-07 22:32:33', NULL, NULL, NULL),
(424, 2, 'Victor Policarpio', NULL, NULL, NULL, NULL, NULL, NULL, NULL, NULL, NULL, NULL, NULL, NULL, NULL, NULL, NULL, NULL, '', '30 RIVERVIEW DRIVE, BLUE RIDGE B', '2021-02-07 22:33:24', NULL, NULL, NULL),
(425, 2, 'Arliseo Guinoo', NULL, NULL, NULL, NULL, NULL, NULL, NULL, NULL, NULL, NULL, NULL, NULL, NULL, NULL, NULL, NULL, '', '32 TWINPEAKS DRIVE, BLUE RIDGE B', '2021-02-07 22:36:00', NULL, NULL, NULL),
(426, 2, 'Willa Vista', NULL, NULL, NULL, NULL, NULL, NULL, NULL, NULL, NULL, NULL, NULL, NULL, NULL, NULL, NULL, NULL, '', '7 STARLINE ROAD, BLUE RIDGE B,', '2021-02-07 22:38:16', NULL, NULL, NULL),
(427, 2, 'Marilyn Albano', NULL, NULL, NULL, NULL, NULL, NULL, NULL, NULL, NULL, NULL, NULL, NULL, NULL, NULL, NULL, NULL, '', '1 MILKYWAY DRIVE`, BLUE RIDGE B', '2021-02-07 22:39:24', NULL, NULL, NULL),
(428, 2, 'Ronald Reuben Sarte', NULL, NULL, NULL, NULL, NULL, NULL, NULL, NULL, NULL, NULL, NULL, NULL, NULL, NULL, NULL, NULL, '', '22 STARLINE ROAD, BLUE RIDGE B', '2021-02-07 22:41:04', NULL, NULL, NULL),
(429, 2, 'Carlos Javier Arenas', NULL, NULL, NULL, NULL, NULL, NULL, NULL, NULL, NULL, NULL, NULL, NULL, NULL, NULL, NULL, NULL, '', '26 TWINPEAKS, BLUE RIDGE B', '2021-02-07 22:41:58', NULL, NULL, NULL),
(430, 2, 'Sedentor Samar', NULL, NULL, NULL, NULL, NULL, NULL, NULL, NULL, NULL, NULL, NULL, NULL, NULL, NULL, NULL, NULL, '', '3-D MILKYWAY LANE, BLUE RIDGE B', '2021-02-07 22:43:23', NULL, NULL, NULL),
(431, 2, 'Jason Geraldi', NULL, NULL, NULL, NULL, NULL, NULL, NULL, NULL, NULL, NULL, NULL, NULL, NULL, NULL, NULL, NULL, '', '383 BONNY SERRANO ROAD, BLUE RIDGE B', '2021-02-07 22:44:23', NULL, NULL, NULL),
(432, 2, 'Angelo Samar', NULL, NULL, NULL, NULL, NULL, NULL, NULL, NULL, NULL, NULL, NULL, NULL, NULL, NULL, NULL, NULL, '', '3D MILKYWAY LANE, BLUE RIDGE B', '2021-02-07 22:59:32', NULL, NULL, NULL),
(433, 2, 'Virgie Noble', NULL, NULL, NULL, NULL, NULL, NULL, NULL, NULL, NULL, NULL, NULL, NULL, NULL, NULL, NULL, NULL, '', '40MILKYWAY, BLUE RIDGE B', '2021-02-07 23:00:22', NULL, NULL, NULL),
(434, 2, 'Esperanza Lee', NULL, NULL, NULL, NULL, NULL, NULL, NULL, NULL, NULL, NULL, NULL, NULL, NULL, NULL, NULL, NULL, '', '19 TWIN PEAKS DRIVE, BLUE RIDGE', '2021-02-07 23:01:33', NULL, NULL, NULL),
(435, 2, 'Uy Katherine Dulay', NULL, NULL, NULL, NULL, NULL, NULL, NULL, NULL, NULL, NULL, NULL, NULL, NULL, NULL, NULL, NULL, '', '391 BONNY SERRANO ROAD, BLUE RIDGE B', '2021-02-07 23:04:27', NULL, NULL, NULL),
(436, 2, 'Teostifo Castillo', NULL, NULL, NULL, NULL, NULL, NULL, NULL, NULL, NULL, NULL, NULL, NULL, NULL, NULL, NULL, NULL, '', '379 BONNY SERRANO, BLUE RIDGE B', '2021-02-07 23:07:01', NULL, NULL, NULL),
(437, 2, 'Teresita Villar', NULL, NULL, NULL, NULL, NULL, NULL, NULL, NULL, NULL, NULL, NULL, NULL, NULL, NULL, NULL, NULL, '', '12 MILKYWAY DRIVE, BLUE RIDGE B', '2021-02-07 23:09:06', NULL, NULL, NULL),
(438, 2, 'Taylan Kathleen', NULL, NULL, NULL, NULL, NULL, NULL, NULL, NULL, NULL, NULL, NULL, NULL, NULL, NULL, NULL, NULL, '', '24 MILKYWAY DRIVE, BLUE RIDGE B', '2021-02-07 23:10:05', NULL, NULL, NULL),
(439, 2, 'DE GUZMAN, ENRIQUITA', NULL, NULL, NULL, NULL, NULL, NULL, NULL, NULL, NULL, NULL, NULL, NULL, NULL, NULL, NULL, NULL, '', '7 TWIN PEAKS DRIVE, BLUE RIDGE B', '2021-02-07 23:16:42', NULL, NULL, NULL),
(440, 2, 'Gabriela Almendrial', NULL, NULL, NULL, NULL, NULL, NULL, NULL, NULL, NULL, NULL, NULL, NULL, NULL, NULL, NULL, NULL, '', 'Barangay Blue Ridge B', '2021-02-07 23:20:03', NULL, NULL, NULL),
(441, 2, 'Tanya Lorenzo', NULL, NULL, NULL, NULL, NULL, NULL, NULL, NULL, NULL, NULL, NULL, NULL, NULL, NULL, NULL, NULL, '', '10 PROMENADE LANE, BLUE RIDGE B', '2021-02-07 23:21:40', NULL, NULL, NULL),
(442, 2, 'Ramon Pagaddu', NULL, NULL, NULL, NULL, NULL, NULL, NULL, NULL, NULL, NULL, NULL, NULL, NULL, NULL, NULL, NULL, '', '377-A BONNY SERRANO ROAD, BLUE RIDGE B,', '2021-02-07 23:22:37', NULL, NULL, NULL),
(443, 2, 'Eduado Cruz', NULL, NULL, NULL, NULL, NULL, NULL, NULL, NULL, NULL, NULL, NULL, NULL, NULL, NULL, NULL, NULL, '', '26 TWIN PEAKS DRIVE, BLUE RIDGE B', '2021-02-07 23:30:11', NULL, NULL, NULL),
(444, 2, 'Malou Tuazon', NULL, NULL, NULL, NULL, NULL, NULL, NULL, NULL, NULL, NULL, NULL, NULL, NULL, NULL, NULL, NULL, '', '22 Twinpeaks Drive, Blue Ridge B', '2021-02-07 23:32:09', NULL, NULL, NULL),
(445, 2, 'Arlene Delos Santos', NULL, NULL, NULL, NULL, NULL, NULL, NULL, NULL, NULL, NULL, NULL, NULL, NULL, NULL, NULL, NULL, '', '383 BONNY SERRANO AVE, BLUE RIDGE B,', '2021-02-07 23:34:49', NULL, NULL, NULL),
(446, 2, 'Maria Rowena Romero', NULL, NULL, NULL, NULL, NULL, NULL, NULL, NULL, NULL, NULL, NULL, NULL, NULL, NULL, NULL, NULL, '', '2 TWIN PEAKS, BLUE RIDGE B', '2021-02-07 23:35:37', NULL, NULL, NULL),
(447, 2, 'Thomas De Castro', NULL, NULL, NULL, NULL, NULL, NULL, NULL, NULL, NULL, NULL, NULL, NULL, NULL, NULL, NULL, NULL, '', '14 TWIN PEAKS DRIVE, BLUE RIDGE B', '2021-02-07 23:36:30', NULL, NULL, NULL),
(448, 2, 'Capunitan Rogelene', NULL, NULL, NULL, NULL, NULL, NULL, NULL, NULL, NULL, NULL, NULL, NULL, NULL, NULL, NULL, NULL, '', '377 BONI SERRANO AVE, BLUE RIDGE B', '2021-02-07 23:37:23', NULL, NULL, NULL),
(449, 2, 'Rey Ordonez', NULL, NULL, NULL, NULL, NULL, NULL, NULL, NULL, NULL, NULL, NULL, NULL, NULL, NULL, NULL, NULL, '', 'Barangay BLue Ridge B', '2021-02-07 23:38:39', NULL, NULL, NULL),
(450, 2, 'Mr Barry', NULL, NULL, NULL, NULL, NULL, NULL, NULL, NULL, NULL, NULL, NULL, NULL, NULL, NULL, NULL, NULL, '', '20B MOONLIGHT LOOP, BLUE RIDGE B', '2021-02-07 23:39:41', NULL, NULL, NULL),
(451, 2, 'XAVIER, WALFRIDO', NULL, NULL, NULL, NULL, NULL, NULL, NULL, NULL, NULL, NULL, NULL, NULL, NULL, NULL, NULL, NULL, '', '10B COMETS LOOP, BLUE RIDGE B', '2021-02-07 23:40:50', NULL, NULL, NULL),
(452, 2, 'PORMAREJO, AARON', NULL, NULL, NULL, NULL, NULL, NULL, NULL, NULL, NULL, NULL, NULL, NULL, NULL, NULL, NULL, NULL, '', '14 TWIN PEAKS DRIVE, BLUE RIDGE B', '2021-02-07 23:43:07', NULL, NULL, NULL),
(453, 2, 'Rowena Labrador', NULL, NULL, NULL, NULL, NULL, NULL, NULL, NULL, NULL, NULL, NULL, NULL, NULL, NULL, NULL, NULL, '', '29 MILKYWAY DRIVE, BLUE RIDGE B', '2021-02-07 23:44:02', NULL, NULL, NULL),
(454, 2, 'Evangeline Largo', NULL, NULL, NULL, NULL, NULL, NULL, NULL, NULL, NULL, NULL, NULL, NULL, NULL, NULL, NULL, NULL, '', '34 STARLINE ROAD, BLUE RIDGE B', '2021-02-07 23:44:53', NULL, NULL, NULL),
(455, 2, 'Jireh De Jose', NULL, NULL, NULL, NULL, NULL, NULL, NULL, NULL, NULL, NULL, NULL, NULL, NULL, NULL, NULL, NULL, '', '18 STARLINE, BLUE RIDGE B', '2021-02-07 23:47:03', NULL, NULL, NULL),
(456, 2, 'Victoriano  tablate', NULL, NULL, NULL, NULL, NULL, NULL, NULL, NULL, NULL, NULL, NULL, NULL, NULL, NULL, NULL, NULL, '', '3 HILLSIDE LOOP, BLUE RIDGE B', '2021-02-07 23:48:03', NULL, NULL, NULL),
(457, 2, 'Kurt', NULL, NULL, NULL, NULL, NULL, NULL, NULL, NULL, NULL, NULL, NULL, NULL, NULL, NULL, NULL, NULL, '', 'Barangay Blue Ridge B', '2021-02-07 23:48:38', NULL, NULL, NULL),
(458, 2, 'Lucilla Coquia', NULL, NULL, NULL, NULL, NULL, NULL, NULL, NULL, NULL, NULL, NULL, NULL, NULL, NULL, NULL, NULL, '', '10 A COMETS LOOP, BLUE RIDGE B,', '2021-02-07 23:51:58', NULL, NULL, NULL),
(459, 2, 'Combes Patricia', NULL, NULL, NULL, NULL, NULL, NULL, NULL, NULL, NULL, NULL, NULL, NULL, NULL, NULL, NULL, NULL, '', '9B TWIN PEAKS DRIVE, BLUE RIDGE B', '2021-02-07 23:53:00', NULL, NULL, NULL),
(460, 2, 'Atty Dayday', NULL, NULL, NULL, NULL, NULL, NULL, NULL, NULL, NULL, NULL, NULL, NULL, NULL, NULL, NULL, NULL, '', '16 MOONLIGHT LOOP, BLUE RIDGE B', '2021-02-07 23:53:57', NULL, NULL, NULL),
(461, 2, 'Lorna F Antolin', NULL, NULL, NULL, NULL, NULL, NULL, NULL, NULL, NULL, NULL, NULL, NULL, NULL, NULL, NULL, NULL, '', '12 MILKYWAY DRIVE, BLUE RIDGE B', '2021-02-07 23:56:11', NULL, NULL, NULL),
(462, 2, 'Kristel Josto', NULL, NULL, NULL, NULL, NULL, NULL, NULL, NULL, NULL, NULL, NULL, NULL, NULL, NULL, NULL, NULL, '', 'Barangay Blue Ridge B', '2021-02-07 23:57:32', NULL, NULL, NULL),
(463, 2, 'Rodas Fernando', NULL, NULL, NULL, NULL, NULL, NULL, NULL, NULL, NULL, NULL, NULL, NULL, NULL, NULL, NULL, NULL, '', '15 RIVERVIEW DRIVE, BLUE RIDGE B', '2021-02-07 23:58:25', NULL, NULL, NULL),
(464, 2, 'Pinapin Teresita', NULL, NULL, NULL, NULL, NULL, NULL, NULL, NULL, NULL, NULL, NULL, NULL, NULL, NULL, NULL, NULL, '', '27-B STARLINE ROAD, BLUE RIDGE B', '2021-02-08 00:03:26', NULL, NULL, NULL),
(465, 2, 'Farah Dela Cruz', NULL, NULL, NULL, NULL, NULL, NULL, NULL, NULL, NULL, NULL, NULL, NULL, NULL, NULL, NULL, NULL, '', '33 TWINPEAKS, BLUE RIDGE B', '2021-02-08 00:04:53', NULL, NULL, NULL),
(466, 2, 'Rezel Palalon', NULL, NULL, NULL, NULL, NULL, NULL, NULL, NULL, NULL, NULL, NULL, NULL, NULL, NULL, NULL, NULL, '', '10 B RIVERVIEW DRIVE, BLUE RIDGE B', '2021-02-08 00:07:45', NULL, NULL, NULL),
(467, 2, 'Ina Tulio', NULL, NULL, NULL, NULL, NULL, NULL, NULL, NULL, NULL, NULL, NULL, NULL, NULL, NULL, NULL, NULL, '', '32 RIVERVIEW DRIVE, BLUE RIDGE B', '2021-02-08 00:13:10', NULL, NULL, NULL),
(468, 2, 'Anna Tupas', NULL, NULL, NULL, NULL, NULL, NULL, NULL, NULL, NULL, NULL, NULL, NULL, NULL, NULL, NULL, NULL, '', '6 Moonlight Loop, Blue Ridge B', '2021-02-08 00:23:55', NULL, NULL, NULL),
(469, 2, 'Jocelyn Villarin', NULL, NULL, NULL, NULL, NULL, NULL, NULL, NULL, NULL, NULL, NULL, NULL, NULL, NULL, NULL, NULL, '', 'Barangay Blue Ridge B', '2021-02-08 00:26:22', NULL, NULL, NULL),
(470, 2, 'Anna Cervantes', NULL, NULL, NULL, NULL, NULL, NULL, NULL, NULL, NULL, NULL, NULL, NULL, NULL, NULL, NULL, NULL, '', '4 Moonlight Loop, Blue Ridge B', '2021-02-08 00:29:55', NULL, NULL, NULL),
(471, 2, 'Kgd Ton', NULL, NULL, NULL, NULL, NULL, NULL, NULL, NULL, NULL, NULL, NULL, NULL, NULL, NULL, NULL, NULL, '', '19 Riverview Drive, Blue Ridge B', '2021-02-08 00:34:58', NULL, NULL, NULL),
(472, 2, 'Jocelyn', NULL, NULL, NULL, NULL, NULL, NULL, NULL, NULL, NULL, NULL, NULL, NULL, NULL, NULL, NULL, NULL, '', 'Barangay Blue Ridge B', '2021-02-08 00:50:54', NULL, NULL, NULL),
(473, 2, 'Anna Lea Robles', NULL, NULL, NULL, NULL, NULL, NULL, NULL, NULL, NULL, NULL, NULL, NULL, NULL, NULL, NULL, NULL, '', 'Barangay Blue Ridge B', '2021-02-08 00:53:37', NULL, NULL, NULL),
(474, 2, 'Queenie', NULL, NULL, NULL, NULL, NULL, NULL, NULL, NULL, NULL, NULL, NULL, NULL, NULL, NULL, NULL, NULL, '', 'Barangay Blue Ridge B', '2021-02-08 00:54:17', NULL, NULL, NULL),
(475, 2, 'Amar Chandnani', NULL, NULL, NULL, NULL, NULL, NULL, NULL, NULL, NULL, NULL, NULL, NULL, NULL, NULL, NULL, NULL, '', '3 PROMENADE LANE, BLUE RIDGE B', '2021-02-08 00:59:34', NULL, NULL, NULL),
(476, 2, 'Lorna Antolin', NULL, NULL, NULL, NULL, NULL, NULL, NULL, NULL, NULL, NULL, NULL, NULL, NULL, NULL, NULL, NULL, '', '12 MILKYWAY DRIVE, BLUE RIDGE B', '2021-02-08 01:01:53', NULL, NULL, NULL),
(477, 2, 'Sofia Paredes', NULL, NULL, NULL, NULL, NULL, NULL, NULL, NULL, NULL, NULL, NULL, NULL, NULL, NULL, NULL, NULL, '', '6 MILKYWAY DRIVE, BLUE RIDGE B', '2021-02-09 17:49:29', NULL, NULL, NULL),
(478, 2, 'Pormarejo Ma. Angelica', NULL, NULL, NULL, NULL, NULL, NULL, NULL, NULL, NULL, NULL, NULL, NULL, NULL, NULL, NULL, NULL, '', '14 TWIN PEAKS DRIVE, BLUE RIDGE B', '2021-02-09 17:51:34', NULL, NULL, NULL),
(479, 2, 'Lino Panoga', NULL, NULL, NULL, NULL, NULL, NULL, NULL, NULL, NULL, NULL, NULL, NULL, NULL, NULL, NULL, NULL, '', '23 MOONLIGHT LOOP, BLUE RIDGE B', '2021-02-09 17:52:37', NULL, NULL, NULL),
(480, 2, 'Luceña Maricon', NULL, NULL, NULL, NULL, NULL, NULL, NULL, NULL, NULL, NULL, NULL, NULL, NULL, NULL, NULL, NULL, '', '25-A MOONLIGHT LOOP, BLUE RIDGE B', '2021-02-09 17:56:50', NULL, NULL, NULL),
(481, 2, 'Rodas Pauline', NULL, NULL, NULL, NULL, NULL, NULL, NULL, NULL, NULL, NULL, NULL, NULL, NULL, NULL, NULL, NULL, '', '15 RIVERVIEW DR., BLUE RIDGE B', '2021-02-09 17:57:51', NULL, NULL, NULL),
(482, 2, 'Nikoy Gen Mdse', NULL, NULL, NULL, NULL, NULL, NULL, NULL, NULL, NULL, NULL, NULL, NULL, NULL, NULL, NULL, NULL, '', 'Barangay Blue Ridge B', '2021-02-09 17:59:21', NULL, NULL, NULL),
(483, 2, 'Regalado Priscilla', NULL, NULL, NULL, NULL, NULL, NULL, NULL, NULL, NULL, NULL, NULL, NULL, NULL, NULL, NULL, NULL, '', '18 MILKYWAY DRIVE, BLUE RIDGE B', '2021-02-09 18:00:26', NULL, NULL, NULL),
(484, 2, 'Brixter Builders', NULL, NULL, NULL, NULL, NULL, NULL, NULL, NULL, NULL, NULL, NULL, NULL, NULL, NULL, NULL, NULL, '', 'Barangay Blue Ridge B', '2021-02-09 18:01:42', NULL, NULL, NULL),
(485, 2, 'Arellano Loida', NULL, NULL, NULL, NULL, NULL, NULL, NULL, NULL, NULL, NULL, NULL, NULL, NULL, NULL, NULL, NULL, '', '14 STARLINE ROAD, BLUE RIDGE B', '2021-02-09 18:03:05', NULL, NULL, NULL),
(486, 2, 'Mendiola', NULL, NULL, NULL, NULL, NULL, NULL, NULL, NULL, NULL, NULL, NULL, NULL, NULL, NULL, NULL, NULL, '', '11 TWIN PEAKS DRIVE, BLUE RIDGE B', '2021-02-09 18:07:33', NULL, NULL, NULL),
(487, 2, 'Caris Alexy Fernandez', NULL, NULL, NULL, NULL, NULL, NULL, NULL, NULL, NULL, NULL, NULL, NULL, NULL, NULL, NULL, NULL, '', 'Barangay Blue Ridge B', '2021-02-09 18:17:54', NULL, NULL, NULL),
(488, 2, 'Hipolito Elvera Ernesto', NULL, NULL, NULL, NULL, NULL, NULL, NULL, NULL, NULL, NULL, NULL, NULL, NULL, NULL, NULL, NULL, '', '16 MILKYWAY DRIVE, BLUE RIDGE B', '2021-02-09 18:24:01', NULL, NULL, NULL),
(489, 2, 'Cruz Roberto', NULL, NULL, NULL, NULL, NULL, NULL, NULL, NULL, NULL, NULL, NULL, NULL, NULL, NULL, NULL, NULL, '', '1 HILLSIDE LANE, BLUE RIDGE B,', '2021-02-09 18:43:22', NULL, NULL, NULL);
INSERT INTO `general_users` (`id`, `role_id`, `name`, `first_name`, `last_name`, `middle_initial`, `quantifier`, `birth_date`, `birth_place`, `citizenship`, `sex`, `civil_status`, `tin`, `cluster`, `household`, `religion`, `health_status`, `highest_education`, `occupation`, `contact_number`, `address`, `created_at`, `updated_at`, `deleted_at`, `created_by`) VALUES
(490, 2, 'Rechelle Cosenillo', NULL, NULL, NULL, NULL, NULL, NULL, NULL, NULL, NULL, NULL, NULL, NULL, NULL, NULL, NULL, NULL, '', '1 HILLSIDE LANE, BLUE RIDGE B,', '2021-02-09 18:44:20', NULL, NULL, NULL),
(491, 2, 'Torres Javier Alfonso', NULL, NULL, NULL, NULL, NULL, NULL, NULL, NULL, NULL, NULL, NULL, NULL, NULL, NULL, NULL, NULL, '', '25-A MOONLIGHT LOOP, BLUE RIDGE B', '2021-02-09 18:46:26', NULL, NULL, NULL),
(492, 2, 'Lagutan Ludelyn', NULL, NULL, NULL, NULL, NULL, NULL, NULL, NULL, NULL, NULL, NULL, NULL, NULL, NULL, NULL, NULL, '', '9-A TWIN PEAKS DRIVE, BLUE RIDGE B', '2021-02-09 18:47:37', NULL, NULL, NULL),
(493, 2, 'Uy Lawrence', NULL, NULL, NULL, NULL, NULL, NULL, NULL, NULL, NULL, NULL, NULL, NULL, NULL, NULL, NULL, NULL, '', '29 RIVERVIEW DRIVE, BLUE RIDGE B', '2021-02-09 18:49:08', NULL, NULL, NULL),
(494, 2, 'Ma.Ruth Belonio', NULL, NULL, NULL, NULL, NULL, NULL, NULL, NULL, NULL, NULL, NULL, NULL, NULL, NULL, NULL, NULL, '', '19 RIVERVIEW DRIVE, BLUE RIDGE B', '2021-02-09 18:55:33', NULL, NULL, NULL),
(495, 2, 'Meriam Pagaddu', NULL, NULL, NULL, NULL, NULL, NULL, NULL, NULL, NULL, NULL, NULL, NULL, NULL, NULL, NULL, NULL, '', '377 A BONI SERRANO RD, BLUE RIDGE B', '2021-02-09 18:57:18', NULL, NULL, NULL),
(496, 2, 'Pagaddu Shiela', NULL, NULL, NULL, NULL, NULL, NULL, NULL, NULL, NULL, NULL, NULL, NULL, NULL, NULL, NULL, NULL, '', '377-A BONI SERRANO AVE, BLUE RIDGE B', '2021-02-09 19:06:24', NULL, NULL, NULL),
(497, 2, 'Joven Reynante', NULL, NULL, NULL, NULL, NULL, NULL, NULL, NULL, NULL, NULL, NULL, NULL, NULL, NULL, NULL, NULL, '', '33 TWINPEAKS DRIVE, BLUE RIDGE B', '2021-02-09 21:15:24', NULL, NULL, NULL),
(498, 2, 'Zoe Andin', NULL, NULL, NULL, NULL, NULL, NULL, NULL, NULL, NULL, NULL, NULL, NULL, NULL, NULL, NULL, NULL, '', '8 STARLINE ROAD, BLUE RIDGE B', '2021-02-09 21:33:14', NULL, NULL, NULL),
(499, 2, 'Mark Amadea', NULL, NULL, NULL, NULL, NULL, NULL, NULL, NULL, NULL, NULL, NULL, NULL, NULL, NULL, NULL, NULL, '', 'Barangay Blue Ridge B', '2021-02-09 21:37:10', NULL, NULL, NULL),
(500, 2, 'Tiotico Raina Ciara Fabie', NULL, NULL, NULL, NULL, NULL, NULL, NULL, NULL, NULL, NULL, NULL, NULL, NULL, NULL, NULL, NULL, '', '14 STARLINE ROAD, BLUE RIDGE B', '2021-02-09 21:45:39', NULL, NULL, NULL),
(501, 2, 'trisha Rose Torres', NULL, NULL, NULL, NULL, NULL, NULL, NULL, NULL, NULL, NULL, NULL, NULL, NULL, NULL, NULL, NULL, '', '3-A RIVERVIEW DRIVE, BLUE RIDGE B', '2021-02-09 21:51:03', NULL, NULL, NULL),
(502, 2, 'Gascon Techie', NULL, NULL, NULL, NULL, NULL, NULL, NULL, NULL, NULL, NULL, NULL, NULL, NULL, NULL, NULL, NULL, '', '6 MOONLIGHT LOOP, BLUE RIDGE B', '2021-02-09 21:52:32', NULL, NULL, NULL),
(503, 2, 'Jenny Bautista', NULL, NULL, NULL, NULL, NULL, NULL, NULL, NULL, NULL, NULL, NULL, NULL, NULL, NULL, NULL, NULL, '', '18 MOONLIGHT LOOP, BLUE RIDGE B,', '2021-02-09 21:55:10', NULL, NULL, NULL),
(504, 2, 'Jian Miguel Bautista', NULL, NULL, NULL, NULL, NULL, NULL, NULL, NULL, NULL, NULL, NULL, NULL, NULL, NULL, NULL, NULL, '', 'Barangay Blue Ridge B', '2021-02-09 22:10:50', NULL, NULL, NULL),
(505, 2, 'Dr Dela Cruz', NULL, NULL, NULL, NULL, NULL, NULL, NULL, NULL, NULL, NULL, NULL, NULL, NULL, NULL, NULL, NULL, '', '34 TWIN PEAKS DRIVE, BLUE RIDGE B', '2021-02-09 22:15:21', NULL, NULL, NULL),
(506, 2, 'Maria Elena Ruiz', NULL, NULL, NULL, NULL, NULL, NULL, NULL, NULL, NULL, NULL, NULL, NULL, NULL, NULL, NULL, NULL, '', '8 TWIN PEAKS DRIVE, BLUE RIDGE B', '2021-02-09 22:17:03', NULL, NULL, NULL),
(507, 2, 'Flora V De Vicente', NULL, NULL, NULL, NULL, NULL, NULL, NULL, NULL, NULL, NULL, NULL, NULL, NULL, NULL, NULL, NULL, '', 'Barangay Blue Ridge B', '2021-02-09 22:20:08', NULL, NULL, NULL),
(508, 2, 'Rieger Cruz', NULL, NULL, NULL, NULL, NULL, NULL, NULL, NULL, NULL, NULL, NULL, NULL, NULL, NULL, NULL, NULL, '', 'Barangay Blue Ridge B', '2021-02-09 22:29:02', NULL, NULL, NULL),
(509, 2, 'Catherine david', NULL, NULL, NULL, NULL, NULL, NULL, NULL, NULL, NULL, NULL, NULL, NULL, NULL, NULL, NULL, NULL, '', 'Barangay Blue Ridge B', '2021-02-09 23:31:39', NULL, NULL, NULL),
(510, 2, 'Mercy & Danilo Pine', NULL, NULL, NULL, NULL, NULL, NULL, NULL, NULL, NULL, NULL, NULL, NULL, NULL, NULL, NULL, NULL, '', '1 HILLSIDE LOOP, BLUE RIDGE B,', '2021-02-09 23:33:32', NULL, NULL, NULL),
(511, 2, 'Wilfredo Uy', NULL, NULL, NULL, NULL, NULL, NULL, NULL, NULL, NULL, NULL, NULL, NULL, NULL, NULL, NULL, NULL, '', 'Barangay Blue Ridge B', '2021-02-09 23:34:44', NULL, NULL, NULL),
(512, 2, 'Villaluzfe Lumentigar', NULL, NULL, NULL, NULL, NULL, NULL, NULL, NULL, NULL, NULL, NULL, NULL, NULL, NULL, NULL, NULL, '', 'Barangay Blue Ridge B', '2021-02-09 23:35:54', NULL, NULL, NULL),
(513, 2, 'Jose Reyes', NULL, NULL, NULL, NULL, NULL, NULL, NULL, NULL, NULL, NULL, NULL, NULL, NULL, NULL, NULL, NULL, '', 'Barangay Blue Ridge B', '2021-02-09 23:55:12', NULL, NULL, NULL),
(514, 2, 'Ma Theresa Vergara', NULL, NULL, NULL, NULL, NULL, NULL, NULL, NULL, NULL, NULL, NULL, NULL, NULL, NULL, NULL, NULL, '', '2D COMETS LOOP, BLUE RIDGE B', '2021-02-10 00:11:04', NULL, NULL, NULL),
(515, 2, 'Leonard Dignos', NULL, NULL, NULL, NULL, NULL, NULL, NULL, NULL, NULL, NULL, NULL, NULL, NULL, NULL, NULL, NULL, '', 'Barangay Blue Ridge B', '2021-02-10 00:13:06', NULL, NULL, NULL),
(516, 2, 'Mr Lopez', NULL, NULL, NULL, NULL, NULL, NULL, NULL, NULL, NULL, NULL, NULL, NULL, NULL, NULL, NULL, NULL, '', 'Barangay Blue Ridge B', '2021-02-10 00:17:24', NULL, NULL, NULL),
(517, 2, 'Mellie De Jesus', NULL, NULL, NULL, NULL, NULL, NULL, NULL, NULL, NULL, NULL, NULL, NULL, NULL, NULL, NULL, NULL, '', '23 Milkyway Blue Ridge B', '2021-02-14 16:56:45', NULL, NULL, NULL),
(518, 2, 'Sally Brana', NULL, NULL, NULL, NULL, NULL, NULL, NULL, NULL, NULL, NULL, NULL, NULL, NULL, NULL, NULL, NULL, '', 'Barangay Blue Ridge B', '2021-02-14 17:03:46', NULL, NULL, NULL),
(519, 2, 'Maria Vanessa Cristi', NULL, NULL, NULL, NULL, NULL, NULL, NULL, NULL, NULL, NULL, NULL, NULL, NULL, NULL, NULL, NULL, '', '13 COMETS LOOP, BLUE RIDGE B', '2021-02-14 17:08:11', NULL, NULL, NULL),
(520, 2, 'Mr David Alba', NULL, NULL, NULL, NULL, NULL, NULL, NULL, NULL, NULL, NULL, NULL, NULL, NULL, NULL, NULL, NULL, '', '12 Moonlight Loop Blue Ridge B', '2021-02-14 17:13:38', NULL, NULL, NULL),
(521, 2, 'Mr Alejandrino', NULL, NULL, NULL, NULL, NULL, NULL, NULL, NULL, NULL, NULL, NULL, NULL, NULL, NULL, NULL, NULL, '', '35 Milkyway Blue Ridge B', '2021-02-14 17:15:21', NULL, NULL, NULL),
(522, 2, 'Ayah Yanson', NULL, NULL, NULL, NULL, NULL, NULL, NULL, NULL, NULL, NULL, NULL, NULL, NULL, NULL, NULL, NULL, '', '11 STARLINE , BLUE RIDGE B', '2021-02-14 17:20:51', NULL, NULL, NULL),
(523, 2, 'Mr Bryan Hilado', NULL, NULL, NULL, NULL, NULL, NULL, NULL, NULL, NULL, NULL, NULL, NULL, NULL, NULL, NULL, NULL, '', '27 Moonlight Loop Blue Ridge B', '2021-02-14 17:27:35', NULL, NULL, NULL),
(524, 2, 'Jimmy Teotico', NULL, NULL, NULL, NULL, NULL, NULL, NULL, NULL, NULL, NULL, NULL, NULL, NULL, NULL, NULL, NULL, '', '14 Starline Road Blue Ridge B', '2021-02-14 17:38:33', NULL, NULL, NULL),
(525, 2, 'Dr Arthur Mendoza', NULL, NULL, NULL, NULL, NULL, NULL, NULL, NULL, NULL, NULL, NULL, NULL, NULL, NULL, NULL, NULL, '', '38 Milkyway BLue Ridge B', '2021-02-14 17:39:32', NULL, NULL, NULL),
(526, 2, 'Mr Manuel Argel', NULL, NULL, NULL, NULL, NULL, NULL, NULL, NULL, NULL, NULL, NULL, NULL, NULL, NULL, NULL, NULL, '', '2 MILKYWAY LANE, BLUE RIDGE B', '2021-02-14 17:46:08', NULL, NULL, NULL),
(527, 2, 'Rodella Gas Villegas', NULL, NULL, NULL, NULL, NULL, NULL, NULL, NULL, NULL, NULL, NULL, NULL, NULL, NULL, NULL, NULL, '', 'Barangay Blue Ridge', '2021-02-14 17:48:10', NULL, NULL, NULL),
(528, 2, 'Olive Jaciinto', NULL, NULL, NULL, NULL, NULL, NULL, NULL, NULL, NULL, NULL, NULL, NULL, NULL, NULL, NULL, NULL, '', 'Barangay Blue Ridge B', '2021-02-14 17:50:54', NULL, NULL, NULL),
(529, 2, 'Dj Steel Marketing INC', NULL, NULL, NULL, NULL, NULL, NULL, NULL, NULL, NULL, NULL, NULL, NULL, NULL, NULL, NULL, NULL, '', 'Barangay Blue Ridge B', '2021-02-14 18:43:09', NULL, NULL, NULL),
(530, 2, 'Flora De Vicente', NULL, NULL, NULL, NULL, NULL, NULL, NULL, NULL, NULL, NULL, NULL, NULL, NULL, NULL, NULL, NULL, '', 'Barangay Blue Ridge B', '2021-02-14 19:29:40', NULL, NULL, NULL),
(531, 2, 'Raoul Cauton', NULL, NULL, NULL, NULL, NULL, NULL, NULL, NULL, NULL, NULL, NULL, NULL, NULL, NULL, NULL, NULL, '', 'Barangay Blue Ridge B', '2021-02-14 21:29:07', NULL, NULL, NULL),
(532, 2, 'Gabrielle Polinag', NULL, NULL, NULL, NULL, NULL, NULL, NULL, NULL, NULL, NULL, NULL, NULL, NULL, NULL, NULL, NULL, '', '24 TWINPEAKS DRIVE, BLUE RIDGE B', '2021-02-14 21:33:10', NULL, NULL, NULL),
(533, 2, 'Cheska Maristela', NULL, NULL, NULL, NULL, NULL, NULL, NULL, NULL, NULL, NULL, NULL, NULL, NULL, NULL, NULL, NULL, '', '9 MOONLIGHT LOOP, BLUE RIDGE B', '2021-02-14 21:35:19', NULL, NULL, NULL),
(534, 2, 'Debbic Jean Pagaddu', NULL, NULL, NULL, NULL, NULL, NULL, NULL, NULL, NULL, NULL, NULL, NULL, NULL, NULL, NULL, NULL, '', 'Barangay Blue Ridge B', '2021-02-14 21:38:29', NULL, NULL, NULL),
(535, 2, 'Millet Agatha Aquino', NULL, NULL, NULL, NULL, NULL, NULL, NULL, NULL, NULL, NULL, NULL, NULL, NULL, NULL, NULL, NULL, '', 'Barangay Blue Ridge B', '2021-02-14 21:42:39', NULL, NULL, NULL),
(536, 2, 'Lome Uy', NULL, NULL, NULL, NULL, NULL, NULL, NULL, NULL, NULL, NULL, NULL, NULL, NULL, NULL, NULL, NULL, '', '29 RIVERVIEW DRIVE, BLUE RIDGE B', '2021-02-14 21:56:36', NULL, NULL, NULL),
(537, 2, 'Rachelle Anne T De Jesus', NULL, NULL, NULL, NULL, NULL, NULL, NULL, NULL, NULL, NULL, NULL, NULL, NULL, NULL, NULL, NULL, '', 'Barangay Blue Ridge B', '2021-02-14 21:58:20', NULL, NULL, NULL),
(538, 2, 'Felix Muchada', NULL, NULL, NULL, NULL, NULL, NULL, NULL, NULL, NULL, NULL, NULL, NULL, NULL, NULL, NULL, NULL, '', 'Barangay Blue Ridge B', '2021-02-14 22:00:44', NULL, NULL, NULL),
(539, 2, 'Pacifico Argel', NULL, NULL, NULL, NULL, NULL, NULL, NULL, NULL, NULL, NULL, NULL, NULL, NULL, NULL, NULL, NULL, '', 'Barangay Blue Ridge B', '2021-02-14 22:02:06', NULL, NULL, NULL),
(540, 2, 'Kgd Cheska', NULL, NULL, NULL, NULL, NULL, NULL, NULL, NULL, NULL, NULL, NULL, NULL, NULL, NULL, NULL, NULL, '', 'Barangay BLue Ridge B', '2021-02-14 22:07:16', NULL, NULL, NULL),
(541, 2, 'Monnette N Gonzaga', NULL, NULL, NULL, NULL, NULL, NULL, NULL, NULL, NULL, NULL, NULL, NULL, NULL, NULL, NULL, NULL, '', 'Barangay Blue Ridge B', '2021-02-14 22:11:40', NULL, NULL, NULL),
(542, 2, 'Catherene Cruz', NULL, NULL, NULL, NULL, NULL, NULL, NULL, NULL, NULL, NULL, NULL, NULL, NULL, NULL, NULL, NULL, '', 'Barangay Blue Ridge B', '2021-02-14 22:41:56', NULL, NULL, NULL),
(543, 2, 'Minda Gabagat', NULL, NULL, NULL, NULL, NULL, NULL, NULL, NULL, NULL, NULL, NULL, NULL, NULL, NULL, NULL, NULL, '', '3 HILLSIDE LOOP, BLUE RIDGE B', '2021-02-14 22:43:00', NULL, NULL, NULL),
(544, 2, 'Remegio L Masirag', NULL, NULL, NULL, NULL, NULL, NULL, NULL, NULL, NULL, NULL, NULL, NULL, NULL, NULL, NULL, NULL, '', 'Barangay BLue Ridge B', '2021-02-14 22:47:33', NULL, NULL, NULL),
(545, 2, 'Rowena Bacudio', NULL, NULL, NULL, NULL, NULL, NULL, NULL, NULL, NULL, NULL, NULL, NULL, NULL, NULL, NULL, NULL, '', '5 Moonlight Loop Blue Ridge B', '2021-02-14 22:50:07', NULL, NULL, NULL),
(546, 2, 'Ms. Reiger Cruz', NULL, NULL, NULL, NULL, NULL, NULL, NULL, NULL, NULL, NULL, NULL, NULL, NULL, NULL, NULL, NULL, '', 'Barangay Blue Ridge B', '2021-02-14 22:51:28', NULL, NULL, NULL),
(547, 2, 'Theresa Aceron', NULL, NULL, NULL, NULL, NULL, NULL, NULL, NULL, NULL, NULL, NULL, NULL, NULL, NULL, NULL, NULL, '', 'Barangay Blue Ridge B', '2021-02-14 23:02:33', NULL, NULL, NULL),
(548, 2, 'Tablate', NULL, NULL, NULL, NULL, NULL, NULL, NULL, NULL, NULL, NULL, NULL, NULL, NULL, NULL, NULL, NULL, '', '3 HILLSIDE LOOP, BLUE RIDGE B', '2021-02-14 23:04:36', NULL, NULL, NULL),
(549, 2, 'Zerina Loren Pena', NULL, NULL, NULL, NULL, NULL, NULL, NULL, NULL, NULL, NULL, NULL, NULL, NULL, NULL, NULL, NULL, '', '2c Comets Loop Blue Ridge B', '2021-02-14 23:10:17', NULL, NULL, NULL),
(550, 2, 'Marco Guillermo', NULL, NULL, NULL, NULL, NULL, NULL, NULL, NULL, NULL, NULL, NULL, NULL, NULL, NULL, NULL, NULL, '', 'Barangay Blue Ridge B', '2021-02-14 23:11:05', NULL, NULL, NULL),
(551, 2, 'Christy Joy K. Cape', NULL, NULL, NULL, NULL, NULL, NULL, NULL, NULL, NULL, NULL, NULL, NULL, NULL, NULL, NULL, NULL, '', 'Barangay Blue Ridge B', '2021-02-14 23:32:02', NULL, NULL, NULL),
(552, 2, 'Willy Cruz', NULL, NULL, NULL, NULL, NULL, NULL, NULL, NULL, NULL, NULL, NULL, NULL, NULL, NULL, NULL, NULL, '', 'Barangay Blue Ridge B', '2021-02-14 23:42:17', NULL, NULL, NULL),
(553, 2, 'Gilbert Loreto Danao', NULL, NULL, NULL, NULL, NULL, NULL, NULL, NULL, NULL, NULL, NULL, NULL, NULL, NULL, NULL, NULL, '', '5 TWIN PEAKS DRIVE, BLUE RIDGE B', '2021-02-14 23:55:53', NULL, NULL, NULL),
(554, 2, 'Jemar Bacudio', NULL, NULL, NULL, NULL, NULL, NULL, NULL, NULL, NULL, NULL, NULL, NULL, NULL, NULL, NULL, NULL, '', '5 Moonlight Loop Blue Ridge B', '2021-02-14 23:57:16', NULL, NULL, NULL),
(555, 2, 'Mario Bacudio', NULL, NULL, NULL, NULL, NULL, NULL, NULL, NULL, NULL, NULL, NULL, NULL, NULL, NULL, NULL, NULL, '', '5 Moonlight Loop Blue Ridge B', '2021-02-15 00:02:10', NULL, NULL, NULL),
(556, 2, 'Vito Nazal', NULL, NULL, NULL, NULL, NULL, NULL, NULL, NULL, NULL, NULL, NULL, NULL, NULL, NULL, NULL, NULL, '', 'Barangay Blue Ridge B', '2021-02-15 00:05:59', NULL, NULL, NULL),
(557, 2, 'Ailyn Calgo', NULL, NULL, NULL, NULL, NULL, NULL, NULL, NULL, NULL, NULL, NULL, NULL, NULL, NULL, NULL, NULL, '', 'Barangay Blue Ridge B', '2021-02-15 00:07:31', NULL, NULL, NULL),
(558, 2, 'Cario Luigi Prieto', NULL, NULL, NULL, NULL, NULL, NULL, NULL, NULL, NULL, NULL, NULL, NULL, NULL, NULL, NULL, NULL, '', 'Barangay Blue ridge B', '2021-02-15 00:12:06', NULL, NULL, NULL),
(559, 2, 'Josefina Hervas', NULL, NULL, NULL, NULL, NULL, NULL, NULL, NULL, NULL, NULL, NULL, NULL, NULL, NULL, NULL, NULL, '', 'Barangay blue Ridge B', '2021-02-15 00:14:57', NULL, NULL, NULL),
(560, 2, 'Joelene Delos Santos', NULL, NULL, NULL, NULL, NULL, NULL, NULL, NULL, NULL, NULL, NULL, NULL, NULL, NULL, NULL, NULL, '', '383 Boni Serrano Blue Ridge B', '2021-02-15 00:16:12', NULL, NULL, NULL),
(561, 2, 'Mj Laput', NULL, NULL, NULL, NULL, NULL, NULL, NULL, NULL, NULL, NULL, NULL, NULL, NULL, NULL, NULL, NULL, '', 'Boni Serrano Blue Ridge B', '2021-02-15 00:19:33', NULL, NULL, NULL),
(562, 2, 'Jose Dolendo', NULL, NULL, NULL, NULL, NULL, NULL, NULL, NULL, NULL, NULL, NULL, NULL, NULL, NULL, NULL, NULL, '', '33 Milkyway Blue Ridge B', '2021-02-15 00:23:19', NULL, NULL, NULL),
(563, 2, 'Renato Ordonez', NULL, NULL, NULL, NULL, NULL, NULL, NULL, NULL, NULL, NULL, NULL, NULL, NULL, NULL, NULL, NULL, '', 'Boni Serrano Blue Ridge B', '2021-02-15 00:24:19', NULL, NULL, NULL),
(564, 2, 'Jojo Rodelas', NULL, NULL, NULL, NULL, NULL, NULL, NULL, NULL, NULL, NULL, NULL, NULL, NULL, NULL, NULL, NULL, '', '4 Starline Blue Ridge B', '2021-02-15 00:25:28', NULL, NULL, NULL),
(565, 2, 'Paolo Valderama', NULL, NULL, NULL, NULL, NULL, NULL, NULL, NULL, NULL, NULL, NULL, NULL, NULL, NULL, NULL, NULL, '', '21 Moonlight Loop Blue Ridge B', '2021-02-15 00:26:36', NULL, NULL, NULL),
(566, 2, 'Dagny Geronilla', NULL, NULL, NULL, NULL, NULL, NULL, NULL, NULL, NULL, NULL, NULL, NULL, NULL, NULL, NULL, NULL, '', '21 Milkyway Blue Ridge B', '2021-02-15 00:29:41', NULL, NULL, NULL),
(567, 2, 'Atty Pagtalunan', NULL, NULL, NULL, NULL, NULL, NULL, NULL, NULL, NULL, NULL, NULL, NULL, NULL, NULL, NULL, NULL, '', '15 Comets Blue Ridge B', '2021-02-15 00:34:38', NULL, NULL, NULL),
(568, 2, 'Marian Lagustan', NULL, NULL, NULL, NULL, NULL, NULL, NULL, NULL, NULL, NULL, NULL, NULL, NULL, NULL, NULL, NULL, '', 'Barangay Blue Ridge B', '2021-02-16 17:17:18', NULL, NULL, NULL),
(569, 2, 'Santi Arenas', NULL, NULL, NULL, NULL, NULL, NULL, NULL, NULL, NULL, NULL, NULL, NULL, NULL, NULL, NULL, NULL, '', '26 TWINPEAKS DRIVE, BLUE RIDGE B,', '2021-02-16 17:19:00', NULL, NULL, NULL),
(570, 2, 'ECO ELEMENTS INC', NULL, NULL, NULL, NULL, NULL, NULL, NULL, NULL, NULL, NULL, NULL, NULL, NULL, NULL, NULL, NULL, '', 'Barangay Blue Ridge B', '2021-02-16 17:33:20', NULL, NULL, NULL),
(571, 2, 'Joe Ar Delos Santos', NULL, NULL, NULL, NULL, NULL, NULL, NULL, NULL, NULL, NULL, NULL, NULL, NULL, NULL, NULL, NULL, '', 'Boni Serrano Blue Ridge B', '2021-02-16 17:39:56', NULL, NULL, NULL),
(572, 2, 'Mr Nazal', NULL, NULL, NULL, NULL, NULL, NULL, NULL, NULL, NULL, NULL, NULL, NULL, NULL, NULL, NULL, NULL, '', '1 Milkyway Blue Ridge B', '2021-02-16 17:49:31', NULL, NULL, NULL),
(573, 2, 'John Joseph Laput', NULL, NULL, NULL, NULL, NULL, NULL, NULL, NULL, NULL, NULL, NULL, NULL, NULL, NULL, NULL, NULL, '', 'Boni Serrano Blue Ridge B', '2021-02-16 17:51:22', NULL, NULL, NULL),
(574, 2, 'Mervin Villafania', NULL, NULL, NULL, NULL, NULL, NULL, NULL, NULL, NULL, NULL, NULL, NULL, NULL, NULL, NULL, NULL, '', 'Barangay Blue Ridge B', '2021-02-16 17:56:06', NULL, NULL, NULL),
(575, 2, 'Celestial Arts', NULL, NULL, NULL, NULL, NULL, NULL, NULL, NULL, NULL, NULL, NULL, NULL, NULL, NULL, NULL, NULL, '', 'Barangay Blue Ridge B', '2021-02-16 17:57:02', NULL, NULL, NULL),
(576, 2, 'Leonard  Cris Sarzuelo', NULL, NULL, NULL, NULL, NULL, NULL, NULL, NULL, NULL, NULL, NULL, NULL, NULL, NULL, NULL, NULL, '', 'Barangay Blue Ridge B', '2021-02-16 18:27:11', NULL, NULL, NULL),
(577, 2, 'Kewal Chandnani', NULL, NULL, NULL, NULL, NULL, NULL, NULL, NULL, NULL, NULL, NULL, NULL, NULL, NULL, NULL, NULL, '', '3 PROMENADE LANE, BLUE RIDGE B', '2021-02-16 18:28:22', NULL, NULL, NULL),
(578, 2, 'Bonita Louides Mendoza', NULL, NULL, NULL, NULL, NULL, NULL, NULL, NULL, NULL, NULL, NULL, NULL, NULL, NULL, NULL, NULL, '', 'Barangay Blue Ridge B', '2021-02-16 18:29:51', NULL, NULL, NULL),
(579, 2, 'Aristhon Rolurin', NULL, NULL, NULL, NULL, NULL, NULL, NULL, NULL, NULL, NULL, NULL, NULL, NULL, NULL, NULL, NULL, '', 'Barangay Blue Ridge B', '2021-02-16 18:52:44', NULL, NULL, NULL),
(580, 2, 'Castaneda', NULL, NULL, NULL, NULL, NULL, NULL, NULL, NULL, NULL, NULL, NULL, NULL, NULL, NULL, NULL, NULL, '', '2 Starline Rd., Blue Ridge B, Q.C.', '2021-02-16 18:53:57', NULL, NULL, NULL),
(581, 2, 'Knowdalxponents iNC Corporation', NULL, NULL, NULL, NULL, NULL, NULL, NULL, NULL, NULL, NULL, NULL, NULL, NULL, NULL, NULL, NULL, '', 'Barangay Blue Ridge B', '2021-02-16 18:55:25', NULL, NULL, NULL),
(582, 2, 'Leander uy', NULL, NULL, NULL, NULL, NULL, NULL, NULL, NULL, NULL, NULL, NULL, NULL, NULL, NULL, NULL, NULL, '', 'Barangay BLue Ridge B', '2021-02-16 18:59:28', NULL, NULL, NULL),
(583, 2, 'Emond Gumabon', NULL, NULL, NULL, NULL, NULL, NULL, NULL, NULL, NULL, NULL, NULL, NULL, NULL, NULL, NULL, NULL, '', 'Barangay Blue Ridge B', '2021-02-16 19:01:48', NULL, NULL, NULL),
(584, 2, 'Larry Olarve', NULL, NULL, NULL, NULL, NULL, NULL, NULL, NULL, NULL, NULL, NULL, NULL, NULL, NULL, NULL, NULL, '', 'Riverview outside Blue Ridge B', '2021-02-16 19:09:46', NULL, NULL, NULL),
(585, 2, 'Allan Red', NULL, NULL, NULL, NULL, NULL, NULL, NULL, NULL, NULL, NULL, NULL, NULL, NULL, NULL, NULL, NULL, '', 'Riverview Outside Blue Ridge B', '2021-02-16 19:12:32', NULL, NULL, NULL),
(586, 2, 'Alamario Pagaddu Jr', NULL, NULL, NULL, NULL, NULL, NULL, NULL, NULL, NULL, NULL, NULL, NULL, NULL, NULL, NULL, NULL, '', '377-A BONI SERRANO AVE, BLUE RIDGE B,', '2021-02-16 19:15:16', NULL, NULL, NULL),
(587, 2, 'Golda Arjel Gagajena', NULL, NULL, NULL, NULL, NULL, NULL, NULL, NULL, NULL, NULL, NULL, NULL, NULL, NULL, NULL, NULL, '', '2 MILKYWAY LANE, BLUE RIDGE B', '2021-02-16 19:17:43', NULL, NULL, NULL),
(588, 2, 'Luzviminda Gabagat', NULL, NULL, NULL, NULL, NULL, NULL, NULL, NULL, NULL, NULL, NULL, NULL, NULL, NULL, NULL, NULL, '', '3 HILLSIDE LOOP, BLUE RIDGE B', '2021-02-16 19:19:22', NULL, NULL, NULL),
(589, 2, 'Joana Jane datuin', NULL, NULL, NULL, NULL, NULL, NULL, NULL, NULL, NULL, NULL, NULL, NULL, NULL, NULL, NULL, NULL, '', '377 BONNY SERRANO ROAD, BLUE RIDGE B', '2021-02-16 19:21:53', NULL, NULL, NULL),
(590, 2, 'Arlen Delos Santos', NULL, NULL, NULL, NULL, NULL, NULL, NULL, NULL, NULL, NULL, NULL, NULL, NULL, NULL, NULL, NULL, '', '383 BONNY SERRANO AVE, BLUE RIDGE B', '2021-02-16 19:24:50', NULL, NULL, NULL),
(591, 2, 'Olive Cruz', NULL, NULL, NULL, NULL, NULL, NULL, NULL, NULL, NULL, NULL, NULL, NULL, NULL, NULL, NULL, NULL, '', '1 HILLSIDE LANE, BLUE RIDGE B', '2021-02-16 19:26:23', NULL, NULL, NULL),
(592, 2, 'Adette Covarrubias', NULL, NULL, NULL, NULL, NULL, NULL, NULL, NULL, NULL, NULL, NULL, NULL, NULL, NULL, NULL, NULL, '', '1 COMETS LOOP, BLUE RIDGE B', '2021-02-16 19:27:19', NULL, NULL, NULL),
(593, 2, 'Earl John Tijing', NULL, NULL, NULL, NULL, NULL, NULL, NULL, NULL, NULL, NULL, NULL, NULL, NULL, NULL, NULL, NULL, '', 'Riverview Outside Blue Ridge B', '2021-02-16 19:29:03', NULL, NULL, NULL),
(594, 2, 'Hillarion Lacuna', NULL, NULL, NULL, NULL, NULL, NULL, NULL, NULL, NULL, NULL, NULL, NULL, NULL, NULL, NULL, NULL, '', '377 BONNY SERRANO ROAD, BLUE RIDGE B', '2021-02-16 19:41:45', NULL, NULL, NULL),
(595, 1, 'GLOBE TELECOM, INC.', NULL, NULL, NULL, NULL, NULL, NULL, NULL, NULL, NULL, NULL, NULL, NULL, NULL, NULL, NULL, NULL, '', 'Ali Mall, Cubao Quezon City', '2021-02-17 23:22:26', NULL, NULL, NULL),
(596, 1, 'Innove Communications, Inc.', NULL, NULL, NULL, NULL, NULL, NULL, NULL, NULL, NULL, NULL, NULL, NULL, NULL, NULL, NULL, NULL, '', 'Ali Mall, Cubao Quezon City', '2021-03-10 00:18:08', NULL, NULL, NULL),
(597, 1, 'ESPERANZA C. LEE', NULL, NULL, NULL, NULL, NULL, NULL, NULL, NULL, NULL, NULL, NULL, NULL, NULL, NULL, NULL, NULL, '', '5 Moonlight Loop, Barangay Blue Ridge B, Q.C.', '2021-03-10 17:52:23', NULL, NULL, NULL),
(598, 1, 'CB & G Office Supplies', NULL, NULL, NULL, NULL, NULL, NULL, NULL, NULL, NULL, NULL, NULL, NULL, NULL, NULL, NULL, NULL, '', 'Lot 12 Blk 1 Willow Street Ponte Verde Subdivision Cupang Antiipolo City 1800 Metro Manila', '2021-03-14 17:54:28', NULL, NULL, NULL),
(599, 1, 'mi', NULL, NULL, NULL, NULL, NULL, NULL, NULL, NULL, NULL, NULL, NULL, NULL, NULL, NULL, NULL, NULL, '', 'Michelle V. Meniano', '2021-03-14 23:34:16', NULL, NULL, NULL),
(600, 1, 'Carcon  Airconditioning', NULL, NULL, NULL, NULL, NULL, NULL, NULL, NULL, NULL, NULL, NULL, NULL, NULL, NULL, NULL, NULL, '', '39 E Abada St.Loyola height Quezon City', '2021-03-16 21:47:08', NULL, NULL, NULL),
(601, 1, 'AUGUSTO D. ILAGAN', NULL, NULL, NULL, NULL, NULL, NULL, NULL, NULL, NULL, NULL, NULL, NULL, NULL, NULL, NULL, NULL, '', '7 Promenade Lane, Blue Ridge B., Q.C.', '2021-03-17 00:41:43', NULL, NULL, NULL),
(602, 1, 'NORA BORDEOS', NULL, NULL, NULL, NULL, NULL, NULL, NULL, NULL, NULL, NULL, NULL, NULL, NULL, NULL, NULL, NULL, '', '#184 - Katipunan Rd, Blueridge, Project 4, Quezon City', '2021-03-21 18:17:27', NULL, NULL, NULL),
(603, 1, 'John Barry De Jesus', NULL, NULL, NULL, NULL, NULL, NULL, NULL, NULL, NULL, NULL, NULL, NULL, NULL, NULL, NULL, NULL, '', '2nd Floor Office Unit 2 Ciscor Bldg. Boni Serrano Cubao, Quezon City', '2021-03-21 21:54:21', NULL, NULL, NULL);

-- --------------------------------------------------------

--
-- Table structure for table `inventories`
--

CREATE TABLE `inventories` (
  `id` bigint(20) UNSIGNED NOT NULL,
  `inventory_name_id` bigint(20) UNSIGNED NOT NULL,
  `unit_id` bigint(20) UNSIGNED NOT NULL,
  `category_id` bigint(20) UNSIGNED NOT NULL,
  `quantity` decimal(14,3) NOT NULL,
  `unit_price` decimal(14,2) NOT NULL,
  `minimum_qty` decimal(14,2) DEFAULT NULL,
  `image` varchar(191) COLLATE utf8mb4_unicode_ci DEFAULT NULL,
  `remarks` varchar(191) COLLATE utf8mb4_unicode_ci DEFAULT NULL,
  `deleted_at` timestamp NULL DEFAULT NULL,
  `created_at` timestamp NULL DEFAULT NULL,
  `updated_at` timestamp NULL DEFAULT NULL,
  `created_by` bigint(20) UNSIGNED DEFAULT NULL
) ENGINE=InnoDB DEFAULT CHARSET=utf8mb4 COLLATE=utf8mb4_unicode_ci;

--
-- Dumping data for table `inventories`
--

INSERT INTO `inventories` (`id`, `inventory_name_id`, `unit_id`, `category_id`, `quantity`, `unit_price`, `minimum_qty`, `image`, `remarks`, `deleted_at`, `created_at`, `updated_at`, `created_by`) VALUES
(1, 1, 2, 3, '4.000', '2500.00', NULL, NULL, NULL, NULL, '2020-03-20 08:02:04', '2020-03-20 08:02:04', NULL),
(2, 2, 2, 3, '4.000', '2500.00', NULL, NULL, NULL, NULL, '2020-03-20 08:11:10', '2020-03-20 08:11:10', NULL),
(3, 14, 2, 1, '7.000', '9000.00', NULL, NULL, NULL, NULL, '2020-05-14 06:23:00', '2020-05-14 06:27:27', NULL),
(4, 19, 2, 1, '1.000', '10990.00', NULL, NULL, NULL, NULL, '2020-05-14 08:00:39', '2020-05-14 08:00:39', NULL),
(5, 15, 9, 12, '2.000', '66.00', NULL, NULL, NULL, NULL, '2020-05-14 08:08:25', '2020-05-14 08:08:25', NULL),
(6, 16, 2, 12, '6.000', '88.00', NULL, NULL, NULL, NULL, '2020-05-14 08:11:45', '2020-05-14 08:11:45', NULL),
(7, 17, 11, 12, '3.000', '235.00', NULL, NULL, NULL, NULL, '2020-05-14 08:11:45', '2020-05-14 08:11:45', NULL),
(8, 18, 1, 12, '1.000', '150.00', NULL, NULL, NULL, NULL, '2020-05-14 08:12:21', '2020-05-14 08:12:21', NULL),
(9, 38, 2, 3, '1.000', '30000.00', NULL, NULL, NULL, NULL, '2020-11-04 19:32:12', '2020-11-04 19:32:12', NULL),
(10, 39, 2, 3, '4.000', '2500.00', NULL, NULL, NULL, NULL, '2020-11-04 23:13:48', '2020-11-04 23:13:48', NULL),
(11, 41, 2, 18, '132.000', '1.00', NULL, NULL, NULL, NULL, '2021-01-06 20:22:48', '2021-01-06 20:22:48', NULL),
(12, 42, 2, 18, '940.000', '1.50', NULL, NULL, NULL, NULL, '2021-01-06 20:23:41', '2021-01-06 20:23:41', NULL),
(13, 43, 2, 18, '5.000', '28.00', NULL, NULL, NULL, NULL, '2021-01-06 20:24:21', '2021-01-06 20:24:21', NULL),
(14, 44, 2, 19, '1.000', '2000.00', NULL, NULL, NULL, NULL, '2021-01-07 22:07:07', '2021-01-07 22:07:07', NULL),
(15, 50, 2, 19, '120.000', '18.20', NULL, NULL, NULL, NULL, '2021-01-07 22:07:44', '2021-01-07 22:07:44', NULL),
(16, 45, 2, 19, '300.000', '3.35', NULL, NULL, NULL, NULL, '2021-01-07 22:09:15', '2021-01-07 22:09:15', NULL),
(17, 46, 2, 19, '300.000', '2.75', NULL, NULL, NULL, NULL, '2021-01-07 22:09:15', '2021-01-07 22:09:15', NULL),
(18, 47, 2, 19, '300.000', '2.00', NULL, NULL, NULL, NULL, '2021-01-07 22:09:15', '2021-01-07 22:09:15', NULL),
(19, 48, 2, 19, '300.000', '4.00', NULL, NULL, NULL, NULL, '2021-01-07 22:09:15', '2021-01-07 22:09:15', NULL),
(20, 49, 2, 19, '30.000', '18.00', NULL, NULL, NULL, NULL, '2021-01-07 22:09:15', '2021-01-07 22:09:15', NULL),
(21, 144, 2, 12, '4.000', '100.00', NULL, NULL, NULL, NULL, '2021-01-21 01:45:49', '2021-01-21 01:45:49', NULL),
(22, 145, 17, 12, '1.000', '1688.75', NULL, NULL, NULL, NULL, '2021-01-21 01:53:18', '2021-01-21 01:53:18', NULL),
(23, 146, 14, 13, '1.000', '45.00', NULL, NULL, NULL, NULL, '2021-01-21 02:00:05', '2021-01-21 02:00:05', NULL),
(24, 147, 2, 13, '1.000', '23.75', NULL, NULL, NULL, NULL, '2021-01-21 02:00:05', '2021-01-21 02:00:05', NULL),
(25, 148, 2, 13, '1.000', '0.00', NULL, NULL, NULL, NULL, '2021-01-21 02:00:06', '2021-01-21 02:00:06', NULL),
(26, 149, 2, 12, '1.000', '0.00', NULL, NULL, NULL, NULL, '2021-01-21 02:00:06', '2021-01-21 02:00:06', NULL),
(27, 138, 2, 26, '1.000', '30566.00', NULL, NULL, NULL, NULL, '2021-01-21 19:30:00', '2021-01-21 19:30:00', NULL),
(28, 124, 12, 21, '3.000', '16588.00', NULL, NULL, NULL, NULL, '2021-01-21 19:41:33', '2021-01-21 23:44:53', NULL),
(29, 111, 2, 19, '2.000', '5500.00', NULL, NULL, NULL, NULL, '2021-01-21 21:02:22', '2021-01-21 21:47:35', NULL),
(30, 150, 2, 21, '1.000', '4260.00', NULL, NULL, NULL, NULL, '2021-01-21 21:24:24', '2021-01-21 21:24:24', NULL),
(31, 151, 2, 21, '1.000', '7309.00', NULL, NULL, NULL, NULL, '2021-01-21 21:24:24', '2021-01-21 21:24:24', NULL),
(32, 152, 2, 21, '1.000', '4064.00', NULL, NULL, NULL, NULL, '2021-01-21 21:24:25', '2021-01-21 21:24:25', NULL),
(33, 153, 2, 21, '1.000', '5897.00', NULL, NULL, NULL, NULL, '2021-01-21 21:24:25', '2021-01-21 21:24:25', NULL),
(34, 154, 2, 21, '1.000', '4857.00', NULL, NULL, NULL, NULL, '2021-01-21 21:24:25', '2021-01-21 21:24:25', NULL),
(35, 155, 2, 21, '1.000', '4169.00', NULL, NULL, NULL, NULL, '2021-01-21 21:24:25', '2021-01-21 21:24:25', NULL),
(36, 112, 2, 19, '5.000', '668.00', NULL, NULL, NULL, NULL, '2021-01-21 21:51:17', '2021-01-21 21:51:17', NULL),
(37, 113, 2, 19, '5.000', '36.00', NULL, NULL, NULL, NULL, '2021-01-21 21:51:18', '2021-01-21 21:51:18', NULL),
(38, 114, 2, 19, '3.000', '36.00', NULL, NULL, NULL, NULL, '2021-01-21 21:51:18', '2021-01-21 21:51:18', NULL),
(39, 115, 2, 19, '3.000', '42.00', NULL, NULL, NULL, NULL, '2021-01-21 21:51:18', '2021-01-21 21:51:18', NULL),
(40, 116, 2, 19, '1.000', '28.00', NULL, NULL, NULL, NULL, '2021-01-21 21:51:18', '2021-01-21 21:51:18', NULL),
(41, 117, 2, 19, '1.000', '90.00', NULL, NULL, NULL, NULL, '2021-01-21 21:51:18', '2021-01-21 21:51:18', NULL),
(42, 118, 2, 19, '10.000', '32.75', NULL, NULL, NULL, NULL, '2021-01-21 21:51:18', '2021-01-21 21:51:18', NULL),
(43, 119, 2, 19, '30.000', '4.50', NULL, NULL, NULL, NULL, '2021-01-21 21:51:18', '2021-01-21 21:51:18', NULL),
(44, 120, 2, 19, '100.000', '5.00', NULL, NULL, NULL, NULL, '2021-01-21 21:51:18', '2021-01-21 21:51:18', NULL),
(45, 121, 2, 19, '2.000', '126.00', NULL, NULL, NULL, NULL, '2021-01-21 21:51:22', '2021-01-21 21:51:22', NULL),
(46, 122, 2, 19, '2.000', '124.00', NULL, NULL, NULL, NULL, '2021-01-21 21:51:22', '2021-01-21 21:51:22', NULL),
(47, 123, 2, 19, '1.000', '90.00', NULL, NULL, NULL, NULL, '2021-01-21 21:51:22', '2021-01-21 21:51:22', NULL),
(48, 179, 2, 27, '20.000', '250.00', NULL, NULL, NULL, NULL, '2021-01-25 21:16:03', '2021-01-25 21:16:03', NULL),
(49, 139, 2, 23, '4.000', '20.00', NULL, NULL, NULL, NULL, '2021-01-25 23:54:40', '2021-01-25 23:54:40', NULL),
(50, 140, 9, 23, '1.000', '2500.00', NULL, NULL, NULL, NULL, '2021-01-26 00:10:21', '2021-01-26 00:10:21', NULL),
(51, 143, 2, 23, '11.000', '19.00', NULL, NULL, NULL, NULL, '2021-01-26 00:16:04', '2021-01-26 00:16:04', NULL),
(52, 141, 2, 23, '1.000', '34.75', NULL, NULL, NULL, NULL, '2021-01-26 00:57:39', '2021-01-26 00:57:39', NULL),
(53, 142, 2, 23, '1.000', '44.75', NULL, NULL, NULL, NULL, '2021-01-26 00:57:40', '2021-01-26 00:57:40', NULL),
(54, 196, 2, 23, '4.000', '750.00', NULL, NULL, NULL, NULL, '2021-02-01 19:43:15', '2021-02-01 19:43:15', NULL),
(55, 197, 2, 23, '1.000', '400.00', NULL, NULL, NULL, NULL, '2021-02-01 19:44:12', '2021-02-01 19:44:12', NULL),
(56, 198, 2, 14, '160.000', '26.50', NULL, NULL, NULL, NULL, '2021-02-02 23:55:20', '2021-02-02 23:55:20', NULL),
(57, 199, 2, 2, '1.000', '350.00', NULL, NULL, NULL, NULL, '2021-02-02 23:55:20', '2021-02-02 23:55:20', NULL),
(58, 200, 2, 2, '1.000', '600.00', NULL, NULL, NULL, NULL, '2021-02-02 23:55:20', '2021-02-02 23:55:20', NULL),
(59, 231, 2, 23, '2.000', '4100.00', NULL, NULL, NULL, NULL, '2021-02-05 03:27:10', '2021-02-05 03:27:10', NULL),
(60, 232, 2, 23, '1.000', '10000.00', NULL, NULL, NULL, NULL, '2021-02-05 03:28:51', '2021-02-05 03:28:51', NULL),
(61, 180, 2, 29, '15.000', '200.00', NULL, NULL, NULL, NULL, '2021-02-16 17:05:40', '2021-02-16 17:05:40', NULL),
(62, 181, 2, 29, '10.000', '10.00', NULL, NULL, NULL, NULL, '2021-02-16 17:05:40', '2021-02-16 17:05:40', NULL),
(63, 182, 2, 29, '30.000', '10.00', NULL, NULL, NULL, NULL, '2021-02-16 17:05:40', '2021-02-16 17:05:40', NULL),
(64, 234, 7, 27, '10.000', '568.00', NULL, NULL, NULL, NULL, '2021-02-19 02:29:06', '2021-02-19 02:29:06', NULL),
(65, 290, 2, 8, '5.000', '100.00', NULL, NULL, NULL, NULL, '2021-02-26 18:04:48', '2021-03-21 20:01:28', NULL),
(66, 291, 2, 27, '1.000', '1383.00', NULL, NULL, NULL, NULL, '2021-03-02 20:41:08', '2021-03-02 20:41:08', NULL),
(67, 249, 2, 16, '1.000', '372.00', NULL, NULL, NULL, NULL, '2021-03-02 20:42:24', '2021-03-02 20:42:24', NULL),
(68, 292, 1, 27, '1.000', '350.00', NULL, NULL, NULL, NULL, '2021-03-02 20:43:42', '2021-03-02 20:43:42', NULL),
(69, 293, 7, 27, '12.000', '432.00', NULL, NULL, NULL, NULL, '2021-03-02 20:44:53', '2021-03-02 20:44:53', NULL),
(70, 301, 2, 27, '23.000', '3.25', NULL, NULL, NULL, NULL, '2021-03-04 00:38:56', '2021-03-04 00:38:56', NULL),
(71, 305, 2, 27, '28.000', '17.75', NULL, NULL, NULL, NULL, '2021-03-04 00:42:00', '2021-03-04 00:42:00', NULL),
(72, 233, 2, 30, '50.000', '40.00', NULL, NULL, NULL, NULL, '2021-03-07 19:17:48', '2021-03-07 19:17:48', NULL),
(73, 327, 2, 26, '1.000', '178.00', NULL, NULL, NULL, NULL, '2021-03-07 23:17:44', '2021-03-07 23:17:44', NULL),
(74, 328, 2, 26, '3.000', '114.00', NULL, NULL, NULL, NULL, '2021-03-07 23:20:36', '2021-03-07 23:20:36', NULL),
(75, 329, 15, 26, '1.000', '4627.82', NULL, NULL, NULL, NULL, '2021-03-07 23:21:45', '2021-03-07 23:21:45', NULL),
(76, 330, 2, 26, '3.000', '81.43', NULL, NULL, NULL, NULL, '2021-03-07 23:23:52', '2021-03-07 23:23:52', NULL),
(77, 331, 15, 26, '1.000', '1485.00', NULL, NULL, NULL, NULL, '2021-03-07 23:25:20', '2021-03-07 23:25:20', NULL),
(78, 332, 2, 26, '1.000', '59.00', NULL, NULL, NULL, NULL, '2021-03-07 23:26:48', '2021-03-07 23:26:48', NULL),
(79, 333, 2, 26, '4.000', '279.00', NULL, NULL, NULL, NULL, '2021-03-07 23:27:44', '2021-03-07 23:27:44', NULL),
(80, 334, 2, 26, '15.000', '10.00', NULL, NULL, NULL, NULL, '2021-03-07 23:29:20', '2021-03-07 23:29:20', NULL),
(81, 335, 15, 26, '1.000', '490.71', NULL, NULL, NULL, NULL, '2021-03-07 23:31:18', '2021-03-07 23:31:18', NULL),
(82, 336, 2, 26, '3.000', '40.00', NULL, NULL, NULL, NULL, '2021-03-07 23:33:22', '2021-03-07 23:33:22', NULL),
(83, 337, 2, 26, '3.000', '40.00', NULL, NULL, NULL, NULL, '2021-03-07 23:33:22', '2021-03-07 23:33:22', NULL),
(84, 338, 2, 26, '3.000', '30.00', NULL, NULL, NULL, NULL, '2021-03-07 23:33:23', '2021-03-07 23:33:23', NULL),
(85, 339, 2, 26, '10.000', '12.00', NULL, NULL, NULL, NULL, '2021-03-07 23:33:23', '2021-03-07 23:33:23', NULL),
(86, 340, 2, 26, '5.000', '60.00', NULL, NULL, NULL, NULL, '2021-03-07 23:33:23', '2021-03-07 23:33:23', NULL),
(87, 341, 2, 26, '4.000', '260.00', NULL, NULL, NULL, NULL, '2021-03-07 23:35:01', '2021-03-07 23:35:01', NULL),
(88, 342, 15, 26, '1.000', '339.43', NULL, NULL, NULL, NULL, '2021-03-07 23:36:11', '2021-03-07 23:36:11', NULL),
(89, 343, 15, 26, '1.000', '180.86', NULL, NULL, NULL, NULL, '2021-03-07 23:37:37', '2021-03-07 23:37:37', NULL),
(90, 344, 15, 26, '1.000', '1485.00', NULL, NULL, NULL, NULL, '2021-03-07 23:38:56', '2021-03-07 23:38:56', NULL),
(91, 345, 2, 25, '3.000', '260.00', NULL, NULL, NULL, NULL, '2021-03-07 23:40:17', '2021-03-07 23:40:17', NULL),
(92, 346, 2, 26, '1.000', '200.00', NULL, NULL, NULL, NULL, '2021-03-07 23:41:18', '2021-03-07 23:41:18', NULL),
(93, 347, 15, 26, '1.000', '1200.00', NULL, NULL, NULL, NULL, '2021-03-07 23:42:41', '2021-03-07 23:42:41', NULL),
(94, 362, 15, 16, '1.000', '22500.00', NULL, NULL, NULL, NULL, '2021-03-08 02:10:33', '2021-03-08 02:10:33', NULL),
(95, 313, 15, 26, '1.000', '410.00', NULL, NULL, NULL, NULL, '2021-03-09 16:11:34', '2021-03-09 16:11:34', NULL),
(96, 314, 15, 26, '1.000', '455.00', NULL, NULL, NULL, NULL, '2021-03-09 16:12:41', '2021-03-09 16:12:41', NULL),
(97, 363, 2, 25, '2.000', '165.00', NULL, NULL, NULL, NULL, '2021-03-09 18:10:40', '2021-03-09 18:10:40', NULL),
(98, 364, 2, 25, '2.000', '165.00', NULL, NULL, 'good condition', NULL, '2021-03-09 23:12:31', '2021-03-09 23:19:59', NULL),
(99, 307, 2, 8, '12.000', '150.00', NULL, NULL, NULL, NULL, '2021-03-10 01:19:37', '2021-03-10 01:19:37', NULL),
(100, 365, 2, 22, '1.000', '50.00', NULL, NULL, NULL, NULL, '2021-03-11 16:16:46', '2021-03-11 16:16:46', NULL),
(101, 366, 2, 22, '1.000', '40.00', NULL, NULL, NULL, NULL, '2021-03-11 16:17:44', '2021-03-11 16:17:44', NULL),
(102, 367, 2, 22, '1.000', '60.00', NULL, NULL, NULL, NULL, '2021-03-11 16:19:25', '2021-03-11 16:19:25', NULL),
(103, 379, 2, 29, '1.000', '177.00', NULL, NULL, NULL, NULL, '2021-03-11 23:28:03', '2021-03-11 23:28:03', NULL),
(104, 380, 3, 29, '1.000', '65.00', NULL, NULL, NULL, NULL, '2021-03-11 23:29:31', '2021-03-11 23:29:31', NULL),
(105, 398, 2, 30, '1.000', '2000.00', NULL, NULL, NULL, NULL, '2021-03-14 18:15:10', '2021-03-14 18:15:10', NULL),
(106, 399, 2, 27, '14.000', '2200.00', NULL, NULL, NULL, NULL, '2021-03-14 21:35:04', '2021-03-14 21:35:04', NULL),
(107, 407, 2, 12, '1.000', '25.00', NULL, NULL, NULL, NULL, '2021-03-15 00:11:20', '2021-03-15 00:11:20', NULL),
(108, 408, 2, 12, '1.000', '25.00', NULL, NULL, NULL, NULL, '2021-03-15 00:11:20', '2021-03-15 00:11:20', NULL),
(109, 409, 2, 12, '0.000', '492.00', NULL, NULL, NULL, NULL, '2021-03-15 00:11:20', '2021-03-15 00:11:20', NULL),
(110, 410, 2, 12, '1.000', '68.00', NULL, NULL, NULL, NULL, '2021-03-15 00:11:20', '2021-03-15 00:11:20', NULL),
(111, 411, 2, 12, '1.000', '39.00', NULL, NULL, NULL, NULL, '2021-03-15 00:11:20', '2021-03-15 00:11:20', NULL),
(112, 412, 2, 12, '1.000', '29.00', NULL, NULL, NULL, NULL, '2021-03-15 00:11:20', '2021-03-15 00:11:20', NULL),
(113, 413, 2, 12, '1.000', '24.75', NULL, NULL, NULL, NULL, '2021-03-15 00:11:20', '2021-03-15 00:11:20', NULL),
(114, 414, 2, 12, '1.000', '25.00', NULL, NULL, NULL, NULL, '2021-03-15 00:11:20', '2021-03-15 00:11:20', NULL),
(115, 415, 2, 13, '1.000', '54.00', NULL, NULL, NULL, NULL, '2021-03-15 00:11:20', '2021-03-15 00:11:20', NULL),
(116, 416, 2, 12, '1.000', '40.00', NULL, NULL, NULL, NULL, '2021-03-15 00:11:20', '2021-03-15 00:11:20', NULL),
(117, 417, 2, 29, '3.000', '350.00', NULL, NULL, NULL, NULL, '2021-03-16 18:34:42', '2021-03-16 18:34:42', NULL),
(118, 418, 2, 29, '2.000', '300.00', NULL, NULL, NULL, NULL, '2021-03-16 18:34:42', '2021-03-16 18:34:42', NULL),
(119, 419, 2, 29, '1.000', '389.00', NULL, NULL, NULL, NULL, '2021-03-16 18:34:42', '2021-03-16 18:34:42', NULL),
(120, 420, 2, 29, '2.000', '1995.00', NULL, NULL, NULL, NULL, '2021-03-16 18:34:43', '2021-03-16 18:34:43', NULL),
(121, 421, 2, 29, '2.000', '78.00', NULL, NULL, NULL, NULL, '2021-03-16 18:34:43', '2021-03-16 18:34:43', NULL),
(122, 422, 2, 29, '1.000', '78.00', NULL, NULL, NULL, NULL, '2021-03-16 18:34:43', '2021-03-16 18:34:43', NULL),
(123, 423, 2, 29, '2.000', '74.00', NULL, NULL, NULL, NULL, '2021-03-16 18:34:43', '2021-03-16 18:34:43', NULL),
(124, 424, 2, 29, '2.000', '127.00', NULL, NULL, NULL, NULL, '2021-03-16 18:34:43', '2021-03-16 18:34:43', NULL),
(125, 425, 2, 29, '2.000', '127.00', NULL, NULL, NULL, NULL, '2021-03-16 18:34:43', '2021-03-16 18:34:43', NULL),
(126, 426, 2, 29, '1.000', '1144.00', NULL, NULL, NULL, NULL, '2021-03-16 18:34:43', '2021-03-16 18:34:43', NULL),
(127, 427, 2, 23, '1.000', '850.00', NULL, NULL, NULL, NULL, '2021-03-16 22:03:52', '2021-03-16 22:03:52', NULL),
(128, 428, 2, 23, '1.000', '2500.00', NULL, NULL, NULL, NULL, '2021-03-16 22:03:52', '2021-03-16 22:03:52', NULL),
(129, 429, 2, 23, '1.000', '2500.00', NULL, NULL, NULL, NULL, '2021-03-16 22:03:52', '2021-03-16 22:03:52', NULL),
(130, 381, 7, 26, '7.000', '50.00', NULL, NULL, NULL, NULL, '2021-03-18 05:35:08', '2021-03-18 05:35:08', NULL),
(131, 382, 2, 26, '5.000', '260.00', NULL, NULL, NULL, NULL, '2021-03-18 05:37:12', '2021-03-18 05:37:12', NULL),
(132, 387, 15, 26, '2.000', '57.00', NULL, NULL, NULL, NULL, '2021-03-18 05:41:30', '2021-03-18 05:41:30', NULL),
(133, 389, 15, 26, '1.000', '452.43', NULL, NULL, NULL, NULL, '2021-03-18 05:45:25', '2021-03-18 05:45:25', NULL),
(134, 393, 17, 26, '1.000', '280.00', NULL, NULL, NULL, NULL, '2021-03-18 05:56:45', '2021-03-18 05:56:45', NULL),
(135, 397, 2, 26, '25.000', '157.00', NULL, NULL, NULL, NULL, '2021-03-18 06:10:06', '2021-03-18 06:10:06', NULL),
(136, 430, 2, 8, '1.000', '100.00', NULL, NULL, NULL, NULL, '2021-03-18 22:01:26', '2021-03-18 22:01:26', NULL),
(137, 431, 2, 8, '1.000', '100.00', NULL, NULL, NULL, NULL, '2021-03-18 22:01:26', '2021-03-18 22:01:26', NULL),
(138, 432, 13, 23, '1.000', '280.00', NULL, NULL, NULL, NULL, '2021-03-18 22:51:13', '2021-03-18 22:51:13', NULL),
(139, 433, 13, 23, '1.000', '60.00', NULL, NULL, NULL, NULL, '2021-03-18 22:51:13', '2021-03-18 22:51:13', NULL),
(140, 434, 13, 23, '1.000', '120.00', NULL, NULL, NULL, NULL, '2021-03-18 22:51:13', '2021-03-18 22:51:13', NULL),
(141, 435, 2, 23, '3.000', '10.00', NULL, NULL, NULL, NULL, '2021-03-18 22:51:13', '2021-03-18 22:51:13', NULL),
(142, 436, 13, 23, '1.000', '60.00', NULL, NULL, NULL, NULL, '2021-03-18 22:51:13', '2021-03-18 22:51:13', NULL),
(143, 437, 15, 17, '1.000', '800.00', NULL, NULL, NULL, NULL, '2021-03-18 22:52:18', '2021-03-18 22:52:18', NULL),
(144, 400, 2, 13, '1.000', '88.00', NULL, NULL, NULL, NULL, '2021-03-21 18:10:26', '2021-03-21 18:10:26', NULL),
(145, 401, 2, 13, '1.000', '99.00', NULL, NULL, NULL, NULL, '2021-03-21 18:10:26', '2021-03-21 18:10:26', NULL),
(146, 402, 2, 12, '1.000', '88.00', NULL, NULL, NULL, NULL, '2021-03-21 18:10:26', '2021-03-21 18:10:26', NULL),
(147, 403, 2, 12, '1.000', '66.00', NULL, NULL, NULL, NULL, '2021-03-21 18:10:26', '2021-03-21 18:10:26', NULL),
(148, 404, 2, 12, '1.000', '66.00', NULL, NULL, NULL, NULL, '2021-03-21 18:10:26', '2021-03-21 18:10:26', NULL),
(149, 405, 2, 13, '1.000', '99.00', NULL, NULL, NULL, NULL, '2021-03-21 18:10:27', '2021-03-21 18:10:27', NULL),
(150, 406, 2, 12, '1.000', '66.00', NULL, NULL, NULL, NULL, '2021-03-21 18:10:27', '2021-03-21 18:10:27', NULL),
(151, 383, 2, 26, '2.000', '10.00', NULL, NULL, NULL, NULL, '2021-03-21 18:45:41', '2021-03-21 18:45:41', NULL),
(152, 384, 2, 26, '5.000', '15.00', NULL, NULL, NULL, NULL, '2021-03-21 18:45:41', '2021-03-21 18:45:41', NULL),
(153, 385, 2, 26, '1.000', '15.00', NULL, NULL, NULL, NULL, '2021-03-21 18:45:42', '2021-03-21 18:45:42', NULL),
(154, 386, 2, 26, '4.000', '10.00', NULL, NULL, NULL, NULL, '2021-03-21 18:45:42', '2021-03-21 18:45:42', NULL),
(155, 447, 2, 8, '1.000', '900.00', NULL, NULL, NULL, NULL, '2021-03-21 20:01:28', '2021-03-21 20:01:28', NULL),
(156, 448, 2, 8, '1.000', '100.00', NULL, NULL, NULL, NULL, '2021-03-21 20:01:28', '2021-03-21 20:01:28', NULL),
(157, 449, 2, 30, '8.000', '1400.00', NULL, NULL, NULL, NULL, '2021-03-21 22:22:42', '2021-03-21 22:22:42', NULL),
(158, 524, 2, 19, '1.000', '1900.00', NULL, NULL, NULL, NULL, '2021-03-24 00:08:50', '2021-03-24 00:08:50', NULL),
(159, 525, 2, 19, '1.000', '113.25', NULL, NULL, NULL, NULL, '2021-03-24 00:08:50', '2021-03-24 00:08:50', NULL),
(160, 526, 2, 19, '15.000', '32.25', NULL, NULL, NULL, NULL, '2021-03-24 00:08:50', '2021-03-24 00:08:50', NULL),
(161, 527, 2, 19, '2.000', '275.00', NULL, NULL, NULL, NULL, '2021-03-24 00:09:23', '2021-03-24 00:09:23', NULL);

-- --------------------------------------------------------

--
-- Table structure for table `inventory_names`
--

CREATE TABLE `inventory_names` (
  `id` bigint(20) UNSIGNED NOT NULL,
  `description` varchar(191) COLLATE utf8mb4_unicode_ci NOT NULL,
  `category_id` bigint(20) UNSIGNED NOT NULL,
  `created_at` timestamp NULL DEFAULT NULL,
  `updated_at` timestamp NULL DEFAULT NULL,
  `deleted_at` timestamp NULL DEFAULT NULL,
  `created_by` bigint(20) UNSIGNED DEFAULT NULL
) ENGINE=InnoDB DEFAULT CHARSET=utf8mb4 COLLATE=utf8mb4_unicode_ci;

--
-- Dumping data for table `inventory_names`
--

INSERT INTO `inventory_names` (`id`, `description`, `category_id`, `created_at`, `updated_at`, `deleted_at`, `created_by`) VALUES
(1, 'Tarpaulin Tent', 3, '2020-03-20 07:21:25', '2020-03-20 07:21:25', NULL, NULL),
(2, 'Tarpaulin Tents', 3, '2020-03-20 08:11:10', '2020-03-20 08:11:10', NULL, NULL),
(3, 'Ceiling Mounted Exhaust Fan', 1, '2020-03-23 07:51:03', '2020-03-23 07:51:03', NULL, NULL),
(4, 'Wall Mounted Exhaus Fan', 1, '2020-03-23 07:51:03', '2020-03-23 07:51:03', NULL, NULL),
(5, 'Atty. Jose Floro P. Crisologo', 8, '2020-05-14 03:32:41', '2020-05-14 03:32:41', NULL, NULL),
(6, 'Atty. Jose Floro P. Crisologo', 8, '2020-05-14 03:32:41', '2020-05-14 03:32:41', NULL, NULL),
(7, 'Atty. Jay T. Boromeo', 8, '2020-05-14 03:32:41', '2020-05-14 03:32:41', NULL, NULL),
(8, 'Atty. Jay T. Boromeo', 8, '2020-05-14 03:32:41', '2020-05-14 03:32:41', NULL, NULL),
(9, 'Atty. Cecilio C. Lumantao', 8, '2020-05-14 03:32:41', '2020-05-14 03:32:41', NULL, NULL),
(10, 'Atty. Cecilio C. Lumantao', 8, '2020-05-14 03:32:41', '2020-05-14 03:32:41', NULL, NULL),
(11, 'Atty. Portia Flores Diesta', 8, '2020-05-14 03:32:41', '2020-05-14 03:32:41', NULL, NULL),
(12, 'Atty. Jose Floro P. Crisologo', 8, '2020-05-14 03:32:41', '2020-05-14 03:32:41', NULL, NULL),
(13, 'Atty. Cecilio C. Lumantao', 8, '2020-05-14 03:32:41', '2020-05-14 03:32:41', NULL, NULL),
(14, 'Vission', 1, '2020-05-14 06:23:00', '2020-05-14 06:27:27', NULL, NULL),
(15, 'WW003 Ribbon', 10, '2020-05-14 07:45:15', '2020-05-14 07:45:15', NULL, NULL),
(16, 'Folder arch file 3\" SM Blue long decora', 10, '2020-05-14 07:45:15', '2020-05-14 07:45:15', NULL, NULL),
(17, 'Copy Paper S-24 long Hard copy', 10, '2020-05-14 07:45:15', '2020-05-14 07:45:15', NULL, NULL),
(18, 'red padding Celex', 10, '2020-05-14 07:45:15', '2020-05-14 07:45:15', NULL, NULL),
(19, 'EPSON PRINTER', 1, '2020-05-14 07:50:28', '2020-05-14 07:50:28', NULL, NULL),
(20, 'Permit Fee', 1, '2020-05-21 02:03:24', '2020-05-21 02:03:24', NULL, NULL),
(21, 'Permit Fee', 1, '2020-05-21 02:03:24', '2020-05-21 02:03:24', NULL, NULL),
(22, 'Kyocera toner TK-4109 for TASKALFA 1800', 12, '2020-09-03 19:48:55', '2020-09-03 19:48:55', NULL, NULL),
(23, 'saging', 16, '2020-09-04 00:19:12', '2020-09-04 00:19:12', NULL, NULL),
(24, 'kangkong', 16, '2020-09-04 00:19:12', '2020-09-04 00:19:12', NULL, NULL),
(25, 'tanglad', 16, '2020-09-04 00:19:12', '2020-09-04 00:19:12', NULL, NULL),
(26, 'calamansi', 16, '2020-09-04 00:19:12', '2020-09-04 00:19:12', NULL, NULL),
(27, 'bawang', 16, '2020-09-04 00:19:12', '2020-09-04 00:19:12', NULL, NULL),
(28, 'luya', 16, '2020-09-04 00:19:12', '2020-09-04 00:19:12', NULL, NULL),
(29, 'lemon', 16, '2020-09-04 00:19:12', '2020-09-04 00:19:12', NULL, NULL),
(30, 'celery', 16, '2020-09-04 00:19:12', '2020-09-04 00:19:12', NULL, NULL),
(31, 'itlog', 16, '2020-09-04 00:19:13', '2020-09-04 00:19:13', NULL, NULL),
(32, 'pandesal', 16, '2020-09-04 00:19:13', '2020-09-04 00:19:13', NULL, NULL),
(33, 'meals', 16, '2020-09-04 00:19:13', '2020-09-04 00:19:13', NULL, NULL),
(34, 'meals', 16, '2020-09-04 00:19:13', '2020-09-04 00:19:13', NULL, NULL),
(35, 'empanada', 16, '2020-09-04 00:19:13', '2020-09-04 00:19:13', NULL, NULL),
(36, 'pandesal filled ham and cheese', 16, '2020-09-04 00:19:13', '2020-09-04 00:19:13', NULL, NULL),
(37, 'bell pepper', 16, '2020-09-04 00:19:13', '2020-09-04 00:19:13', NULL, NULL),
(38, 'mistblower-small', 3, '2020-11-04 19:21:34', '2020-11-04 19:21:34', NULL, NULL),
(39, 'tent', 3, '2020-11-04 23:13:48', '2020-11-04 23:13:48', NULL, NULL),
(40, 'Acoustic sound profing', 17, '2020-11-25 21:19:25', '2020-11-25 21:19:25', NULL, NULL),
(41, 'photocopying', 18, '2021-01-06 19:44:23', '2021-01-06 19:44:23', NULL, NULL),
(42, 'photocopying', 18, '2021-01-06 19:44:23', '2021-01-06 19:44:23', NULL, NULL),
(43, 'laminating for frontliner I.D.', 18, '2021-01-06 19:44:23', '2021-01-06 19:44:23', NULL, NULL),
(44, 'Medical Pulse Oxemeter', 19, '2021-01-07 19:59:06', '2021-01-07 19:59:06', NULL, NULL),
(45, 'Multi Vitamins', 19, '2021-01-07 19:59:06', '2021-01-07 19:59:06', NULL, NULL),
(46, 'metformine', 19, '2021-01-07 19:59:06', '2021-01-07 19:59:06', NULL, NULL),
(47, 'ascorbic acid', 19, '2021-01-07 19:59:06', '2021-01-07 19:59:06', NULL, NULL),
(48, 'amoxicillin', 19, '2021-01-07 19:59:06', '2021-01-07 19:59:06', NULL, NULL),
(49, 'Eperisone', 19, '2021-01-07 19:59:07', '2021-01-07 19:59:07', NULL, NULL),
(50, 'celecoxib', 19, '2021-01-07 19:59:07', '2021-01-07 19:59:07', NULL, NULL),
(51, 'MEDICAL PULSE OXEMETER', 19, '2021-01-10 17:16:38', '2021-01-10 17:16:38', NULL, NULL),
(52, 'CELECOXIB 200MG', 19, '2021-01-10 17:16:38', '2021-01-10 17:16:38', NULL, NULL),
(53, 'MULTI VITAMINS', 19, '2021-01-10 17:16:38', '2021-01-10 17:16:38', NULL, NULL),
(54, 'METFORMINE', 19, '2021-01-10 17:16:38', '2021-01-10 17:16:38', NULL, NULL),
(55, 'ASCORBIC ACID', 19, '2021-01-10 17:16:38', '2021-01-10 17:16:38', NULL, NULL),
(56, 'AMOXICILLIN', 19, '2021-01-10 17:16:38', '2021-01-10 17:16:38', NULL, NULL),
(57, 'EPERISONE', 19, '2021-01-10 17:16:39', '2021-01-10 17:16:39', NULL, NULL),
(58, 'cake', 16, '2021-01-13 01:30:26', '2021-01-13 01:30:26', NULL, NULL),
(59, 'sani care tissue', 16, '2021-01-13 01:30:26', '2021-01-13 01:30:26', NULL, NULL),
(60, 'famine tissue interfold', 16, '2021-01-13 01:30:26', '2021-01-13 01:30:26', NULL, NULL),
(61, 'triple delight cake', 16, '2021-01-13 01:30:26', '2021-01-13 01:30:26', NULL, NULL),
(62, 'parking fee', 20, '2021-01-13 01:30:26', '2021-01-13 01:30:26', NULL, NULL),
(63, 'meal', 16, '2021-01-13 01:30:26', '2021-01-13 01:30:26', NULL, NULL),
(64, 'meal', 16, '2021-01-13 01:30:26', '2021-01-13 01:30:26', NULL, NULL),
(65, 'tahong', 16, '2021-01-13 01:30:27', '2021-01-13 01:30:27', NULL, NULL),
(66, 'parking fee', 20, '2021-01-13 01:30:27', '2021-01-13 01:30:27', NULL, NULL),
(67, 'dahon', 16, '2021-01-13 01:30:27', '2021-01-13 01:30:27', NULL, NULL),
(68, 'fruits', 16, '2021-01-13 01:30:27', '2021-01-13 01:30:27', NULL, NULL),
(69, 'sili', 16, '2021-01-13 01:30:27', '2021-01-13 01:30:27', NULL, NULL),
(70, 'asukal', 17, '2021-01-13 01:30:27', '2021-01-13 01:30:27', NULL, NULL),
(71, 'tahong', 16, '2021-01-13 01:30:27', '2021-01-13 01:30:27', NULL, NULL),
(72, 'sibuyas', 16, '2021-01-13 01:30:27', '2021-01-13 01:30:27', NULL, NULL),
(73, 'pine apple', 16, '2021-01-13 01:30:27', '2021-01-13 01:30:27', NULL, NULL),
(74, 'lucky me noodles', 16, '2021-01-13 01:30:27', '2021-01-13 01:30:27', NULL, NULL),
(75, 'cobra', 16, '2021-01-13 01:30:27', '2021-01-13 01:30:27', NULL, NULL),
(76, 'C2', 16, '2021-01-13 01:30:27', '2021-01-13 01:30:27', NULL, NULL),
(77, 'royal', 16, '2021-01-13 01:30:27', '2021-01-13 01:30:27', NULL, NULL),
(78, 'sprite', 16, '2021-01-13 01:30:27', '2021-01-13 01:30:27', NULL, NULL),
(79, 'mineral water', 16, '2021-01-13 01:30:27', '2021-01-13 01:30:27', NULL, NULL),
(80, 'coke', 16, '2021-01-13 01:30:28', '2021-01-13 01:30:28', NULL, NULL),
(81, 'flakes', 16, '2021-01-13 01:57:12', '2021-01-13 01:57:12', NULL, NULL),
(82, 'cup cake', 16, '2021-01-13 01:57:12', '2021-01-13 01:57:12', NULL, NULL),
(83, 'choco topps', 16, '2021-01-13 01:57:12', '2021-01-13 01:57:12', NULL, NULL),
(84, 'fudge bar', 16, '2021-01-13 01:57:13', '2021-01-13 01:57:13', NULL, NULL),
(85, 'double mint', 16, '2021-01-13 01:57:13', '2021-01-13 01:57:13', NULL, NULL),
(86, 'coffee', 16, '2021-01-13 01:57:13', '2021-01-13 01:57:13', NULL, NULL),
(87, 'rootbeer', 16, '2021-01-13 01:57:13', '2021-01-13 01:57:13', NULL, NULL),
(88, 'mineral water', 16, '2021-01-13 01:57:13', '2021-01-13 01:57:13', NULL, NULL),
(89, 'Choco topps', 16, '2021-01-13 01:57:13', '2021-01-13 01:57:13', NULL, NULL),
(90, 'coke', 16, '2021-01-13 01:57:13', '2021-01-13 01:57:13', NULL, NULL),
(91, 'cheese cake', 16, '2021-01-13 01:57:13', '2021-01-13 01:57:13', NULL, NULL),
(92, 'royal', 16, '2021-01-13 01:57:13', '2021-01-13 01:57:13', NULL, NULL),
(93, 'sprite', 16, '2021-01-13 01:57:13', '2021-01-13 01:57:13', NULL, NULL),
(94, 'C2', 16, '2021-01-13 01:57:13', '2021-01-13 01:57:13', NULL, NULL),
(95, 'rebisco', 16, '2021-01-13 01:57:13', '2021-01-13 01:57:13', NULL, NULL),
(96, 'cream-O', 16, '2021-01-13 01:57:13', '2021-01-13 01:57:13', NULL, NULL),
(97, 'lava cake', 16, '2021-01-13 01:57:13', '2021-01-13 01:57:13', NULL, NULL),
(98, 'noodles', 16, '2021-01-13 17:15:12', '2021-01-13 17:15:12', NULL, NULL),
(99, 'noodles', 16, '2021-01-13 17:15:12', '2021-01-13 17:15:12', NULL, NULL),
(100, 'champorado', 16, '2021-01-13 17:15:12', '2021-01-13 17:15:12', NULL, NULL),
(101, 'cobra drink', 16, '2021-01-13 17:15:12', '2021-01-13 17:15:12', NULL, NULL),
(102, 'lava cake', 16, '2021-01-13 17:15:12', '2021-01-13 17:15:12', NULL, NULL),
(103, 'fudge bar', 16, '2021-01-13 17:15:12', '2021-01-13 17:15:12', NULL, NULL),
(104, 'coffee', 16, '2021-01-13 17:15:12', '2021-01-13 17:15:12', NULL, NULL),
(105, 'coke', 16, '2021-01-13 17:15:12', '2021-01-13 17:15:12', NULL, NULL),
(106, 'royal', 16, '2021-01-13 17:15:12', '2021-01-13 17:15:12', NULL, NULL),
(107, 'sprite', 16, '2021-01-13 17:15:12', '2021-01-13 17:15:12', NULL, NULL),
(108, 'mineral water', 16, '2021-01-13 17:15:12', '2021-01-13 17:15:12', NULL, NULL),
(109, 'mineral water', 16, '2021-01-13 17:15:12', '2021-01-13 17:15:12', NULL, NULL),
(110, 'fudge bar', 16, '2021-01-13 17:15:13', '2021-01-13 17:15:13', NULL, NULL),
(111, 'THERMAL SCANNER', 19, '2021-01-14 16:52:09', '2021-01-14 16:52:09', NULL, NULL),
(112, 'ONE TOUCH SELECT', 19, '2021-01-14 16:52:09', '2021-01-14 16:52:09', NULL, NULL),
(113, 'CATHULA IV 622', 19, '2021-01-14 16:52:09', '2021-01-14 16:52:09', NULL, NULL),
(114, 'CATHULA IV 620', 19, '2021-01-14 16:52:09', '2021-01-14 16:52:09', NULL, NULL),
(115, 'CATHULA IV 624', 19, '2021-01-14 16:52:09', '2021-01-14 16:52:09', NULL, NULL),
(116, 'SURU INDIA ADULT', 19, '2021-01-14 16:52:09', '2021-01-14 16:52:09', NULL, NULL),
(117, 'OVK NEB KIT ADULT', 19, '2021-01-14 16:52:09', '2021-01-14 16:52:09', NULL, NULL),
(118, 'MULTI VITAMINS', 19, '2021-01-14 16:52:09', '2021-01-14 16:52:09', NULL, NULL),
(119, 'MARFEU', 19, '2021-01-14 16:52:09', '2021-01-14 16:52:09', NULL, NULL),
(120, 'KARICON FTE', 19, '2021-01-14 16:52:09', '2021-01-14 16:52:09', NULL, NULL),
(121, 'EURO 0.9', 19, '2021-01-14 16:52:09', '2021-01-14 16:52:09', NULL, NULL),
(122, 'EURO LACT RP', 19, '2021-01-14 16:52:09', '2021-01-14 16:52:09', NULL, NULL),
(123, 'DR KELLY PEDIA KIT', 19, '2021-01-14 16:52:10', '2021-01-14 16:52:10', NULL, NULL),
(124, 'FOOD FOR BRGY STAFF AND ARMY', 21, '2021-01-14 18:22:36', '2021-01-14 18:22:36', NULL, NULL),
(125, 'PARKING', 22, '2021-01-14 20:46:49', '2021-01-14 20:46:49', NULL, NULL),
(126, 'FLAT TIRE', 23, '2021-01-14 20:46:49', '2021-01-14 20:46:49', NULL, NULL),
(127, 'TIRE', 23, '2021-01-14 20:46:49', '2021-01-14 20:46:49', NULL, NULL),
(128, 'GAS', 23, '2021-01-14 20:46:49', '2021-01-14 20:46:49', NULL, NULL),
(129, 'NOTARY', 24, '2021-01-14 20:46:49', '2021-01-14 20:46:49', NULL, NULL),
(130, 'NOTARY OF DOCUMENTS', 24, '2021-01-14 20:46:49', '2021-01-14 20:46:49', NULL, NULL),
(131, 'HOUSEHOLD V', 23, '2021-01-14 20:46:49', '2021-01-14 20:46:49', NULL, NULL),
(132, 'ECO BAG', 23, '2021-01-14 20:46:49', '2021-01-14 20:46:49', NULL, NULL),
(133, 'TAP 3X4', 24, '2021-01-14 20:46:49', '2021-01-14 20:46:49', NULL, NULL),
(134, 'notary', 24, '2021-01-14 20:50:48', '2021-01-14 20:50:48', NULL, NULL),
(135, 'PEBBLES', 25, '2021-01-17 17:55:47', '2021-01-17 17:55:47', NULL, NULL),
(136, 'PEANUT', 25, '2021-01-17 17:55:47', '2021-01-17 17:55:47', NULL, NULL),
(137, 'VETNAM ROX', 25, '2021-01-17 17:55:47', '2021-01-17 17:55:47', NULL, NULL),
(138, 'FOOD FOR BRGY STAFF', 26, '2021-01-17 19:39:21', '2021-01-17 19:39:21', NULL, NULL),
(139, 'Battery', 23, '2021-01-19 05:04:18', '2021-01-19 05:04:18', NULL, NULL),
(140, 'Electrical Feeder Line Installation', 23, '2021-01-19 05:04:18', '2021-01-19 05:04:18', NULL, NULL),
(141, 'Masking Tape', 23, '2021-01-19 05:04:18', '2021-01-19 05:04:18', NULL, NULL),
(142, 'Wolf Gear GI Wire', 23, '2021-01-19 05:04:18', '2021-01-19 05:04:18', NULL, NULL),
(143, 'Straw', 23, '2021-01-19 05:04:18', '2021-01-19 05:04:18', NULL, NULL),
(144, 'globe call card', 12, '2021-01-20 20:02:41', '2021-01-20 20:02:41', NULL, NULL),
(145, 'HDCY copy paper long', 12, '2021-01-20 20:02:41', '2021-01-20 20:02:41', NULL, NULL),
(146, 'elit sticker paper G', 13, '2021-01-20 20:02:41', '2021-01-20 20:02:41', NULL, NULL),
(147, 'FBCT ball point stick', 13, '2021-01-20 20:02:41', '2021-01-20 20:02:41', NULL, NULL),
(148, 'No. 3 plain Kraft bag', 13, '2021-01-20 20:02:41', '2021-01-20 20:02:41', NULL, NULL),
(149, 'No. 3 plain Kraft bag', 12, '2021-01-20 20:02:41', '2021-01-20 20:02:41', NULL, NULL),
(150, 'FOOD FOR BRGY STAFF', 21, '2021-01-21 19:31:54', '2021-01-21 19:31:54', NULL, NULL),
(151, 'FOOD FOR BRGY STAFF', 21, '2021-01-21 19:31:54', '2021-01-21 19:31:54', NULL, NULL),
(152, 'FOOD FOR BRGY STAFF', 21, '2021-01-21 19:31:54', '2021-01-21 19:31:54', NULL, NULL),
(153, 'FOOD FOR BRGY STAFF', 21, '2021-01-21 19:31:54', '2021-01-21 19:31:54', NULL, NULL),
(154, 'FOOD FOR BEGY STAFF', 21, '2021-01-21 19:31:54', '2021-01-21 19:31:54', NULL, NULL),
(155, 'FOOD FOR BRGY STAFF', 21, '2021-01-21 19:31:54', '2021-01-21 19:31:54', NULL, NULL),
(156, 'thermal scanner', 16, '2021-01-21 21:43:28', '2021-01-21 21:43:28', NULL, NULL),
(157, 'one touch select', 19, '2021-01-21 21:43:28', '2021-01-21 21:43:28', NULL, NULL),
(158, 'cathula IV 622', 19, '2021-01-21 21:43:28', '2021-01-21 21:43:28', NULL, NULL),
(159, 'cathula IV 620', 19, '2021-01-21 21:43:28', '2021-01-21 21:43:28', NULL, NULL),
(160, 'cathula IV 624', 19, '2021-01-21 21:43:28', '2021-01-21 21:43:28', NULL, NULL),
(161, 'Suru india adult', 19, '2021-01-21 21:43:28', '2021-01-21 21:43:28', NULL, NULL),
(162, 'Ovk nebkit adult', 19, '2021-01-21 21:43:29', '2021-01-21 21:43:29', NULL, NULL),
(163, 'multi neb', 19, '2021-01-21 21:43:29', '2021-01-21 21:43:29', NULL, NULL),
(164, 'marfeu', 19, '2021-01-21 21:43:29', '2021-01-21 21:43:29', NULL, NULL),
(165, 'karicon Fte', 19, '2021-01-21 21:43:29', '2021-01-21 21:43:29', NULL, NULL),
(166, 'euro 0.9', 19, '2021-01-21 21:43:29', '2021-01-21 21:43:29', NULL, NULL),
(167, 'euro lact rp', 19, '2021-01-21 21:43:29', '2021-01-21 21:43:29', NULL, NULL),
(168, 'Dr kelly pedia kit', 19, '2021-01-21 21:43:29', '2021-01-21 21:43:29', NULL, NULL),
(169, 'celecoxib 200mg', 19, '2021-01-22 01:25:50', '2021-01-22 01:25:50', NULL, NULL),
(170, 'Multi Vitamins', 19, '2021-01-22 01:25:50', '2021-01-22 01:25:50', NULL, NULL),
(171, 'mefenamic', 19, '2021-01-22 01:25:50', '2021-01-22 01:25:50', NULL, NULL),
(172, 'ascorbic acid', 19, '2021-01-22 01:25:50', '2021-01-22 01:25:50', NULL, NULL),
(173, 'amoxicillin', 19, '2021-01-22 01:25:50', '2021-01-22 01:25:50', NULL, NULL),
(174, 'eperisone', 19, '2021-01-22 01:25:50', '2021-01-22 01:25:50', NULL, NULL),
(175, 'MYREVIT CAPSULE', 27, '2021-01-25 17:57:02', '2021-01-25 17:57:02', NULL, NULL),
(176, 'CETIRIZINE', 27, '2021-01-25 17:57:02', '2021-01-25 17:57:02', NULL, NULL),
(177, 'CARBOCISTINE 500MG', 27, '2021-01-25 17:57:02', '2021-01-25 17:57:02', NULL, NULL),
(178, 'BUTANIRATE', 27, '2021-01-25 17:57:02', '2021-01-25 17:57:02', NULL, NULL),
(179, 'full face sheild', 27, '2021-01-25 18:15:55', '2021-01-25 18:15:55', NULL, NULL),
(180, 'Pebbles', 29, '2021-01-25 20:43:26', '2021-01-25 20:43:26', NULL, NULL),
(181, 'peanut', 29, '2021-01-25 20:43:26', '2021-01-25 20:43:26', NULL, NULL),
(182, 'Vetnum rox', 29, '2021-01-25 20:43:26', '2021-01-25 20:43:26', NULL, NULL),
(183, 'Thernal  Scanner', 27, '2021-01-25 21:46:27', '2021-01-25 21:46:27', NULL, NULL),
(184, 'One touch select', 27, '2021-01-25 21:46:27', '2021-01-25 21:46:27', NULL, NULL),
(185, 'Cathula iv 622', 27, '2021-01-25 21:46:27', '2021-01-25 21:46:27', NULL, NULL),
(186, 'Cathula iv 620', 27, '2021-01-25 21:46:27', '2021-01-25 21:46:27', NULL, NULL),
(187, 'Cathula iv 624', 27, '2021-01-25 21:46:27', '2021-01-25 21:46:27', NULL, NULL),
(188, 'Syru india adult', 27, '2021-01-25 21:46:27', '2021-01-25 21:46:27', NULL, NULL),
(189, 'OVK NEB KIT ADULT', 27, '2021-01-25 21:46:27', '2021-01-25 21:46:27', NULL, NULL),
(190, 'Multi Vitamins', 27, '2021-01-25 21:46:28', '2021-01-25 21:46:28', NULL, NULL),
(191, 'MARFEU', 27, '2021-01-25 21:46:28', '2021-01-25 21:46:28', NULL, NULL),
(192, 'revicon  forte', 27, '2021-01-25 21:46:28', '2021-01-25 21:46:28', NULL, NULL),
(193, 'Euro 0.9', 27, '2021-01-25 21:46:28', '2021-01-25 21:46:28', NULL, NULL),
(194, 'EURO LACT RP', 27, '2021-01-25 21:46:28', '2021-01-25 21:46:28', NULL, NULL),
(195, 'DR KELLY PEDIA KIT', 27, '2021-01-25 21:46:28', '2021-01-25 21:46:28', NULL, NULL),
(196, 'Mag Wheels', 23, '2021-02-01 17:49:23', '2021-02-01 17:49:23', NULL, NULL),
(197, 'N=2 Spacer /14', 23, '2021-02-01 17:49:23', '2021-02-01 17:49:23', NULL, NULL),
(198, 'Manila 30 x 30ck Design White', 14, '2021-02-02 22:05:26', '2021-02-02 22:05:26', NULL, NULL),
(199, 'Set of 2-12x16 Wall Mirror Marron', 2, '2021-02-02 22:05:26', '2021-02-02 22:05:26', NULL, NULL),
(200, 'Set of 2-12x36 Wall Mirror Natural', 2, '2021-02-02 22:05:26', '2021-02-02 22:05:26', NULL, NULL),
(201, 'FEMME BT 300SH 2PLY', 26, '2021-02-04 17:54:37', '2021-02-04 17:54:37', NULL, NULL),
(202, 'DATU PUTI PATIS 1000ML', 26, '2021-02-04 17:54:37', '2021-02-04 17:54:37', NULL, NULL),
(203, 'DM PINE SLICED', 26, '2021-02-04 17:54:37', '2021-02-04 17:54:37', NULL, NULL),
(204, 'DM PINE CHUNKS', 26, '2021-02-04 17:54:38', '2021-02-04 17:54:38', NULL, NULL),
(205, 'MAGGI MAGIC SARAP', 26, '2021-02-04 17:54:38', '2021-02-04 17:54:38', NULL, NULL),
(206, '3M SB HD ANTIBAC SCRUB', 26, '2021-02-04 17:54:38', '2021-02-04 17:54:38', NULL, NULL),
(207, '3M SB HD ANTIBAC SCRUB', 26, '2021-02-04 17:54:38', '2021-02-04 17:54:38', NULL, NULL),
(208, 'DATU SOY SCE 1000ML', 26, '2021-02-04 17:54:38', '2021-02-04 17:54:38', NULL, NULL),
(209, 'DATU PUTI VIN 1000ML', 26, '2021-02-04 17:54:38', '2021-02-04 17:54:38', NULL, NULL),
(210, 'JOY U KALAMANSI', 26, '2021-02-04 17:54:38', '2021-02-04 17:54:38', NULL, NULL),
(211, 'ALASKA EVAP 370', 26, '2021-02-04 17:54:38', '2021-02-04 17:54:38', NULL, NULL),
(212, 'ALASKA EVAP 370', 26, '2021-02-04 17:54:38', '2021-02-04 17:54:38', NULL, NULL),
(213, 'JOY U KALAMANSI', 26, '2021-02-04 17:54:38', '2021-02-04 17:54:38', NULL, NULL),
(214, 'RAM ELBOW MACARONI', 26, '2021-02-04 17:54:38', '2021-02-04 17:54:38', NULL, NULL),
(215, 'RAM ELBOW MACARONI', 26, '2021-02-04 17:54:38', '2021-02-04 17:54:38', NULL, NULL),
(216, 'CDO SESAME HD REG', 26, '2021-02-04 17:54:38', '2021-02-04 17:54:38', NULL, NULL),
(217, 'WATER', 26, '2021-02-04 17:54:39', '2021-02-04 17:54:39', NULL, NULL),
(218, 'COOKING OIL', 26, '2021-02-04 17:54:39', '2021-02-04 17:54:39', NULL, NULL),
(219, 'ALL PURPOSE FLR', 26, '2021-02-04 17:54:39', '2021-02-04 17:54:39', NULL, NULL),
(220, 'EDEN CHEESE', 26, '2021-02-04 17:54:39', '2021-02-04 17:54:39', NULL, NULL),
(221, 'GRDN US600 REG SLCE', 26, '2021-02-04 17:54:39', '2021-02-04 17:54:39', NULL, NULL),
(222, 'HEINZ TMTO KTCHP', 26, '2021-02-04 17:54:39', '2021-02-04 17:54:39', NULL, NULL),
(223, 'HERMANOBROWNSUGAR', 26, '2021-02-04 17:54:39', '2021-02-04 17:54:39', NULL, NULL),
(224, 'HRMANO RFND SUGAR', 26, '2021-02-04 17:54:39', '2021-02-04 17:54:39', NULL, NULL),
(225, 'JOLLY MSHRRM', 26, '2021-02-04 17:54:39', '2021-02-04 17:54:39', NULL, NULL),
(226, 'LUDYS PEANUT BUTTER', 26, '2021-02-04 17:54:39', '2021-02-04 17:54:39', NULL, NULL),
(227, 'NYOGI CCNUT WTR', 26, '2021-02-04 17:54:39', '2021-02-04 17:54:39', NULL, NULL),
(228, 'ROB PALMOIL', 26, '2021-02-04 17:54:39', '2021-02-04 17:54:39', NULL, NULL),
(229, 'SURF LEMON', 26, '2021-02-04 17:54:39', '2021-02-04 17:54:39', NULL, NULL),
(230, 'ZONROX LEMON', 26, '2021-02-04 17:54:39', '2021-02-04 17:54:39', NULL, NULL),
(231, '182 Rim A6ILIS', 23, '2021-02-04 21:04:28', '2021-02-04 21:04:28', NULL, NULL),
(232, 'Body Repair & Radiation Repair/ Oil Filter/ Temp-Sending Unit/Motor Oil', 23, '2021-02-04 21:04:28', '2021-02-04 21:04:28', NULL, NULL),
(233, 'Walis Ting-Ting', 30, '2021-02-10 00:31:06', '2021-02-10 00:31:06', NULL, NULL),
(234, 'Alcohol Supplies', 27, '2021-02-18 00:41:03', '2021-02-18 00:41:03', NULL, NULL),
(235, 'Tissue Roll (48Rolls/Bundle)', 27, '2021-02-18 00:41:03', '2021-02-18 00:41:03', NULL, NULL),
(236, 'Interfold Hand Towel (30packs/box)', 27, '2021-02-18 00:41:03', '2021-02-18 00:41:03', NULL, NULL),
(237, 'Food  for Staff', 26, '2021-02-21 17:58:24', '2021-02-21 17:58:24', NULL, NULL),
(238, 'Food for Staff', 26, '2021-02-21 17:58:24', '2021-02-21 17:58:24', NULL, NULL),
(239, 'Food for Staff', 26, '2021-02-21 17:58:24', '2021-02-21 17:58:24', NULL, NULL),
(240, 'Food for Staff', 26, '2021-02-21 17:58:24', '2021-02-21 17:58:24', NULL, NULL),
(241, 'Food for Staff', 26, '2021-02-21 17:58:24', '2021-02-21 17:58:24', NULL, NULL),
(242, 'Food for Staff', 26, '2021-02-21 17:58:25', '2021-02-21 17:58:25', NULL, NULL),
(243, 'food staff', 26, '2021-02-21 19:10:15', '2021-02-21 19:10:15', NULL, NULL),
(244, 'Food staff', 26, '2021-02-21 19:10:16', '2021-02-21 19:10:16', NULL, NULL),
(245, 'food staff', 26, '2021-02-21 19:10:16', '2021-02-21 19:10:16', NULL, NULL),
(246, 'food staff', 26, '2021-02-21 19:10:16', '2021-02-21 19:10:16', NULL, NULL),
(247, 'food staff', 26, '2021-02-21 19:10:16', '2021-02-21 19:10:16', NULL, NULL),
(248, 'Parking Fee', 22, '2021-02-21 21:46:27', '2021-02-21 21:46:27', NULL, NULL),
(249, 'Gas', 16, '2021-02-21 21:46:27', '2021-02-21 21:46:27', NULL, NULL),
(250, 'Notary', 8, '2021-02-21 21:46:27', '2021-02-21 21:46:27', NULL, NULL),
(251, 'Flat Tire', 23, '2021-02-21 21:46:27', '2021-02-21 21:46:27', NULL, NULL),
(252, 'Xir Nurve', 23, '2021-02-21 21:46:27', '2021-02-21 21:46:27', NULL, NULL),
(253, 'Notary', 8, '2021-02-21 21:46:27', '2021-02-21 21:46:27', NULL, NULL),
(254, 'Household', 12, '2021-02-21 21:46:27', '2021-02-21 21:46:27', NULL, NULL),
(255, 'Eco Bag', 12, '2021-02-21 21:46:27', '2021-02-21 21:46:27', NULL, NULL),
(256, 'Tap 3x4', 8, '2021-02-21 21:46:27', '2021-02-21 21:46:27', NULL, NULL),
(257, 'Notary', 8, '2021-02-21 21:46:27', '2021-02-21 21:46:27', NULL, NULL),
(258, 'FEMME BT 300SH', 26, '2021-02-23 18:24:49', '2021-02-23 18:24:49', NULL, NULL),
(259, 'DATU PUTI PATIS', 26, '2021-02-23 18:24:49', '2021-02-23 18:24:49', NULL, NULL),
(260, 'DM PINE SLICED', 26, '2021-02-23 18:24:49', '2021-02-23 18:24:49', NULL, NULL),
(261, 'DM PINE CHUNKS', 26, '2021-02-23 18:24:50', '2021-02-23 18:24:50', NULL, NULL),
(262, 'MAGGI MAGIC SARAP', 26, '2021-02-23 18:24:50', '2021-02-23 18:24:50', NULL, NULL),
(263, '3M SB HB ANTIBAC SCRUB SPON', 26, '2021-02-23 18:24:50', '2021-02-23 18:24:50', NULL, NULL),
(264, '3M SB HB ANTIBAC SCRUB SPON', 26, '2021-02-23 18:24:50', '2021-02-23 18:24:50', NULL, NULL),
(265, 'DATU SOY SCE', 26, '2021-02-23 18:24:50', '2021-02-23 18:24:50', NULL, NULL),
(266, 'DATU PUTI VIN', 26, '2021-02-23 18:24:50', '2021-02-23 18:24:50', NULL, NULL),
(267, 'JOY U KALAMANSI', 26, '2021-02-23 18:24:50', '2021-02-23 18:24:50', NULL, NULL),
(268, 'ALASKA EVAP', 26, '2021-02-23 18:24:50', '2021-02-23 18:24:50', NULL, NULL),
(269, 'ALASKA EVAP', 26, '2021-02-23 18:24:50', '2021-02-23 18:24:50', NULL, NULL),
(270, 'JOY U KALAMANSI', 26, '2021-02-23 18:24:50', '2021-02-23 18:24:50', NULL, NULL),
(271, 'RAM ELBOW MACARONI', 26, '2021-02-23 18:24:50', '2021-02-23 18:24:50', NULL, NULL),
(272, 'RAM ELBOW MACARONI', 26, '2021-02-23 18:24:50', '2021-02-23 18:24:50', NULL, NULL),
(273, 'CDO SESAME HD', 26, '2021-02-23 18:24:50', '2021-02-23 18:24:50', NULL, NULL),
(274, 'WATER', 26, '2021-02-23 18:24:50', '2021-02-23 18:24:50', NULL, NULL),
(275, 'COOKING OIL', 26, '2021-02-23 18:24:50', '2021-02-23 18:24:50', NULL, NULL),
(276, 'ALL PURPOSE FLR', 26, '2021-02-23 18:24:51', '2021-02-23 18:24:51', NULL, NULL),
(277, 'EDEN CHEESE', 26, '2021-02-23 18:24:51', '2021-02-23 18:24:51', NULL, NULL),
(278, 'GRDN', 26, '2021-02-23 18:24:51', '2021-02-23 18:24:51', NULL, NULL),
(279, 'HEINZ TMTO KETCHUP', 26, '2021-02-23 18:24:51', '2021-02-23 18:24:51', NULL, NULL),
(280, 'HERMANOBROWNSUGAR', 26, '2021-02-23 18:24:51', '2021-02-23 18:24:51', NULL, NULL),
(281, 'HRMANO RFND SUGAR', 26, '2021-02-23 18:24:51', '2021-02-23 18:24:51', NULL, NULL),
(282, 'JOLLY MSHRRM WHL', 26, '2021-02-23 18:24:51', '2021-02-23 18:24:51', NULL, NULL),
(283, 'LUDYS PEANUT BUTTER', 26, '2021-02-23 18:24:51', '2021-02-23 18:24:51', NULL, NULL),
(284, 'NYOGI CCONUT WTR', 26, '2021-02-23 18:24:51', '2021-02-23 18:24:51', NULL, NULL),
(285, 'ROB PALMOLIVE', 26, '2021-02-23 18:24:51', '2021-02-23 18:24:51', NULL, NULL),
(286, 'SEF DEL LEMON', 26, '2021-02-23 18:24:51', '2021-02-23 18:24:51', NULL, NULL),
(287, 'ZNROX LEMON', 26, '2021-02-23 18:24:51', '2021-02-23 18:24:51', NULL, NULL),
(288, 'Notary', 8, '2021-02-25 18:22:36', '2021-02-25 18:22:36', NULL, NULL),
(289, 'Notary', 8, '2021-02-25 18:22:36', '2021-02-25 18:22:36', NULL, NULL),
(290, 'Notary', 8, '2021-02-25 18:22:36', '2021-02-25 18:22:36', NULL, NULL),
(291, 'Rumulin R 10ml', 27, '2021-02-28 21:52:12', '2021-02-28 21:52:12', NULL, NULL),
(292, 'Super Kalan LPG', 27, '2021-02-28 21:52:12', '2021-02-28 21:52:12', NULL, NULL),
(293, 'Fresh Again Isoprophyl Alcohol', 27, '2021-02-28 21:52:12', '2021-02-28 21:52:12', NULL, NULL),
(294, 'Celoxib 200mg', 27, '2021-02-28 21:52:12', '2021-02-28 21:52:12', NULL, NULL),
(295, 'Mefenamic 500mg', 27, '2021-02-28 21:52:12', '2021-02-28 21:52:12', NULL, NULL),
(296, 'Underpads', 27, '2021-02-28 21:52:12', '2021-02-28 21:52:12', NULL, NULL),
(297, 'Gauze', 27, '2021-02-28 21:52:13', '2021-02-28 21:52:13', NULL, NULL),
(298, 'Surgical Gloves', 27, '2021-02-28 21:52:13', '2021-02-28 21:52:13', NULL, NULL),
(299, 'Springy 5cl (1)', 27, '2021-02-28 21:52:13', '2021-02-28 21:52:13', NULL, NULL),
(300, 'Hydrogen Peroxide', 27, '2021-02-28 21:52:13', '2021-02-28 21:52:13', NULL, NULL),
(301, 'Myrevit Capsule', 27, '2021-02-28 21:52:13', '2021-02-28 21:52:13', NULL, NULL),
(302, 'Zipplock', 27, '2021-02-28 21:52:13', '2021-02-28 21:52:13', NULL, NULL),
(303, 'Syringe', 27, '2021-02-28 21:52:13', '2021-02-28 21:52:13', NULL, NULL),
(304, 'Macroset', 27, '2021-02-28 21:52:13', '2021-02-28 21:52:13', NULL, NULL),
(305, 'Medaclox C-500mg', 27, '2021-02-28 21:52:13', '2021-02-28 21:52:13', NULL, NULL),
(306, 'Notary', 8, '2021-03-04 18:44:44', '2021-03-04 18:44:44', NULL, NULL),
(307, 'Notary', 8, '2021-03-04 18:44:44', '2021-03-04 18:44:44', NULL, NULL),
(308, 'Notary', 8, '2021-03-04 18:44:44', '2021-03-04 18:44:44', NULL, NULL),
(309, 'Notary', 8, '2021-03-04 18:44:44', '2021-03-04 18:44:44', NULL, NULL),
(310, 'Notary', 8, '2021-03-04 18:44:44', '2021-03-04 18:44:44', NULL, NULL),
(311, 'Notary', 8, '2021-03-04 18:44:44', '2021-03-04 18:44:44', NULL, NULL),
(312, 'courier services', 8, '2021-03-04 18:44:44', '2021-03-04 18:44:44', NULL, NULL),
(313, 'meals', 26, '2021-03-04 18:54:47', '2021-03-04 18:54:47', NULL, NULL),
(314, 'meals', 26, '2021-03-04 18:54:47', '2021-03-04 18:54:47', NULL, NULL),
(315, 'mantika', 26, '2021-03-04 18:54:47', '2021-03-04 18:54:47', NULL, NULL),
(316, 'fudgee bar', 26, '2021-03-04 18:54:47', '2021-03-04 18:54:47', NULL, NULL),
(317, 'pineapple juice', 26, '2021-03-04 18:54:47', '2021-03-04 18:54:47', NULL, NULL),
(318, 'royal', 26, '2021-03-04 18:54:47', '2021-03-04 18:54:47', NULL, NULL),
(319, 'knorr cube', 26, '2021-03-04 18:54:47', '2021-03-04 18:54:47', NULL, NULL),
(320, 'coke', 26, '2021-03-04 18:54:47', '2021-03-04 18:54:47', NULL, NULL),
(321, 'bagnet', 26, '2021-03-04 18:54:47', '2021-03-04 18:54:47', NULL, NULL),
(322, 'bicol express', 26, '2021-03-04 18:54:47', '2021-03-04 18:54:47', NULL, NULL),
(323, 'giniling', 26, '2021-03-04 18:54:47', '2021-03-04 18:54:47', NULL, NULL),
(324, 'mcdo cheese hamburger', 26, '2021-03-04 18:54:47', '2021-03-04 18:54:47', NULL, NULL),
(325, 'burger mcdo', 26, '2021-03-04 18:54:47', '2021-03-04 18:54:47', NULL, NULL),
(326, 'coffee float', 26, '2021-03-04 18:54:47', '2021-03-04 18:54:47', NULL, NULL),
(327, 'meal', 26, '2021-03-05 00:15:53', '2021-03-05 00:15:53', NULL, NULL),
(328, 'whooper jr meal', 26, '2021-03-05 00:15:53', '2021-03-05 00:15:53', NULL, NULL),
(329, 'meal', 26, '2021-03-05 00:15:53', '2021-03-05 00:15:53', NULL, NULL),
(330, 'whooper jr meal', 26, '2021-03-05 00:15:53', '2021-03-05 00:15:53', NULL, NULL),
(331, 'mcdo meal', 26, '2021-03-05 00:15:53', '2021-03-05 00:15:53', NULL, NULL),
(332, 'grab food', 26, '2021-03-05 00:15:53', '2021-03-05 00:15:53', NULL, NULL),
(333, 'andoks meal', 26, '2021-03-05 00:15:53', '2021-03-05 00:15:53', NULL, NULL),
(334, 'rice', 26, '2021-03-05 00:15:53', '2021-03-05 00:15:53', NULL, NULL),
(335, 'meal', 26, '2021-03-05 00:15:53', '2021-03-05 00:15:53', NULL, NULL),
(336, 'menudo', 26, '2021-03-05 00:15:53', '2021-03-05 00:15:53', NULL, NULL),
(337, 'igado', 26, '2021-03-05 00:15:53', '2021-03-05 00:15:53', NULL, NULL),
(338, 'laing', 26, '2021-03-05 00:15:54', '2021-03-05 00:15:54', NULL, NULL),
(339, 'rice', 26, '2021-03-05 00:15:54', '2021-03-05 00:15:54', NULL, NULL),
(340, 'bagnet', 26, '2021-03-05 00:15:54', '2021-03-05 00:15:54', NULL, NULL),
(341, 'chooks to go chicken', 26, '2021-03-05 00:15:54', '2021-03-05 00:15:54', NULL, NULL),
(342, 'mcdo', 26, '2021-03-05 00:15:54', '2021-03-05 00:15:54', NULL, NULL),
(343, 'mcdo', 26, '2021-03-05 00:15:54', '2021-03-05 00:15:54', NULL, NULL),
(344, 'mcdo', 26, '2021-03-05 00:15:54', '2021-03-05 00:15:54', NULL, NULL),
(345, 'roasted chicken', 25, '2021-03-05 00:15:54', '2021-03-05 00:15:54', NULL, NULL),
(346, 'liempo', 26, '2021-03-05 00:15:54', '2021-03-05 00:15:54', NULL, NULL),
(347, 'food', 26, '2021-03-05 00:15:54', '2021-03-05 00:15:54', NULL, NULL),
(348, 'Mineral Water', 21, '2021-03-05 02:53:09', '2021-03-05 02:53:09', NULL, NULL),
(349, 'Niyog', 21, '2021-03-05 02:53:09', '2021-03-05 02:53:09', NULL, NULL),
(350, 'Alamang', 21, '2021-03-05 02:53:09', '2021-03-05 02:53:09', NULL, NULL),
(351, 'Coke', 21, '2021-03-05 02:53:09', '2021-03-05 02:53:09', NULL, NULL),
(352, 'Mineral Water (small)', 21, '2021-03-05 02:53:09', '2021-03-05 02:53:09', NULL, NULL),
(353, 'Mineral Water (big)', 21, '2021-03-05 02:53:09', '2021-03-05 02:53:09', NULL, NULL),
(354, 'Sprite', 21, '2021-03-05 02:53:09', '2021-03-05 02:53:09', NULL, NULL),
(355, 'Crispy Fry', 21, '2021-03-05 02:53:10', '2021-03-05 02:53:10', NULL, NULL),
(356, 'Fudge Bar', 21, '2021-03-05 02:53:10', '2021-03-05 02:53:10', NULL, NULL),
(357, 'Royal', 21, '2021-03-05 02:53:10', '2021-03-05 02:53:10', NULL, NULL),
(358, 'Downy', 21, '2021-03-05 02:53:10', '2021-03-05 02:53:10', NULL, NULL),
(359, 'Lava', 21, '2021-03-05 02:53:10', '2021-03-05 02:53:10', NULL, NULL),
(360, 'Milo', 21, '2021-03-05 02:53:10', '2021-03-05 02:53:10', NULL, NULL),
(361, 'Baguio C-O', 21, '2021-03-05 02:53:10', '2021-03-05 02:53:10', NULL, NULL),
(362, 'Sound Proofing Accoustic Panel Board', 16, '2021-03-08 00:02:06', '2021-03-08 00:02:06', NULL, NULL),
(363, 'Garden trowel', 25, '2021-03-09 17:46:31', '2021-03-09 17:46:31', NULL, NULL),
(364, 'Garden trowel', 25, '2021-03-09 23:12:31', '2021-03-09 23:19:59', NULL, NULL),
(365, 'paking ticket', 22, '2021-03-09 23:46:25', '2021-03-09 23:46:25', NULL, NULL),
(366, 'parking ticket', 22, '2021-03-09 23:46:25', '2021-03-09 23:46:25', NULL, NULL),
(367, 'parking ticket', 22, '2021-03-09 23:46:25', '2021-03-09 23:46:25', NULL, NULL),
(368, 'parking ticket', 22, '2021-03-09 23:46:25', '2021-03-09 23:46:25', NULL, NULL),
(369, 'parking ticket', 22, '2021-03-09 23:46:25', '2021-03-09 23:46:25', NULL, NULL),
(370, 'parking ticket', 22, '2021-03-09 23:46:25', '2021-03-09 23:46:25', NULL, NULL),
(371, 'frames', 29, '2021-03-10 17:58:50', '2021-03-10 17:58:50', NULL, NULL),
(372, 'Lemon Yellow Paint', 23, '2021-03-11 20:13:32', '2021-03-11 20:13:32', NULL, NULL),
(373, 'Primer Grey', 23, '2021-03-11 20:13:32', '2021-03-11 20:13:32', NULL, NULL),
(374, 'K92 Top Coat', 23, '2021-03-11 20:13:33', '2021-03-11 20:13:33', NULL, NULL),
(375, 'Mash Tape 3/4', 23, '2021-03-11 20:13:33', '2021-03-11 20:13:33', NULL, NULL),
(376, 'Ass. S.P', 23, '2021-03-11 20:13:33', '2021-03-11 20:13:33', NULL, NULL),
(377, 'S.# 2000', 23, '2021-03-11 20:13:33', '2021-03-11 20:13:33', NULL, NULL),
(378, 'Prime Thinner', 23, '2021-03-11 20:13:33', '2021-03-11 20:13:33', NULL, NULL),
(379, 'Sando bag', 29, '2021-03-11 23:01:03', '2021-03-11 23:01:03', NULL, NULL),
(380, 'EVRDY BLK', 29, '2021-03-11 23:09:24', '2021-03-11 23:09:24', NULL, NULL),
(381, 'Mineral Water', 26, '2021-03-12 07:53:58', '2021-03-12 07:53:58', NULL, NULL),
(382, 'chooks to go chicken', 26, '2021-03-12 07:53:58', '2021-03-12 07:53:58', NULL, NULL),
(383, 'Lava Cake', 26, '2021-03-12 07:53:58', '2021-03-12 07:53:58', NULL, NULL),
(384, 'Royal', 26, '2021-03-12 07:53:58', '2021-03-12 07:53:58', NULL, NULL),
(385, 'Mineral Water', 26, '2021-03-12 07:53:58', '2021-03-12 07:53:58', NULL, NULL),
(386, 'Fudgee Bar', 26, '2021-03-12 07:53:58', '2021-03-12 07:53:58', NULL, NULL),
(387, 'Package Meals', 26, '2021-03-12 07:53:58', '2021-03-12 07:53:58', NULL, NULL),
(388, 'Package Meals', 26, '2021-03-12 07:53:59', '2021-03-12 07:53:59', NULL, NULL),
(389, 'Package Meals', 26, '2021-03-12 07:53:59', '2021-03-12 07:53:59', NULL, NULL),
(390, 'To-Garlic&Shrimp', 26, '2021-03-12 07:53:59', '2021-03-12 07:53:59', NULL, NULL),
(391, 'Halo-Halo', 26, '2021-03-12 07:53:59', '2021-03-12 07:53:59', NULL, NULL),
(392, 'Buko Shake', 26, '2021-03-12 07:53:59', '2021-03-12 07:53:59', NULL, NULL),
(393, 'Mineral Water', 26, '2021-03-12 07:53:59', '2021-03-12 07:53:59', NULL, NULL),
(394, 'Cooking Oil', 26, '2021-03-12 07:53:59', '2021-03-12 07:53:59', NULL, NULL),
(395, 'Datu Puti Vinegar', 26, '2021-03-12 07:53:59', '2021-03-12 07:53:59', NULL, NULL),
(396, 'Datu Puti Soy Sauce', 26, '2021-03-12 07:53:59', '2021-03-12 07:53:59', NULL, NULL),
(397, 'Food Order', 26, '2021-03-12 07:53:59', '2021-03-12 07:53:59', NULL, NULL),
(398, '48\" Floor Mop', 30, '2021-03-14 18:01:59', '2021-03-14 18:01:59', NULL, NULL),
(399, 'Touch Free Liquid Dispenser', 27, '2021-03-14 21:23:19', '2021-03-14 21:23:19', NULL, NULL),
(400, 'Puncher', 13, '2021-03-14 23:53:04', '2021-03-14 23:53:04', NULL, NULL),
(401, 'M25 White Earphone', 13, '2021-03-14 23:53:04', '2021-03-14 23:53:04', NULL, NULL),
(402, 'Tape Dispenser', 12, '2021-03-14 23:53:04', '2021-03-14 23:53:04', NULL, NULL),
(403, 'Scissors', 12, '2021-03-14 23:53:04', '2021-03-14 23:53:04', NULL, NULL),
(404, 'Clip', 12, '2021-03-14 23:53:04', '2021-03-14 23:53:04', NULL, NULL),
(405, 'Stationary Tray', 13, '2021-03-14 23:53:04', '2021-03-14 23:53:04', NULL, NULL),
(406, 'Clip', 12, '2021-03-14 23:53:04', '2021-03-14 23:53:04', NULL, NULL),
(407, 'Tape', 12, '2021-03-14 23:53:04', '2021-03-14 23:53:04', NULL, NULL),
(408, 'Tape', 12, '2021-03-14 23:53:05', '2021-03-14 23:53:05', NULL, NULL),
(409, 'Tape 24MM X 4', 12, '2021-03-14 23:53:05', '2021-03-14 23:53:05', NULL, NULL),
(410, 'Max Stapler  no.35 Hd', 12, '2021-03-14 23:53:05', '2021-03-14 23:53:05', NULL, NULL),
(411, 'Max Stapler Wire no.35', 12, '2021-03-14 23:53:05', '2021-03-14 23:53:05', NULL, NULL),
(412, '1H Sharpener', 12, '2021-03-14 23:53:05', '2021-03-14 23:53:05', NULL, NULL),
(413, 'Monggol Pencil with Eraser', 12, '2021-03-14 23:53:05', '2021-03-14 23:53:05', NULL, NULL),
(414, 'Monggol Eraser', 12, '2021-03-14 23:53:05', '2021-03-14 23:53:05', NULL, NULL),
(415, 'Clip Paper no.2', 13, '2021-03-14 23:53:05', '2021-03-14 23:53:05', NULL, NULL),
(416, 'Clip Paper no.5', 12, '2021-03-14 23:53:05', '2021-03-14 23:53:05', NULL, NULL),
(417, 'Clear Glass Vase Small 8 x 30', 29, '2021-03-16 18:16:00', '2021-03-16 18:16:00', NULL, NULL),
(418, 'Clear Glass Vase Smalll', 29, '2021-03-16 18:16:00', '2021-03-16 18:16:00', NULL, NULL),
(419, '16 W DL 6500K LED  Globe Bulb E27', 29, '2021-03-16 18:16:00', '2021-03-16 18:16:00', NULL, NULL),
(420, 'Digital Clock Asahi', 29, '2021-03-16 18:16:00', '2021-03-16 18:16:00', NULL, NULL),
(421, 'JC  SignFemale 3 X 6 Brown', 29, '2021-03-16 18:16:00', '2021-03-16 18:16:00', NULL, NULL),
(422, 'JC Sign Disable 3 x 6 Brown', 29, '2021-03-16 18:16:00', '2021-03-16 18:16:00', NULL, NULL),
(423, 'JC Sign Male 3 x 6 Brown', 29, '2021-03-16 18:16:01', '2021-03-16 18:16:01', NULL, NULL),
(424, 'JC 1101 Sign (Authorized Personnel Only)', 29, '2021-03-16 18:16:01', '2021-03-16 18:16:01', NULL, NULL),
(425, 'JC Sign ( This is a Smoking  Free Area)', 29, '2021-03-16 18:16:01', '2021-03-16 18:16:01', NULL, NULL),
(426, 'Full Motion TV Wall Mount Bracket', 29, '2021-03-16 18:16:01', '2021-03-16 18:16:01', NULL, NULL),
(427, 'Replace Hose', 23, '2021-03-16 21:55:28', '2021-03-16 21:55:28', NULL, NULL),
(428, 'Oil lick Test', 23, '2021-03-16 21:55:28', '2021-03-16 21:55:28', NULL, NULL),
(429, 'Condenser Welding Tube', 23, '2021-03-16 21:55:28', '2021-03-16 21:55:28', NULL, NULL),
(430, 'Notary', 8, '2021-03-18 21:54:16', '2021-03-18 21:54:16', NULL, NULL),
(431, 'Notary', 8, '2021-03-18 21:54:16', '2021-03-18 21:54:16', NULL, NULL),
(432, 'Lemon Yellow Paint', 23, '2021-03-18 22:23:51', '2021-03-18 22:23:51', NULL, NULL),
(433, 'U Thinner', 23, '2021-03-18 22:23:51', '2021-03-18 22:23:51', NULL, NULL),
(434, 'K92 Top Coat', 23, '2021-03-18 22:23:51', '2021-03-18 22:23:51', NULL, NULL),
(435, 'ASS S.P.', 23, '2021-03-18 22:23:51', '2021-03-18 22:23:51', NULL, NULL),
(436, 'Masilya', 23, '2021-03-18 22:23:51', '2021-03-18 22:23:51', NULL, NULL),
(437, 'Telephone Wire Installation', 17, '2021-03-18 22:23:51', '2021-03-18 22:23:51', NULL, NULL),
(438, 'fuse', 23, '2021-03-19 01:28:32', '2021-03-19 01:28:32', NULL, NULL),
(439, 'service fee', 23, '2021-03-19 01:28:32', '2021-03-19 01:28:32', NULL, NULL),
(440, 'front right wheel bearing', 23, '2021-03-19 01:28:32', '2021-03-19 01:28:32', NULL, NULL),
(441, 'press in/out wheel bearing', 23, '2021-03-19 01:28:32', '2021-03-19 01:28:32', NULL, NULL),
(442, 'relay bosch', 23, '2021-03-19 01:28:32', '2021-03-19 01:28:32', NULL, NULL),
(443, 'relay socket', 23, '2021-03-19 01:28:32', '2021-03-19 01:28:32', NULL, NULL),
(444, 'terminal (s)', 23, '2021-03-19 01:28:32', '2021-03-19 01:28:32', NULL, NULL),
(445, 'service electrical', 23, '2021-03-19 01:28:32', '2021-03-19 01:28:32', NULL, NULL),
(446, 'ignition contact circuit', 23, '2021-03-19 01:28:32', '2021-03-19 01:28:32', NULL, NULL),
(447, 'Notary', 8, '2021-03-21 19:53:34', '2021-03-21 19:53:34', NULL, NULL),
(448, 'Notary', 8, '2021-03-21 19:53:34', '2021-03-21 19:53:34', NULL, NULL),
(449, 'Disinfecting Mat with Tray', 30, '2021-03-21 21:58:27', '2021-03-21 21:58:27', NULL, NULL),
(450, '555 Plate', 12, '2021-03-22 01:03:24', '2021-03-22 01:03:24', NULL, NULL),
(451, 'XL Bucket', 12, '2021-03-22 01:03:24', '2021-03-22 01:03:24', NULL, NULL),
(452, 'C. barrel', 12, '2021-03-22 01:03:24', '2021-03-22 01:03:24', NULL, NULL),
(453, 'Legger #15', 12, '2021-03-22 01:03:24', '2021-03-22 01:03:24', NULL, NULL),
(454, 'Legger L', 12, '2021-03-22 01:03:24', '2021-03-22 01:03:24', NULL, NULL),
(455, 'Canister 802', 12, '2021-03-22 01:03:24', '2021-03-22 01:03:24', NULL, NULL),
(456, 'C.D Pan', 12, '2021-03-22 01:03:24', '2021-03-22 01:03:24', NULL, NULL),
(457, 'Cloth 10x', 12, '2021-03-22 01:03:24', '2021-03-22 01:03:24', NULL, NULL),
(458, 'Broom', 12, '2021-03-22 01:03:24', '2021-03-22 01:03:24', NULL, NULL),
(459, 'P.plate holder', 12, '2021-03-22 01:03:24', '2021-03-22 01:03:24', NULL, NULL),
(460, 'P.plate', 12, '2021-03-22 01:03:25', '2021-03-22 01:03:25', NULL, NULL),
(461, 'Fendel dip', 12, '2021-03-22 01:03:25', '2021-03-22 01:03:25', NULL, NULL),
(462, 'Bd sheet', 12, '2021-03-22 01:03:25', '2021-03-22 01:03:25', NULL, NULL),
(463, 'spayer', 12, '2021-03-22 01:03:25', '2021-03-22 01:03:25', NULL, NULL),
(464, '1a Kawale', 12, '2021-03-22 01:03:25', '2021-03-22 01:03:25', NULL, NULL),
(465, 'Caserola #26', 12, '2021-03-22 01:03:25', '2021-03-22 01:03:25', NULL, NULL),
(466, 'Caserola #32', 12, '2021-03-22 01:03:25', '2021-03-22 01:03:25', NULL, NULL),
(467, 'Laddel 5x5', 12, '2021-03-22 01:03:25', '2021-03-22 01:03:25', NULL, NULL),
(468, 'Canister 109.5', 12, '2021-03-22 01:03:25', '2021-03-22 01:03:25', NULL, NULL),
(469, 'C.38', 12, '2021-03-22 01:03:25', '2021-03-22 01:03:25', NULL, NULL),
(470, 'Dipper 688a', 12, '2021-03-22 01:03:25', '2021-03-22 01:03:25', NULL, NULL),
(471, 'K85 baso', 12, '2021-03-22 01:03:25', '2021-03-22 01:03:25', NULL, NULL),
(472, 'Strorage box 155 Liters', 12, '2021-03-22 01:03:25', '2021-03-22 01:03:25', NULL, NULL),
(473, 'Spoon', 12, '2021-03-22 01:03:25', '2021-03-22 01:03:25', NULL, NULL),
(474, 'spoon', 12, '2021-03-22 01:03:25', '2021-03-22 01:03:25', NULL, NULL),
(475, 'Feather dust', 13, '2021-03-22 01:03:25', '2021-03-22 01:03:25', NULL, NULL),
(476, 'Mc cormick Iodized salt', 12, '2021-03-22 01:03:25', '2021-03-22 01:03:25', NULL, NULL),
(477, 'Ambipur air lavander vanilla', 12, '2021-03-22 01:03:26', '2021-03-22 01:03:26', NULL, NULL),
(478, 'Joy concentrate kalamansi', 12, '2021-03-22 01:03:26', '2021-03-22 01:03:26', NULL, NULL),
(479, 'Lysol disinfectant spray', 12, '2021-03-22 01:03:26', '2021-03-22 01:03:26', NULL, NULL),
(480, 'Ambi pur premium clip car', 12, '2021-03-22 01:03:26', '2021-03-22 01:03:26', NULL, NULL),
(481, 'Kitchen knife', 13, '2021-03-22 01:03:26', '2021-03-22 01:03:26', NULL, NULL),
(482, 'Kitchen utensil', 12, '2021-03-22 01:03:26', '2021-03-22 01:03:26', NULL, NULL),
(483, 'Food clip', 12, '2021-03-22 01:03:26', '2021-03-22 01:03:26', NULL, NULL),
(484, 'Food clip', 12, '2021-03-22 01:03:26', '2021-03-22 01:03:26', NULL, NULL),
(485, 'Disposable gloves pack', 12, '2021-03-22 01:03:26', '2021-03-22 01:03:26', NULL, NULL),
(486, 'Scissors', 12, '2021-03-22 01:03:26', '2021-03-22 01:03:26', NULL, NULL),
(487, 'Ambipur car premium clip', 12, '2021-03-22 01:03:26', '2021-03-22 01:03:26', NULL, NULL),
(488, 'Kitchen knife', 12, '2021-03-22 01:03:26', '2021-03-22 01:03:26', NULL, NULL),
(489, 'Insulated gloves', 12, '2021-03-22 01:03:26', '2021-03-22 01:03:26', NULL, NULL),
(490, 'Pot pad heat proof gloves', 12, '2021-03-22 01:03:26', '2021-03-22 01:03:26', NULL, NULL),
(491, 'Car dust pan', 12, '2021-03-22 01:03:26', '2021-03-22 01:03:26', NULL, NULL),
(492, 'Bathroom toilet brush cleaner', 12, '2021-03-22 01:03:26', '2021-03-22 01:03:26', NULL, NULL),
(493, 'Ballpen holder', 12, '2021-03-22 01:03:26', '2021-03-22 01:03:26', NULL, NULL),
(494, 'Kitchen strainer', 12, '2021-03-22 01:03:27', '2021-03-22 01:03:27', NULL, NULL),
(495, 'Edison garbage roll bag small', 12, '2021-03-22 01:03:27', '2021-03-22 01:03:27', NULL, NULL),
(496, 'Kitchen towel', 12, '2021-03-22 01:03:27', '2021-03-22 01:03:27', NULL, NULL),
(497, 'Kitchen towel', 12, '2021-03-22 01:03:27', '2021-03-22 01:03:27', NULL, NULL),
(498, 'Edisongarbage bag small', 12, '2021-03-22 01:03:27', '2021-03-22 01:03:27', NULL, NULL),
(499, 'Tide wit downy garden bloom', 12, '2021-03-22 01:03:27', '2021-03-22 01:03:27', NULL, NULL),
(500, 'Datu puti white vinegar', 26, '2021-03-22 01:03:27', '2021-03-22 01:03:27', NULL, NULL),
(501, 'Datu puti patis', 26, '2021-03-22 01:03:27', '2021-03-22 01:03:27', NULL, NULL),
(502, 'Datu puti soy sauce', 26, '2021-03-22 01:03:27', '2021-03-22 01:03:27', NULL, NULL),
(503, 'Datu puti spiced vinegar', 26, '2021-03-22 01:03:27', '2021-03-22 01:03:27', NULL, NULL),
(504, 'Tolly bathroom tissue', 26, '2021-03-22 01:03:27', '2021-03-22 01:03:27', NULL, NULL),
(505, 'bagger', 12, '2021-03-22 01:03:27', '2021-03-22 01:03:27', NULL, NULL),
(506, 'Halo halo', 26, '2021-03-22 01:03:27', '2021-03-22 01:03:27', NULL, NULL),
(507, 'Petcho with rice', 26, '2021-03-22 01:03:27', '2021-03-22 01:03:27', NULL, NULL),
(508, 'Uno stack', 12, '2021-03-22 01:03:27', '2021-03-22 01:03:27', NULL, NULL),
(509, 'Jennga', 12, '2021-03-22 01:03:27', '2021-03-22 01:03:27', NULL, NULL),
(510, 'Chessboard', 12, '2021-03-22 01:03:27', '2021-03-22 01:03:27', NULL, NULL),
(511, 'Scrabble 2', 13, '2021-03-22 01:03:27', '2021-03-22 01:03:27', NULL, NULL),
(512, 'Scrabble', 12, '2021-03-22 01:03:27', '2021-03-22 01:03:27', NULL, NULL),
(513, 'Nc toy UNO', 12, '2021-03-22 01:03:27', '2021-03-22 01:03:27', NULL, NULL),
(514, 'Automizer', 12, '2021-03-22 01:03:28', '2021-03-22 01:03:28', NULL, NULL),
(515, 'Lotion g', 12, '2021-03-22 01:03:28', '2021-03-22 01:03:28', NULL, NULL),
(516, 'Eco bag', 12, '2021-03-22 01:03:28', '2021-03-22 01:03:28', NULL, NULL),
(517, 'Tray', 12, '2021-03-22 01:03:28', '2021-03-22 01:03:28', NULL, NULL),
(518, 'M trey 316', 13, '2021-03-22 01:03:28', '2021-03-22 01:03:28', NULL, NULL),
(519, 'Mc goggles', 12, '2021-03-22 01:03:28', '2021-03-22 01:03:28', NULL, NULL),
(520, 'Magazine rack', 12, '2021-03-22 01:03:28', '2021-03-22 01:03:28', NULL, NULL),
(521, 'Old fashion salt pepper', 12, '2021-03-22 01:03:28', '2021-03-22 01:03:28', NULL, NULL),
(522, 'Lithium coin', 12, '2021-03-22 01:03:28', '2021-03-22 01:03:28', NULL, NULL),
(523, 'Lysol Disenfectant', 8, '2021-03-22 01:03:28', '2021-03-22 01:03:28', NULL, NULL),
(524, 'Apidra 100u 10 ml', 19, '2021-03-24 00:01:37', '2021-03-24 00:01:37', NULL, NULL),
(525, 'B-D UF 3Ig 1 ml 10s\'', 19, '2021-03-24 00:01:37', '2021-03-24 00:01:37', NULL, NULL),
(526, 'Catapress 75 mg tab', 19, '2021-03-24 00:01:37', '2021-03-24 00:01:37', NULL, NULL),
(527, 'Mcbride', 19, '2021-03-24 00:01:37', '2021-03-24 00:01:37', NULL, NULL);

-- --------------------------------------------------------

--
-- Table structure for table `inventory_statuses`
--

CREATE TABLE `inventory_statuses` (
  `id` bigint(20) UNSIGNED NOT NULL,
  `status_name` varchar(191) COLLATE utf8mb4_unicode_ci NOT NULL,
  `status_type` varchar(191) COLLATE utf8mb4_unicode_ci NOT NULL,
  `notes` varchar(191) COLLATE utf8mb4_unicode_ci DEFAULT NULL,
  `created_at` timestamp NULL DEFAULT NULL,
  `updated_at` timestamp NULL DEFAULT NULL,
  `deleted_at` timestamp NULL DEFAULT NULL,
  `created_by` bigint(20) UNSIGNED DEFAULT NULL
) ENGINE=InnoDB DEFAULT CHARSET=utf8mb4 COLLATE=utf8mb4_unicode_ci;

--
-- Dumping data for table `inventory_statuses`
--

INSERT INTO `inventory_statuses` (`id`, `status_name`, `status_type`, `notes`, `created_at`, `updated_at`, `deleted_at`, `created_by`) VALUES
(1, 'In Stock', '2', 'These Assets are in good condition and ready to use.', NULL, NULL, NULL, NULL),
(2, 'Assigned / In good condition', '1', 'These Assets are already assigned to a person.', NULL, NULL, NULL, NULL),
(3, 'Missing', '3', 'These assets is not to found.', NULL, NULL, NULL, NULL),
(4, 'Disposed', '3', 'These Assets are disposed.', NULL, NULL, NULL, NULL),
(5, 'For Disposal', '3', 'These Assets are for disposal.', NULL, NULL, NULL, NULL),
(6, 'Donated', '3', 'These Assets are Donated.', NULL, NULL, NULL, NULL),
(7, 'Assigned / Defective', '1', 'These Assets are Assign to a person but defective.', NULL, NULL, NULL, NULL),
(8, 'For Repair', '3', 'This Asset is for repair.', NULL, NULL, NULL, NULL);

-- --------------------------------------------------------

--
-- Table structure for table `invoices`
--

CREATE TABLE `invoices` (
  `id` bigint(20) UNSIGNED NOT NULL,
  `payee_id` bigint(20) UNSIGNED NOT NULL,
  `ledger_id` bigint(20) UNSIGNED NOT NULL,
  `collection_nature` varchar(191) COLLATE utf8mb4_unicode_ci NOT NULL,
  `or_number` varchar(191) COLLATE utf8mb4_unicode_ci NOT NULL,
  `invoice_date` date NOT NULL,
  `due_date` date DEFAULT NULL,
  `created_at` timestamp NULL DEFAULT NULL,
  `updated_at` timestamp NULL DEFAULT NULL,
  `deleted_at` timestamp NULL DEFAULT NULL,
  `created_by` bigint(20) UNSIGNED DEFAULT NULL
) ENGINE=InnoDB DEFAULT CHARSET=utf8mb4 COLLATE=utf8mb4_unicode_ci;

--
-- Dumping data for table `invoices`
--

INSERT INTO `invoices` (`id`, `payee_id`, `ledger_id`, `collection_nature`, `or_number`, `invoice_date`, `due_date`, `created_at`, `updated_at`, `deleted_at`, `created_by`) VALUES
(1, 5, 5, 'Court Rental', '9107743', '2020-01-02', '2020-01-03', '2020-03-20 08:30:35', '2020-03-20 08:34:01', '2020-05-15 07:07:43', NULL),
(2, 8, 5, 'Utility Clearance', '9759226', '2020-05-01', '2020-05-31', '2020-05-14 05:30:16', NULL, '2020-05-15 07:12:50', NULL),
(3, 9, 5, 'Utility Clearance', '9759227', '2020-05-02', '2020-05-31', '2020-05-14 05:31:04', NULL, '2020-05-15 07:13:30', NULL),
(4, 10, 5, 'refund for Hazard Pay', '9759228', '2020-05-08', '2020-05-31', '2020-05-14 05:32:44', NULL, '2020-05-15 07:13:05', NULL),
(5, 5, 5, 'Court Rental', '9107743', '2020-01-02', '2020-01-31', '2020-05-15 07:15:06', NULL, NULL, NULL),
(6, 14, 5, 'Delivery Fee', '9107744', '2020-01-02', '2020-01-31', '2020-05-15 07:16:27', NULL, NULL, NULL),
(7, 15, 5, 'Delivery Fee', '9107745', '2020-01-02', '2020-01-31', '2020-05-15 07:17:18', NULL, NULL, NULL),
(8, 16, 5, 'Delivery Fee', '9107746', '2020-01-02', '2020-01-31', '2020-05-15 07:18:19', NULL, NULL, NULL),
(9, 17, 5, 'Brgy. Clearance', '9107747', '2020-01-02', '2020-01-31', '2020-05-15 07:19:57', NULL, NULL, NULL),
(10, 18, 5, 'Brgy. Clearance', '9107748', '2020-01-02', '2020-01-31', '2020-05-15 07:21:00', NULL, NULL, NULL),
(11, 14, 5, 'Delivery Fee', '9107749', '2020-01-01', '0202-01-31', '2020-05-15 07:21:58', NULL, NULL, NULL),
(12, 19, 5, 'Court Rental', '9107750', '2020-01-02', '0202-01-31', '2020-05-15 07:23:10', NULL, NULL, NULL),
(13, 20, 5, 'Delivery Fee', '9370201', '2020-01-06', '2020-01-31', '2020-05-15 07:25:07', NULL, NULL, NULL),
(14, 21, 5, 'Utility Clearance', '9370202', '2020-01-06', '2020-01-31', '2020-05-15 07:26:20', NULL, NULL, NULL),
(15, 22, 5, 'Court Rental', '9370203', '2020-01-06', '2020-01-31', '2020-05-15 07:57:42', NULL, NULL, NULL),
(16, 23, 5, 'Court Rental', '9370204', '2020-01-06', '2020-01-31', '2020-05-15 07:59:11', NULL, NULL, NULL),
(17, 24, 5, 'Court Rental', '9370205', '2020-01-06', '2020-01-31', '2020-05-15 08:00:34', NULL, NULL, NULL),
(18, 24, 5, 'Court Rental', '9370206', '2020-01-31', '2020-01-31', '2020-05-15 08:01:16', NULL, NULL, NULL),
(19, 24, 5, 'Court Rental', '9370207', '2020-01-06', '2020-01-31', '2020-05-15 08:02:33', NULL, NULL, NULL),
(20, 25, 5, 'Delivery Fee', '9370208', '2020-01-06', '2020-01-31', '2020-05-15 08:04:03', NULL, NULL, NULL),
(21, 25, 5, 'Delivery Fee', '9370209', '2020-01-06', '2020-01-31', '2020-05-15 08:05:40', NULL, NULL, NULL),
(22, 26, 5, 'Court Rental', '9370210', '2020-01-06', '2020-01-31', '2020-05-15 08:07:24', NULL, NULL, NULL),
(23, 27, 5, 'Court Rental', '9370211', '2020-01-06', '2020-01-31', '2020-05-15 08:08:29', NULL, NULL, NULL),
(24, 28, 5, 'Court Renta', '9370212', '2020-01-06', '2020-01-31', '2020-05-15 08:10:58', NULL, NULL, NULL),
(25, 25, 5, 'Utility Clearance', '9370213', '2020-01-06', '2020-01-31', '2020-05-15 08:12:43', NULL, NULL, NULL),
(26, 29, 5, 'Delivery Fee', '9370214', '2020-01-07', '2020-01-31', '2020-05-15 08:13:59', NULL, NULL, NULL),
(27, 29, 5, 'Delivery Fee', '9370215', '2020-01-07', '2020-01-31', '2020-05-15 08:15:12', NULL, NULL, NULL),
(28, 29, 5, 'Delivery Fee', '9370216', '2020-01-07', '2020-01-31', '2020-05-15 08:16:21', NULL, NULL, NULL),
(29, 30, 5, 'Delivery Fee', '9370217', '2020-01-07', '2020-01-31', '2020-05-15 08:17:59', NULL, NULL, NULL),
(30, 31, 5, 'Business Clearance', '9370218', '2020-01-07', '2020-01-31', '2020-05-15 08:23:45', NULL, NULL, NULL),
(31, 32, 2, 'Business Clearance', '9370219', '2020-01-07', '2020-01-31', '2020-05-15 08:28:04', NULL, NULL, NULL),
(32, 33, 5, 'Brgy. Clearance', '9370220', '2020-01-07', '2020-01-31', '2020-05-15 08:30:02', NULL, NULL, NULL),
(33, 14, 5, 'Delivery Fee', '9370221', '2020-01-08', '2020-01-31', '2020-05-15 08:38:17', NULL, NULL, NULL),
(34, 14, 5, 'Delivery Fee', '9370222', '2020-01-08', '2020-01-31', '2020-05-15 08:40:36', NULL, NULL, NULL),
(35, 31, 2, 'Business Clearance', '9370223', '2020-01-08', '2020-01-31', '2020-05-15 08:45:53', NULL, NULL, NULL),
(36, 34, 2, 'Business Clearance', '9370224', '2020-01-08', '2020-01-31', '2020-05-15 08:48:27', NULL, NULL, NULL),
(37, 35, 2, 'Business Clearance', '9370225', '2020-01-08', '2020-01-31', '2020-05-15 08:49:52', NULL, NULL, NULL),
(38, 36, 2, 'Business Clearance', '9370226', '2020-01-08', '2020-01-31', '2020-05-15 08:54:40', NULL, NULL, NULL),
(39, 37, 2, 'Business Clearance', '9370227', '2020-01-08', '2020-01-31', '2020-05-15 08:58:28', NULL, NULL, NULL),
(40, 30, 5, 'Delivery Fee', '9370228', '2020-01-08', '2020-01-31', '2020-05-15 09:00:13', NULL, NULL, NULL),
(41, 38, 5, 'Delivery Fee', '9370229', '2020-01-08', '2020-01-31', '2020-05-15 09:04:02', NULL, NULL, NULL),
(42, 39, 5, 'Court Rental', '9370230', '2020-01-08', '2020-01-31', '2020-05-15 09:05:41', NULL, NULL, NULL),
(43, 40, 5, 'Delivery Fee', '9370231', '2020-01-09', '2020-01-31', '2020-05-15 09:06:55', NULL, NULL, NULL),
(44, 14, 5, 'Delivery Fee', '9370232', '2020-01-09', '2020-01-31', '2020-05-15 09:08:47', NULL, NULL, NULL),
(45, 14, 5, 'Delivery Fee', '9370233', '2020-01-09', '2020-01-31', '2020-05-15 09:29:27', NULL, NULL, NULL),
(46, 41, 2, 'Business Clearance', '9370234', '2020-01-09', '2020-01-31', '2020-05-15 09:31:18', NULL, NULL, NULL),
(47, 40, 5, 'Delivery Fee', '9370235', '2020-01-09', '2020-01-31', '2020-05-15 09:32:15', NULL, NULL, NULL),
(48, 23, 5, 'Court Rental.', '9370236', '2020-01-09', '2020-01-31', '2020-05-15 09:33:13', NULL, NULL, NULL),
(49, 25, 5, 'Delivery', '9370237', '2020-01-09', '2020-01-31', '2020-05-15 09:35:43', NULL, NULL, NULL),
(50, 42, 2, 'Business Clearanc', '9370238', '2020-01-09', '2020-01-31', '2020-05-20 00:24:18', NULL, NULL, NULL),
(51, 43, 2, 'Business Clearance', '9370239', '2019-01-09', '2019-01-31', '2020-05-20 00:30:04', NULL, NULL, NULL),
(52, 44, 2, 'Penalty Business', '9370240', '2020-01-09', '2020-01-31', '2020-05-20 01:39:38', NULL, NULL, NULL),
(53, 45, 5, 'Court Rental', '9370241', '2020-01-09', '2020-01-31', '2020-05-20 01:40:42', NULL, NULL, NULL),
(54, 46, 5, 'Business Clearance', '9370242', '2020-01-09', '2020-01-31', '2020-05-20 01:41:33', NULL, NULL, NULL),
(55, 28, 5, 'Court Rental', '9370243', '2020-01-11', '2020-01-31', '2020-05-20 02:10:55', NULL, NULL, NULL),
(56, 38, 5, 'Delivery Fee', '9370244', '2020-01-11', '2020-01-31', '2020-05-20 02:12:27', NULL, NULL, NULL),
(57, 14, 5, 'Delivery Fee', '9370245', '2020-01-11', '2020-01-31', '2020-05-20 02:13:50', NULL, NULL, NULL),
(58, 14, 5, 'Delivery Fee', '9370246', '2020-01-11', '2020-01-31', '2020-05-20 02:14:51', NULL, NULL, NULL),
(59, 14, 5, 'Delivery Fee', '9370247', '2020-01-11', '2020-01-31', '2020-05-20 02:15:45', NULL, NULL, NULL),
(60, 47, 5, 'Court Rental', '9370248', '2020-01-11', '2020-01-31', '2020-05-20 02:16:33', NULL, NULL, NULL),
(61, 48, 2, 'Business Clearance', '9370249', '2020-01-11', '2020-01-31', '2020-05-20 02:17:49', NULL, NULL, NULL),
(62, 49, 5, 'Court Rental', '9370250', '2020-01-11', '2020-01-31', '2020-05-20 02:19:03', NULL, NULL, NULL),
(63, 29, 5, 'Delivery Fee', '9370251', '2020-01-11', '2020-01-31', '2020-05-20 02:20:41', NULL, NULL, NULL),
(64, 50, 2, 'Business Clearance', '9370252', '2020-01-14', '2020-01-31', '2020-05-20 02:22:05', NULL, NULL, NULL),
(65, 51, 2, 'Business Clearance', '9370253', '2020-01-14', '2020-01-31', '2020-05-20 02:23:15', NULL, NULL, NULL),
(66, 38, 5, 'Delivery Fee', '9370254', '2020-01-14', '2020-01-31', '2020-05-20 02:24:23', NULL, NULL, NULL),
(67, 38, 5, 'Delivery Fee', '9370255', '2020-01-14', '2020-01-31', '2020-05-20 02:31:32', NULL, NULL, NULL),
(68, 52, 2, 'Penalty Business', '9370256', '2020-01-14', '2020-01-31', '2020-05-20 02:36:31', NULL, NULL, NULL),
(69, 53, 2, 'Business Clearance', '9370257', '2020-01-14', '2020-01-31', '2020-05-20 02:37:40', NULL, NULL, NULL),
(70, 54, 2, 'Business Clearance', '9370258', '2020-01-14', '2020-01-31', '2020-05-20 03:23:50', NULL, NULL, NULL),
(71, 55, 5, 'Delivery Fee', '9370259', '2020-01-14', '2020-01-30', '2020-05-20 04:10:53', NULL, NULL, NULL),
(72, 29, 5, 'Delivery Fee', '9370260', '2020-01-14', '2020-01-31', '2020-05-20 04:11:28', NULL, NULL, NULL),
(73, 56, 5, 'Delivery Fee', '9370261', '2020-01-14', '2020-01-31', '2020-05-20 04:12:11', NULL, NULL, NULL),
(74, 57, 2, 'Business Clearance', '9370262', '2020-01-14', '2020-01-31', '2020-05-20 04:13:28', NULL, NULL, NULL),
(75, 58, 5, 'Brgy. Clearance', '9370263', '2020-01-14', '2020-01-31', '2020-05-20 04:14:53', NULL, NULL, NULL),
(76, 14, 5, 'Delivery Fee', '9370264', '2020-01-15', '2020-01-31', '2020-05-20 04:16:44', NULL, NULL, NULL),
(77, 59, 5, 'Delivery Fee', '9370265', '2020-01-15', '2020-01-15', '2020-05-20 04:17:33', NULL, NULL, NULL),
(78, 60, 2, 'Business Clearance', '9370266', '2020-01-15', '2020-01-31', '2020-05-20 04:19:03', NULL, NULL, NULL),
(79, 61, 5, 'Brgy. Clearance', '9370267', '2020-01-15', '2020-01-31', '2020-05-20 04:19:59', NULL, NULL, NULL),
(80, 25, 5, 'Delivery Fee', '9370268', '2020-01-15', '2020-01-31', '2020-05-20 04:31:41', NULL, NULL, NULL),
(81, 62, 5, 'Delivery Fee', '9370269', '2020-01-15', '2020-01-31', '2020-05-20 04:45:05', NULL, NULL, NULL),
(82, 19, 5, 'Court Rental', '9370270', '2020-01-15', '2020-01-31', '2020-05-20 04:46:53', NULL, NULL, NULL),
(83, 63, 5, 'Delivery Fee', '9370271', '2020-01-16', '2020-01-31', '2020-05-20 04:48:28', NULL, NULL, NULL),
(84, 59, 5, 'Delivery Fee', '9370272', '2020-01-16', '2020-01-31', '2020-05-20 04:49:04', NULL, NULL, NULL),
(85, 64, 2, 'Business Clearance', '9370273', '2020-01-16', '2020-01-31', '2020-05-20 04:50:30', NULL, NULL, NULL),
(86, 65, 2, 'Business Clearance', '9370274', '2020-01-16', '2020-01-31', '2020-05-20 04:51:39', NULL, NULL, NULL),
(87, 49, 5, 'Court Rental', '9370275', '2020-01-16', '2020-01-31', '2020-05-20 04:54:48', NULL, NULL, NULL),
(88, 14, 5, 'Delivery Fee', '9370276', '2020-01-16', '2020-01-31', '2020-05-20 04:56:24', NULL, NULL, NULL),
(89, 62, 2, 'Business Clearance', '9370277', '2020-01-16', '2020-01-31', '2020-05-20 07:42:35', NULL, NULL, NULL),
(90, 66, 2, 'Business Clearance', '9370278', '2020-01-16', '2020-01-31', '2020-05-20 07:45:24', NULL, NULL, NULL),
(91, 59, 5, 'Delivery Fee', '9370279', '2020-01-17', '2020-01-31', '2020-05-20 07:46:54', NULL, NULL, NULL),
(92, 67, 5, 'Court Rental', '9370280', '2020-01-18', '2020-01-31', '2020-05-20 07:49:25', NULL, NULL, NULL),
(93, 14, 5, 'Delivery Fee', '9370281', '2020-01-18', '2020-01-31', '2020-05-20 07:51:33', NULL, NULL, NULL),
(94, 14, 5, 'Delivery Fee', '9370282', '2020-01-18', '2020-01-31', '2020-05-20 07:53:07', NULL, NULL, NULL),
(95, 29, 5, 'Delivery Fee', '9370283', '2020-01-18', '2020-01-31', '2020-05-20 07:53:48', NULL, NULL, NULL),
(96, 59, 5, 'Delivery Fee', '9370284', '2020-01-18', '2020-01-31', '2020-05-20 07:54:50', NULL, NULL, NULL),
(97, 59, 5, 'Delivery Fee', '9370285', '2020-01-18', '2020-01-31', '2020-05-20 07:58:16', NULL, NULL, NULL),
(98, 14, 5, 'Delivery Fee', '9370286', '2020-01-20', '1970-01-01', '2020-05-20 07:59:15', NULL, NULL, NULL),
(99, 29, 5, 'Delivery Fee', '9370287', '2020-01-20', '2020-01-31', '2020-05-20 08:00:06', NULL, NULL, NULL),
(100, 29, 5, 'Delivery Fee', '9370288', '2020-01-20', '2020-01-31', '2020-05-20 08:05:40', NULL, NULL, NULL),
(101, 29, 5, 'Delivery Fee', '9370289', '2020-01-20', '2020-01-31', '2020-05-20 08:06:20', NULL, NULL, NULL),
(102, 68, 5, 'Court Rental', '9370290', '2020-01-20', '2020-01-31', '2020-05-20 08:08:33', NULL, NULL, NULL),
(103, 14, 5, 'Delivery Fee', '9370291', '2020-01-20', '2020-01-31', '2020-05-20 08:10:27', NULL, NULL, NULL),
(104, 29, 5, 'Delivery Fee', '9370292', '2019-01-20', '2020-01-31', '2020-05-20 08:11:35', NULL, NULL, NULL),
(105, 25, 5, 'Delivery Fee', '9370293', '2020-01-20', '2020-01-31', '2020-05-20 08:12:20', NULL, NULL, NULL),
(106, 69, 2, 'Business Clearance', '9370294', '2020-01-21', '2020-01-31', '2020-05-20 08:15:05', NULL, NULL, NULL),
(107, 59, 5, 'Construction Clearance', '9370295', '2020-01-21', '2020-01-31', '2020-05-20 08:15:57', NULL, NULL, NULL),
(108, 29, 5, 'Delivery Fee', '9370296', '2020-01-21', '2020-01-31', '2020-05-20 08:16:28', NULL, NULL, NULL),
(109, 25, 5, 'Delivery Fee', '9370297', '2020-01-21', '2020-01-31', '2020-05-20 08:17:01', NULL, NULL, NULL),
(110, 59, 5, 'Delivery Fee', '9370298', '2020-01-20', '2020-01-31', '2020-05-20 08:17:31', NULL, NULL, NULL),
(111, 70, 5, 'Court Rental', '9370299', '2020-01-21', '2020-01-31', '2020-05-20 08:18:51', NULL, NULL, NULL),
(112, 71, 5, 'Court Rental', '9370300', '2020-01-22', '2020-01-31', '2020-05-20 08:29:42', NULL, NULL, NULL),
(113, 72, 5, 'Delivery Fee', '9370301', '2020-01-22', '2020-01-31', '2020-05-20 08:36:58', NULL, NULL, NULL),
(114, 24, 5, 'Court Rental', '9370302', '2020-01-22', '2020-01-31', '2020-05-20 08:37:56', NULL, NULL, NULL),
(115, 73, 2, 'Business Clearance', '9370303', '2020-01-22', '2020-01-31', '2020-05-20 08:42:54', NULL, NULL, NULL),
(116, 59, 5, 'Delivery Fee', '9370304', '2020-01-31', '2020-01-31', '2020-05-20 08:43:53', NULL, NULL, NULL),
(117, 59, 5, 'Delivery Fee', '9370305', '2020-01-23', '2020-01-31', '2020-05-20 08:45:35', NULL, NULL, NULL),
(118, 74, 5, 'Court Rental', '9370306', '2020-01-23', '2020-01-31', '2020-05-20 08:47:13', NULL, NULL, NULL),
(119, 67, 5, 'Court Rental', '9370307', '2020-01-23', '2020-01-31', '2020-05-20 08:48:36', NULL, NULL, NULL),
(120, 75, 5, 'Delivery Fee', '9370308', '2020-01-23', '2020-01-31', '2020-05-20 08:49:33', NULL, NULL, NULL),
(121, 19, 5, 'Court Rental', '9370309', '2020-01-23', '2020-01-31', '2020-05-20 08:50:25', NULL, NULL, NULL),
(122, 14, 5, 'Delivery Fee', '9370310', '2020-01-24', '2020-01-31', '2020-05-20 08:53:41', NULL, NULL, NULL),
(123, 29, 5, 'Delivery Fee', '9370311', '2020-01-24', '2020-01-31', '2020-05-20 08:56:17', '2020-05-20 09:01:57', NULL, NULL),
(124, 62, 5, 'Court Rental', '9370312', '2020-01-24', '2020-01-31', '2020-05-20 08:58:01', '2020-05-20 09:05:04', NULL, NULL),
(125, 77, 6, 'Water and Electricity Consumption', '9370313', '2020-01-24', '2020-01-31', '2020-05-20 08:59:02', '2020-05-20 09:10:14', NULL, NULL),
(126, 72, 5, 'Contruction Clearance', '9370314', '2020-01-24', '2020-01-31', '2020-05-20 09:11:20', NULL, NULL, NULL),
(127, 78, 5, 'Brgy. Clearance', '9370315', '2020-01-25', '2020-01-31', '2020-05-20 09:12:40', NULL, NULL, NULL),
(128, 72, 5, 'Delivery Fee', '9370316', '2020-01-25', '2020-01-31', '2020-05-20 09:13:14', NULL, NULL, NULL),
(129, 14, 5, 'Delivery Fee', '9370317', '2020-01-25', '2020-01-31', '2020-05-20 09:14:12', NULL, NULL, NULL),
(130, 79, 5, 'Business Clearance', '9370318', '2020-01-25', '2020-01-31', '2020-05-20 09:15:23', NULL, NULL, NULL),
(131, 63, 5, 'Delivery Fee', '9370319', '2020-01-25', '2020-01-31', '2020-05-20 09:15:54', NULL, NULL, NULL),
(132, 63, 5, 'Delivery Fee', '9370320', '2020-01-25', '2020-01-31', '2020-05-20 09:16:57', NULL, NULL, NULL),
(133, 63, 5, 'Delivery Fee', '9370321', '2020-01-27', '2020-01-31', '2020-05-20 09:17:30', NULL, NULL, NULL),
(134, 14, 5, 'Delivery Fee', '9370322', '2020-01-27', '2020-01-31', '2020-05-20 09:18:28', NULL, NULL, NULL),
(135, 14, 5, 'Delivery Fee', '9370323', '2020-01-27', '2020-01-31', '2020-05-20 09:19:11', NULL, NULL, NULL),
(136, 29, 5, 'Delivery Fee', '9370324', '2020-01-27', '2020-01-31', '2020-05-20 09:19:46', NULL, NULL, NULL),
(137, 59, 5, 'Delivery Fee', '9370325', '2020-01-27', '2020-01-31', '2020-05-20 09:20:25', NULL, NULL, NULL),
(138, 80, 5, 'Court Rental', '9370326', '2020-01-27', '2020-01-31', '2020-05-20 09:21:21', NULL, NULL, NULL),
(139, 81, 5, 'Delivery Fee', '9370327', '2020-01-27', '2020-01-31', '2020-05-20 09:22:20', NULL, NULL, NULL),
(140, 29, 5, 'Delivery Fee', '9370328', '2020-01-27', '2020-01-31', '2020-05-20 09:22:55', NULL, NULL, NULL),
(141, 29, 5, 'Delivery Fee', '9370329', '2020-01-27', '2020-01-31', '2020-05-20 09:23:29', NULL, NULL, NULL),
(142, 63, 5, 'Delivery Fee', '9370330', '2020-01-28', '2020-01-31', '2020-05-20 09:26:29', NULL, NULL, NULL),
(143, 81, 5, 'Delivery Fee', '9370331', '2020-01-28', '2020-01-31', '2020-05-20 09:27:10', NULL, NULL, NULL),
(144, 81, 5, 'Delivery Fee', '9370332', '2020-01-28', '2020-01-31', '2020-05-20 09:27:47', NULL, NULL, NULL),
(145, 81, 5, 'Delivery Fee', '9370333', '2020-01-28', '2020-01-31', '2020-05-20 09:28:29', NULL, NULL, NULL),
(146, 82, 5, 'Brgy. Clearance', '9370334', '2020-01-28', '2020-01-31', '2020-05-20 09:29:42', NULL, NULL, NULL),
(147, 25, 5, 'Delivery Fee', '9370335', '2020-01-28', '2020-01-31', '2020-05-20 09:30:12', NULL, NULL, NULL),
(148, 70, 5, 'Court Rental', '9370336', '2020-01-29', '2020-01-31', '2020-05-20 09:30:44', NULL, NULL, NULL),
(149, 83, 5, 'Court Rental', '9370337', '2020-01-29', '2020-01-31', '2020-05-20 09:31:59', NULL, NULL, NULL),
(150, 84, 5, 'Delivery Fee', '9370338', '2020-01-29', '2020-01-31', '2020-05-20 09:32:51', NULL, NULL, NULL),
(151, 81, 5, 'Delivery Fee', '9370339', '2020-01-29', '2020-01-31', '2020-05-20 09:33:21', NULL, NULL, NULL),
(152, 81, 5, 'Delivery Fee', '9370340', '2020-01-29', '2020-01-31', '2020-05-20 09:33:50', NULL, NULL, NULL),
(153, 81, 5, 'Delivery Fee', '9370341', '2020-01-31', '2020-01-31', '2020-05-20 09:34:20', NULL, NULL, NULL),
(154, 85, 5, 'Delivery Fee', '9370342', '2020-01-29', '2020-01-31', '2020-05-20 09:35:04', NULL, NULL, NULL),
(155, 81, 5, 'Delivery Fee', '9370343', '2020-01-29', '2020-01-31', '2020-05-20 09:35:30', NULL, NULL, NULL),
(156, 81, 5, 'Delivery Fee', '9370344', '2020-01-29', '2020-01-31', '2020-05-20 09:35:59', NULL, NULL, NULL),
(157, 81, 5, 'Delivery Fee', '9370345', '2020-01-31', '1970-01-01', '2020-05-20 09:36:28', NULL, NULL, NULL),
(158, 32, 2, 'Business Clearance', '9370346', '2020-01-29', '2020-01-31', '2020-05-20 09:37:00', NULL, NULL, NULL),
(159, 34, 2, 'Business Clearance', '9370347', '2020-01-29', '2020-01-31', '2020-05-20 09:37:46', NULL, NULL, NULL),
(160, 44, 2, 'Business Clearance', '9370348', '2020-01-29', '2020-01-31', '2020-05-20 09:38:22', NULL, NULL, NULL),
(161, 44, 2, 'Business Clearance.', '9370349', '2020-01-29', '2020-01-31', '2020-05-20 09:56:44', NULL, NULL, NULL),
(162, 26, 5, 'Delivery Fee', '9370350', '2020-01-29', '2020-01-31', '2020-05-20 09:57:29', NULL, NULL, NULL),
(163, 26, 5, 'Delivery Fee', '9370351', '2020-01-29', '2020-01-31', '2020-05-20 09:58:30', NULL, NULL, NULL),
(164, 81, 5, 'Delivery Fee', '9370352', '2020-01-29', '2020-01-31', '2020-05-20 09:59:08', NULL, NULL, NULL),
(165, 86, 5, 'Court Rental', '9370353', '2020-01-30', '2020-01-31', '2020-05-20 10:00:06', NULL, NULL, NULL),
(166, 41, 2, 'Business Clearance', '9370354', '2020-01-30', '2020-01-31', '2020-05-20 10:00:43', NULL, NULL, NULL),
(167, 42, 2, 'Business Clearance', '9370355', '2020-01-30', '2020-01-31', '2020-05-20 10:01:16', NULL, NULL, NULL),
(168, 43, 2, 'Business Clearance', '9370356', '2020-01-30', '2020-01-31', '2020-05-20 10:02:07', NULL, NULL, NULL),
(169, 68, 5, 'Court Rental', '9370357', '2020-01-30', '2020-01-31', '2020-05-20 10:02:39', NULL, NULL, NULL),
(170, 14, 5, 'Delivery Fee', '9370358', '2020-01-30', '2020-01-31', '2020-05-20 10:03:37', NULL, NULL, NULL),
(171, 23, 5, 'Court Rental', '9370359', '2020-01-30', '2020-01-31', '2020-05-20 10:04:25', NULL, NULL, NULL),
(172, 29, 5, 'Delivery Fee', '9370360', '2020-01-30', '2020-01-31', '2020-05-20 10:05:11', NULL, NULL, NULL),
(173, 29, 5, 'Delivery Fee', '9370361', '2020-01-30', '2020-01-31', '2020-05-20 10:05:38', NULL, NULL, NULL),
(174, 81, 5, 'Delivery Fee', '9370362', '2020-01-30', '2020-01-31', '2020-05-20 10:06:12', NULL, NULL, NULL),
(175, 19, 5, 'Court Rental', '9370363', '2020-01-31', '2020-01-31', '2020-05-20 10:07:41', NULL, NULL, NULL),
(176, 19, 5, 'Court Rental', '9370364', '2020-01-31', '2020-01-31', '2020-05-20 10:08:46', NULL, NULL, NULL),
(177, 28, 5, 'Court Rental', '9370365', '2020-01-31', '2020-01-31', '2020-05-21 00:55:55', NULL, NULL, NULL),
(178, 81, 5, 'Delivery Fee', '9370366', '2020-01-31', '2020-01-31', '2020-05-21 01:01:09', NULL, NULL, NULL),
(179, 87, 2, 'Business Clearance.', '9370367', '2020-01-31', '2020-01-31', '2020-05-21 01:03:17', NULL, NULL, NULL),
(180, 81, 5, 'Delivery Fee', '9370368', '2020-01-31', '2020-01-31', '2020-05-21 01:04:15', NULL, NULL, NULL),
(181, 25, 5, 'Delivery Fee', '9370369', '2020-02-01', '2020-02-29', '2020-05-21 01:13:44', NULL, NULL, NULL),
(182, 75, 5, 'Delivery Fee', '9370370', '2020-02-01', '2020-02-29', '2020-05-21 01:15:44', NULL, NULL, NULL),
(183, 25, 5, 'Delivery Fee', '9370371', '2020-02-01', '2020-02-29', '2020-05-21 01:17:55', NULL, NULL, NULL),
(184, 74, 5, 'Court Rental', '9370372', '2020-02-01', '2020-02-29', '2020-05-21 01:19:06', NULL, NULL, NULL),
(185, 29, 5, 'Delivery Fee', '9370373', '2020-02-01', '2020-02-29', '2020-05-21 01:21:55', NULL, NULL, NULL),
(186, 14, 5, 'Delivery Fee', '9370374', '2020-02-01', '2020-02-29', '2020-05-21 01:23:06', NULL, NULL, NULL),
(187, 10, 5, 'Refund for Leave Credits', '9370375', '2020-02-03', '2020-02-29', '2020-05-21 01:25:53', NULL, NULL, NULL),
(188, 10, 5, 'Refund for Payroll', '9370376', '2020-02-03', '2020-02-29', '2020-05-21 01:31:45', NULL, NULL, NULL),
(189, 70, 5, 'Court Rental', '9370377', '2020-02-03', '2020-02-29', '2020-05-21 01:33:35', NULL, NULL, NULL),
(190, 88, 5, 'Delivery Fee', '9370378', '2020-02-03', '2020-02-29', '2020-05-21 01:35:41', NULL, NULL, NULL),
(191, 89, 5, 'Delivery Fee', '9370379', '2020-02-03', '2020-02-29', '2020-05-21 01:39:42', NULL, NULL, NULL),
(192, 59, 5, 'Delivery Fee', '9370380', '2020-02-04', '2020-02-29', '2020-05-21 01:41:20', NULL, NULL, NULL),
(193, 81, 5, 'Delivery Fee', '9370381', '2020-02-04', '2020-02-09', '2020-05-21 01:42:17', NULL, NULL, NULL),
(194, 89, 5, 'Delivery Fee', '9370382', '2020-02-04', '2020-02-29', '2020-05-21 01:43:18', NULL, NULL, NULL),
(195, 25, 5, 'Delivery Fee', '9370383', '2020-02-04', '2020-02-29', '2020-05-21 01:44:10', NULL, NULL, NULL),
(196, 90, 5, 'Delivery Fee', '9370384', '2020-02-03', '2020-02-29', '2020-05-21 01:45:24', NULL, NULL, NULL),
(197, 49, 5, 'Court Rental', '9370385', '2020-02-03', '2020-02-29', '2020-05-21 01:47:27', NULL, NULL, NULL),
(198, 91, 6, 'Donation', '9370386', '2020-02-04', '2020-02-29', '2020-05-21 01:48:47', NULL, NULL, NULL),
(199, 29, 5, 'Delivery Fee', '9370387', '2020-02-04', '2020-02-29', '2020-05-21 01:49:46', NULL, NULL, NULL),
(200, 89, 5, 'Delivery Fee', '9370388', '2020-02-04', '2020-02-29', '2020-05-21 01:50:41', NULL, NULL, NULL),
(201, 81, 5, 'Delivery Fee', '9370389', '2020-02-05', '2020-02-29', '2020-05-21 01:52:12', NULL, NULL, NULL),
(202, 92, 5, 'Delivery Fee', '9370390', '2020-02-05', '2020-02-29', '2020-05-21 01:53:11', NULL, NULL, NULL),
(203, 70, 5, 'Court Rental', '9370391', '2020-02-05', '2020-02-29', '2020-05-21 01:55:00', NULL, NULL, NULL),
(204, 14, 5, 'Delivery Fee', '9370392', '2020-02-05', '2020-02-29', '2020-05-21 01:56:01', NULL, NULL, NULL),
(205, 89, 5, 'Delivery Fee', '9370393', '2020-02-05', '2020-02-29', '2020-05-21 01:57:04', NULL, NULL, NULL),
(206, 81, 5, 'Delivery Fee', '9370394', '2020-02-05', '2020-02-29', '2020-05-21 01:57:59', NULL, NULL, NULL),
(207, 93, 5, 'Court Rental', '9370395', '2020-02-05', '2020-02-29', '2020-05-21 01:59:37', NULL, NULL, NULL),
(208, 94, 5, 'Delivery Fee', '9370396', '2020-02-05', '2020-02-29', '2020-05-21 02:00:43', NULL, NULL, NULL),
(209, 81, 5, 'Delivery Fee', '9370397', '2020-02-05', '2020-02-29', '2020-05-21 02:01:40', NULL, NULL, NULL),
(210, 29, 5, 'Delivery Fee', '9370398', '2020-02-06', '2020-02-29', '2020-05-21 02:02:39', NULL, NULL, NULL),
(211, 95, 2, 'Business Clearance', '9370399', '2020-02-06', '2020-02-29', '2020-05-21 02:05:08', NULL, NULL, NULL),
(212, 23, 5, 'Court Rental', '9370400', '2020-02-06', '2020-02-29', '2020-05-21 02:05:45', NULL, NULL, NULL),
(213, 89, 5, 'Delivery Fee', '9370401', '2020-02-06', '2020-02-29', '2020-05-21 03:05:43', NULL, NULL, NULL),
(214, 89, 5, 'Delivery Fee', '9370402', '2020-02-06', '2020-02-29', '2020-05-21 03:06:47', NULL, NULL, NULL),
(215, 81, 5, 'Delivery Fee', '9370403', '2020-02-06', '2020-02-29', '2020-05-21 03:08:14', NULL, NULL, NULL),
(216, 68, 5, 'Court Rental', '9370404', '2020-02-06', '2020-02-29', '2020-05-21 03:09:38', NULL, NULL, NULL),
(217, 96, 2, 'Business Clearance', '9370405', '2020-02-06', '2020-02-29', '2020-05-21 03:11:00', NULL, NULL, NULL),
(218, 39, 5, 'Court Rental', '9370406', '2020-02-06', '2020-02-29', '2020-05-21 03:12:11', NULL, NULL, NULL),
(219, 74, 5, 'Court Rental', '9370407', '2020-02-06', '2020-02-29', '2020-05-21 03:13:30', NULL, NULL, NULL),
(220, 89, 5, 'Delivery Fee', '9370408', '2020-02-06', '2020-02-29', '2020-05-21 03:14:40', NULL, NULL, NULL),
(221, 81, 5, 'Delivery Fee', '9370409', '2020-02-08', '2020-02-29', '2020-05-21 03:19:46', NULL, NULL, NULL),
(222, 81, 5, 'Delivery Fee', '9370410', '2020-02-08', '2020-02-29', '2020-05-21 03:20:46', NULL, NULL, NULL),
(223, 81, 5, 'Delivery Fee', '9370411', '2020-02-08', '2020-02-29', '2020-05-21 03:21:37', NULL, NULL, NULL),
(224, 81, 5, 'Delivery Fee', '9370412', '2020-02-08', '2020-02-29', '2020-05-21 03:22:47', NULL, NULL, NULL),
(225, 81, 5, 'Delivery Fee', '9370413', '2020-02-08', '2020-02-29', '2020-05-21 03:23:44', NULL, NULL, NULL),
(226, 81, 5, 'Delivery Fee', '9370414', '2020-02-08', '2020-02-29', '2020-05-21 03:24:48', NULL, NULL, NULL),
(227, 29, 5, 'Delivery Fee', '9370415', '2020-02-08', '2020-02-29', '2020-05-21 03:26:27', NULL, NULL, NULL),
(228, 24, 5, 'Court Rental', '9370416', '2020-02-08', '2020-02-29', '2020-05-21 03:32:46', NULL, NULL, NULL),
(229, 48, 2, 'Business Clearance', '9370417', '2020-02-08', '2020-02-29', '2020-05-21 03:33:27', NULL, NULL, NULL),
(230, 29, 5, 'Delivery Fee', '9370418', '2020-02-08', '2020-02-29', '2020-05-21 03:34:49', NULL, NULL, NULL),
(231, 89, 5, 'Delivery Fee', '9370419', '2020-02-08', '2020-02-29', '2020-05-21 03:35:32', NULL, NULL, NULL),
(232, 14, 5, 'Delivery Fee', '9370420', '2020-02-08', '2020-02-29', '2020-05-21 03:37:03', NULL, NULL, NULL),
(233, 97, 5, 'Delivery Fee', '9370421', '2020-02-08', '2020-02-29', '2020-05-21 03:38:01', NULL, NULL, NULL),
(234, 29, 5, 'Delivery Fee', '9370422', '2020-02-08', '2020-02-29', '2020-05-21 03:40:56', NULL, NULL, NULL),
(235, 40, 5, 'Delivery Fee', '9370423', '2020-02-08', '2020-02-29', '2020-05-21 03:41:37', NULL, NULL, NULL),
(236, 25, 5, 'Delivery Fee', '9370424', '2020-02-10', '2020-02-29', '2020-05-21 03:42:12', NULL, NULL, NULL),
(237, 14, 5, 'Delivery Fee', '9370425', '2020-02-10', '2020-02-29', '2020-05-21 03:43:05', NULL, NULL, NULL),
(238, 71, 5, 'Court Rental', '9370426', '2020-02-10', '2020-02-29', '2020-05-21 03:43:41', NULL, NULL, NULL),
(239, 98, 5, 'Delivery Fee', '9370427', '2020-02-10', '2020-02-29', '2020-05-21 03:45:57', NULL, NULL, NULL),
(240, 24, 5, 'Court Rental', '9370428', '2020-02-10', '2020-02-29', '2020-05-21 03:46:37', NULL, NULL, NULL),
(241, 22, 5, 'Court Rental', '9370429', '2020-02-10', '2020-02-29', '2020-05-21 03:47:24', NULL, NULL, NULL),
(242, 99, 5, 'Delivery Fee', '9370430', '2020-02-10', '2020-02-29', '2020-05-21 03:48:27', NULL, NULL, NULL),
(243, 100, 5, 'Delivery Fee', '9370431', '2020-02-10', '2020-02-29', '2020-05-21 03:49:16', NULL, NULL, NULL),
(244, 101, 5, 'Court Rental', '9370432', '2020-02-10', '2020-02-29', '2020-05-21 03:50:37', NULL, NULL, NULL),
(245, 102, 5, 'Utility Clearance', '9370433', '2020-02-10', '2020-02-29', '2020-05-21 03:51:34', NULL, NULL, NULL),
(246, 103, 5, 'Court Rental', '9370434', '2020-02-10', '2020-02-29', '2020-05-21 03:52:23', NULL, NULL, NULL),
(247, 104, 5, 'Delivery Fee', '9370435', '2020-02-10', '2020-02-29', '2020-05-21 03:53:55', NULL, NULL, NULL),
(248, 29, 5, 'Delivery Fee', '9370436', '2020-02-11', '2020-02-29', '2020-05-21 03:55:28', NULL, NULL, NULL),
(249, 29, 5, 'Delivery Fee', '9370437', '2020-02-11', '2020-02-29', '2020-05-21 03:56:14', NULL, NULL, NULL),
(250, 29, 5, 'Delivery Fee', '9370438', '2020-02-11', '2020-02-29', '2020-05-21 03:56:53', NULL, NULL, NULL),
(251, 29, 5, 'Delivery Fee', '9370439', '2020-02-11', '2020-02-29', '2020-05-21 03:57:58', NULL, NULL, NULL),
(252, 105, 5, 'Delivery Fee', '9370440', '2020-02-11', '2020-02-29', '2020-05-21 03:58:40', NULL, NULL, NULL),
(253, 29, 5, 'Delivery Fee', '9370441', '2020-02-11', '2020-02-29', '2020-05-21 03:59:37', NULL, NULL, NULL),
(254, 106, 5, 'Complaint Fee', '9370442', '2020-02-11', '2020-02-29', '2020-05-21 04:00:28', NULL, NULL, NULL),
(255, 81, 5, 'Delivery Fee', '9370443', '2020-02-11', '2020-02-29', '2020-05-21 04:02:45', NULL, NULL, NULL),
(256, 107, 5, 'Delivery Fee', '9370444', '2020-02-11', '2020-02-29', '2020-05-21 04:03:32', NULL, NULL, NULL),
(257, 108, 5, 'Court Rental', '9370445', '2020-02-12', '2020-02-29', '2020-05-21 04:04:37', NULL, NULL, NULL),
(258, 81, 5, 'Delivery Fee', '9370446', '2020-02-12', '2020-02-29', '2020-05-21 04:05:24', NULL, NULL, NULL),
(259, 109, 5, 'Delivery Fee', '9370447', '2020-02-12', '2020-02-29', '2020-05-21 04:06:22', NULL, NULL, NULL),
(260, 110, 5, 'Delivery Fee', '9370448', '2020-02-12', '2020-02-29', '2020-05-21 04:09:42', NULL, NULL, NULL),
(261, 89, 5, 'Delivery Fee', '9370449', '2020-02-12', '2020-02-29', '2020-05-21 04:10:51', NULL, NULL, NULL),
(262, 26, 5, 'Delivery Fee', '9370450', '2020-02-12', '2020-02-29', '2020-05-21 04:11:27', NULL, NULL, NULL),
(263, 111, 5, 'Court Rental', '9759051', '2020-02-12', '2020-02-29', '2020-05-21 04:14:18', NULL, NULL, NULL),
(264, 29, 5, 'Delivery Fee', '9759052', '2020-02-13', '2020-02-29', '2020-05-21 04:15:16', NULL, NULL, NULL),
(265, 29, 5, 'Delivery Fee', '9759053', '2020-02-13', '2020-02-29', '2020-05-21 04:15:58', NULL, NULL, NULL),
(266, 67, 5, 'Court Rental', '9759054', '2020-02-13', '2020-02-29', '2020-05-21 04:17:16', NULL, NULL, NULL),
(267, 81, 5, 'Delivery Fee', '9759055', '2020-02-13', '2020-02-29', '2020-05-21 04:18:16', NULL, NULL, NULL),
(268, 29, 5, 'Delivery Fee', '9759056', '2020-02-13', '2020-02-29', '2020-05-21 05:41:23', NULL, NULL, NULL),
(269, 112, 5, 'Brgy. Clearance', '9759057', '2020-02-14', '2020-02-29', '2020-05-21 05:42:55', NULL, NULL, NULL),
(270, 81, 5, 'Delivery Fee', '9759058', '2020-02-14', '2020-02-29', '2020-05-21 05:44:42', NULL, NULL, NULL),
(271, 113, 5, 'Court Rental', '9759059', '2020-02-14', '2020-02-29', '2020-05-21 05:45:34', NULL, NULL, NULL),
(272, 29, 5, 'Delivery Fee', '9759060', '2020-02-14', '2020-02-29', '2020-05-21 05:46:08', NULL, NULL, NULL),
(273, 14, 5, 'Delivery Fee', '9759061', '2020-02-14', '2020-02-29', '2020-05-21 05:46:59', NULL, NULL, NULL),
(274, 111, 5, 'Court Rental', '9759062', '2020-02-14', '2020-02-29', '2020-05-21 05:47:36', NULL, NULL, NULL),
(275, 29, 5, 'Delivery Fee', '9759063', '2020-02-14', '2020-02-29', '2020-05-21 05:48:05', NULL, NULL, NULL),
(276, 114, 5, 'Brgy. Clearance', '9759064', '2020-02-14', '2020-02-29', '2020-05-21 05:49:02', NULL, NULL, NULL),
(277, 81, 5, 'Delivery Fee', '9759065', '2020-02-15', '2020-02-29', '2020-05-21 05:49:55', NULL, NULL, NULL),
(278, 59, 5, 'Delivery Fee', '9759066', '2020-02-15', '2020-02-29', '2020-05-21 05:50:44', NULL, NULL, NULL),
(279, 115, 5, 'Delivery Fee', '9759067', '2020-02-15', '2020-02-29', '2020-05-21 05:51:46', NULL, NULL, NULL),
(280, 116, 5, 'Delivery Fee', '9759068', '2020-02-15', '2020-02-29', '2020-05-21 05:53:07', NULL, NULL, NULL),
(281, 10, 5, 'Refund Payroll Contractual', '9759069', '2020-02-15', '2020-02-29', '2020-05-21 05:54:21', NULL, NULL, NULL),
(282, 29, 5, 'Delivery Fee', '9759070', '2020-02-17', '2020-02-29', '2020-05-21 05:55:09', NULL, NULL, NULL),
(283, 117, 2, 'Penalty Business', '9759071', '2020-02-17', '2020-02-29', '2020-05-21 05:58:51', NULL, NULL, NULL),
(284, 117, 2, 'Business Clearance', '9759072', '2020-02-17', '2020-02-29', '2020-05-21 05:59:36', NULL, NULL, NULL),
(285, 29, 5, 'Delivery Fee', '9759073', '2020-02-17', '2020-02-29', '2020-05-21 06:00:20', NULL, NULL, NULL),
(286, 25, 5, 'Delivery Fee', '9759074', '2020-02-17', '2020-02-29', '2020-05-21 06:00:54', NULL, NULL, NULL),
(287, 14, 5, 'Delivery Fee', '9759075', '2020-02-17', '2020-02-29', '2020-05-21 06:01:57', NULL, NULL, NULL),
(288, 89, 5, 'Delivery Fee', '9759076', '2020-02-17', '2020-02-29', '2020-05-21 06:02:32', NULL, NULL, NULL),
(289, 118, 1, 'RPTS', '9759077', '2020-02-17', '2020-02-29', '2020-05-21 06:03:59', NULL, NULL, NULL),
(290, 29, 5, 'Delivery Fee', '9759078', '2020-02-17', '2020-02-29', '2020-05-21 06:04:32', NULL, NULL, NULL),
(291, 119, 5, 'Contruction Clearance', '9759079', '2020-02-17', '2020-02-29', '2020-05-21 06:07:39', NULL, NULL, NULL),
(292, 89, 5, 'Delivery Fee', '9759080', '2020-02-17', '2020-02-29', '2020-05-21 06:08:13', NULL, NULL, NULL),
(293, 39, 5, 'Court Rental', '9759081', '2020-02-17', '2020-02-29', '2020-05-21 06:08:46', NULL, NULL, NULL),
(294, 59, 5, 'Delivery Fee', '9759082', '2020-02-18', '2020-02-29', '2020-05-21 06:09:25', NULL, NULL, NULL),
(295, 74, 5, 'Court Rental', '9759083', '2020-02-18', '2020-02-29', '2020-05-21 06:10:10', NULL, NULL, NULL),
(296, 74, 5, 'Court Rental', '9759084', '2020-02-18', '2020-02-29', '2020-05-21 06:10:58', NULL, NULL, NULL),
(297, 14, 5, 'Delivery Fee', '9759085', '2020-02-18', '2020-02-29', '2020-05-21 06:12:07', NULL, NULL, NULL),
(298, 120, 5, 'Court Rental', '9759086', '2020-02-18', '2020-02-29', '2020-05-21 06:13:37', NULL, NULL, NULL),
(299, 81, 5, 'Delivery Fee', '9759087', '2020-02-18', '2020-02-29', '2020-05-21 06:17:00', NULL, NULL, NULL),
(300, 89, 5, 'Delivery Fee', '9759088', '2020-02-18', '2020-02-29', '2020-05-21 06:19:55', NULL, NULL, NULL),
(301, 81, 5, 'Delivery Fee', '9759089', '2020-02-19', '2020-02-29', '2020-05-21 06:21:00', NULL, NULL, NULL),
(302, 81, 5, 'Delivery Fee', '9759090', '2020-02-19', '2020-02-29', '2020-05-21 06:22:04', NULL, NULL, NULL),
(303, 102, 5, 'Brgy. Clearance', '9759091', '2020-02-19', '2020-02-29', '2020-05-21 06:22:44', NULL, NULL, NULL),
(304, 121, 5, 'Court Rental', '9759092', '2020-02-19', '2020-02-29', '2020-05-21 06:23:41', NULL, NULL, NULL),
(305, 71, 5, 'Court Rental', '9759093', '2020-02-19', '2020-02-29', '2020-05-21 06:24:36', NULL, NULL, NULL),
(306, 14, 5, 'Delivery Fee', '9759094', '2020-02-19', '2020-02-29', '2020-05-21 06:25:26', NULL, NULL, NULL),
(307, 122, 5, 'Court Rental', '9759095', '2020-02-19', '2020-02-29', '2020-05-21 06:26:22', NULL, NULL, NULL),
(308, 29, 5, 'Delivery Fee', '9759096', '2020-02-20', '2020-02-29', '2020-05-21 06:27:05', NULL, NULL, NULL),
(309, 25, 5, 'Delivery Fee', '9759097', '2020-02-20', '2020-02-29', '2020-05-21 06:27:40', NULL, NULL, NULL),
(310, 123, 5, 'Delivery Fee', '9759098', '2020-02-20', '2020-02-29', '2020-05-21 06:28:42', NULL, NULL, NULL),
(311, 29, 5, 'Delivery Fee', '9759099', '2020-02-20', '2020-02-29', '2020-05-21 06:29:14', NULL, NULL, NULL),
(312, 25, 5, 'Delivery Fee', '9759100', '2020-02-20', '2020-02-29', '2020-05-21 06:30:06', NULL, NULL, NULL),
(313, 124, 5, 'Delivery Fee', '9759101', '2020-02-20', '2020-02-29', '2020-05-21 22:18:38', NULL, NULL, NULL),
(314, 14, 5, 'Delivery Fee', '9759102', '2020-02-20', '2020-02-29', '2020-05-21 22:21:04', NULL, NULL, NULL),
(315, 81, 5, 'Delivery Fee', '9759103', '2020-02-20', '2020-02-29', '2020-05-21 22:22:30', NULL, NULL, NULL),
(316, 14, 5, 'Delivery Fee', '9759104', '2020-02-20', '2020-02-29', '2020-05-21 22:23:56', NULL, NULL, NULL),
(317, 81, 5, 'Delivery Fee', '9759105', '2020-02-21', '2020-02-29', '2020-05-21 22:24:49', NULL, NULL, NULL),
(318, 14, 5, 'Delivery Fee', '9759106', '2020-02-21', '2020-02-21', '2020-05-21 22:25:52', NULL, NULL, NULL),
(319, 14, 5, 'Delivery Fee', '9759107', '2020-02-21', '2020-02-29', '2020-05-21 22:26:46', NULL, NULL, NULL),
(320, 125, 5, 'Delivery Fee.', '9759108', '2020-02-21', '2020-02-29', '2020-05-21 22:27:37', NULL, NULL, NULL),
(321, 89, 5, 'Delivery Fee.', '9759109', '2020-02-21', '2020-02-29', '2020-05-21 22:28:20', NULL, NULL, NULL),
(322, 89, 5, 'Delivery Fee', '9759110', '2020-02-21', '2020-02-21', '2020-05-21 22:29:11', NULL, NULL, NULL),
(323, 74, 5, 'Court Rental', '9759111', '2020-02-21', '2020-02-29', '2020-05-21 22:29:44', NULL, NULL, NULL),
(324, 29, 5, 'Delivery Fee', '9759112', '2020-02-22', '2020-02-29', '2020-05-21 22:30:54', NULL, NULL, NULL),
(325, 81, 5, 'Delivery Fee', '9759113', '2020-02-22', '2020-02-29', '2020-05-21 22:31:37', NULL, NULL, NULL),
(326, 14, 5, 'Delivery Fee', '9759114', '2020-02-24', '1970-01-01', '2020-05-21 22:33:22', '2020-05-21 22:36:31', '2020-05-21 22:37:16', NULL),
(327, 14, 5, 'Delivery Fee.', '9759114', '2020-02-24', '2020-02-29', '2020-05-21 22:40:15', NULL, NULL, NULL),
(328, 29, 5, 'Delivery Fee', '9759115', '2020-02-24', '2020-02-29', '2020-05-21 22:40:52', NULL, NULL, NULL),
(329, 74, 5, 'Court Rental', '9759116', '2020-02-24', '2020-02-29', '2020-05-21 22:41:30', NULL, NULL, NULL),
(330, 126, 5, 'Brgy. Clearance', '9759117', '2020-02-24', '2020-02-29', '2020-05-21 22:42:43', NULL, NULL, NULL),
(331, 71, 5, 'Court Rental', '9759118', '2020-02-24', '2020-02-29', '2020-05-21 22:43:19', NULL, NULL, NULL),
(332, 24, 5, 'Court Rental', '9759119', '2020-02-24', '2020-02-29', '2020-05-21 22:43:55', NULL, NULL, NULL),
(333, 127, 5, 'Court Rental', '9759120', '2020-02-24', '2020-02-29', '2020-05-21 22:44:47', NULL, NULL, NULL),
(334, 23, 5, 'Court Rental', '9759121', '2020-02-24', '2020-02-29', '2020-05-21 22:45:16', NULL, NULL, NULL),
(335, 111, 5, 'Court Rental', '9759122', '2020-02-24', '2020-02-29', '2020-05-21 22:45:46', NULL, NULL, NULL),
(336, 31, 2, 'Business Clearance', '9759123', '2020-02-24', '2020-02-29', '2020-05-21 22:46:23', NULL, NULL, NULL),
(337, 14, 5, 'Delivery Fee', '9759124', '2020-02-26', '2020-02-29', '2020-05-21 22:48:49', NULL, NULL, NULL),
(338, 128, 5, 'Delivery Fee', '9759125', '2020-02-26', '2020-02-29', '2020-05-21 22:49:44', NULL, NULL, NULL),
(339, 81, 5, 'Delivery Fee', '9759126', '2020-02-26', '2020-02-29', '2020-05-21 22:51:25', NULL, NULL, NULL),
(340, 29, 5, 'Delivery Fee', '9759127', '2020-02-26', '2020-02-29', '2020-05-21 22:52:02', NULL, NULL, NULL),
(341, 89, 5, 'Delivery Fee', '9759128', '2020-02-26', '2020-02-29', '2020-05-21 22:52:52', NULL, NULL, NULL),
(342, 89, 5, 'Delivery Fee', '9759129', '2020-02-26', '2020-02-29', '2020-05-21 22:55:11', NULL, NULL, NULL),
(343, 129, 5, 'Utility Clearance', '9759130', '2020-02-26', '2020-02-29', '2020-05-21 23:14:45', NULL, NULL, NULL),
(344, 25, 5, 'Delivery Fee', '9759131', '2020-02-26', '2020-02-29', '2020-05-21 23:15:25', NULL, NULL, NULL),
(345, 14, 5, 'Delivery Fee', '9759132', '2020-02-26', '2020-02-29', '2020-05-21 23:16:14', NULL, NULL, NULL),
(346, 19, 5, 'Court Rental', '9759133', '2020-02-26', '2020-02-29', '2020-05-21 23:17:01', NULL, NULL, NULL),
(347, 29, 5, 'Delivery Fee', '9759134', '2020-02-27', '2020-02-29', '2020-05-21 23:17:28', NULL, NULL, NULL),
(348, 130, 2, 'Business Clearance', '9759135', '2020-02-27', '2020-02-29', '2020-05-21 23:19:14', NULL, NULL, NULL),
(349, 131, 2, 'Business Clearance', '9759136', '2020-02-27', '2020-02-29', '2020-05-21 23:21:26', NULL, NULL, NULL),
(350, 68, 5, 'Court Rental', '9759137', '2020-02-27', '2020-02-29', '2020-05-21 23:21:57', NULL, NULL, NULL),
(351, 81, 5, 'Delivery Fee', '9759138', '2020-02-27', '2020-02-29', '2020-05-21 23:22:40', NULL, NULL, NULL),
(352, 132, 5, 'Court Rental', '9759139', '2020-02-27', '2020-02-29', '2020-05-21 23:23:36', NULL, NULL, NULL),
(353, 102, 5, 'Utility Clearance', '9759140', '2020-02-27', '2020-02-29', '2020-05-21 23:24:06', NULL, NULL, NULL),
(354, 133, 5, 'Delivery Fee', '9759141', '2020-02-28', '2020-02-29', '2020-05-21 23:24:47', NULL, NULL, NULL),
(355, 81, 5, 'Delivery Fee', '9759142', '2020-02-28', '2020-02-29', '2020-05-21 23:25:30', NULL, NULL, NULL),
(356, 23, 5, 'Court Rental', '9759143', '2020-02-28', '2020-02-29', '2020-05-21 23:26:00', NULL, NULL, NULL),
(357, 134, 5, 'Contruction Clearance', '9759144', '2020-02-28', '2020-02-29', '2020-05-21 23:27:21', NULL, NULL, NULL),
(358, 14, 5, 'Delivery Fee', '9759145', '2020-03-02', '2020-02-29', '2020-05-21 23:28:36', NULL, NULL, NULL),
(359, 29, 5, 'Delivery Fee', '9759146', '2020-03-02', '2020-03-31', '2020-05-21 23:29:38', NULL, NULL, NULL),
(360, 135, 5, 'Court Rental', '9759147', '2020-03-02', '2020-03-31', '2020-05-21 23:30:21', NULL, NULL, NULL),
(361, 136, 5, 'Court Rental', '9759148', '2020-03-02', '2020-03-31', '2020-05-21 23:34:37', NULL, NULL, NULL),
(362, 137, 5, 'Delivery Fee', '9759149', '2020-03-02', '2020-03-31', '2020-05-22 00:46:35', NULL, NULL, NULL),
(363, 25, 5, 'Delivery Fee', '9759150', '2020-03-02', '2020-03-31', '2020-05-22 00:47:27', NULL, NULL, NULL),
(364, 81, 5, 'Delivery Fee', '9759151', '2020-03-02', '2020-03-31', '2020-05-22 00:56:21', NULL, NULL, NULL),
(365, 138, 5, 'Delivery Fee', '9759152', '2020-03-02', '2020-03-31', '2020-05-22 00:57:16', NULL, NULL, NULL),
(366, 29, 5, 'Delivery Fee', '9759153', '2020-03-02', '2020-03-02', '2020-05-22 00:58:51', NULL, NULL, NULL),
(367, 27, 5, 'Court Rental', '9759154', '2020-03-02', '2020-03-31', '2020-05-22 00:59:25', NULL, NULL, NULL),
(368, 27, 5, 'Court Rental', '9759155', '2020-03-02', '2020-03-31', '2020-05-22 00:59:55', NULL, NULL, NULL),
(369, 28, 5, 'Court Rental', '9759156', '2020-03-02', '2020-03-31', '2020-05-22 01:00:25', NULL, NULL, NULL),
(370, 14, 5, 'Delivery Fee', '9759157', '2020-03-02', '2020-03-31', '2020-05-22 01:01:21', NULL, NULL, NULL),
(371, 89, 5, 'Delivery Fee', '9759158', '2020-03-02', '2020-03-31', '2020-05-22 01:01:55', NULL, NULL, NULL),
(372, 14, 5, 'Delivery Fee', '9759159', '2020-03-02', '2020-03-31', '2020-05-22 01:02:33', NULL, NULL, NULL),
(373, 139, 5, 'Delivery Fee', '9759160', '2020-03-03', '2020-03-31', '2020-05-22 01:04:07', NULL, NULL, NULL),
(374, 14, 5, 'Delivery Fee', '9759161', '1970-01-01', '2020-03-31', '2020-05-22 01:05:07', NULL, NULL, NULL),
(375, 49, 5, 'Court Rental.', '9759162', '2020-03-03', '2020-03-31', '2020-05-22 01:05:47', NULL, NULL, NULL),
(376, 23, 5, 'Court Rental', '9759163', '2020-03-04', '2020-03-31', '2020-05-22 01:06:18', NULL, NULL, NULL),
(377, 14, 5, 'Delivery Fee', '9759164', '2020-03-04', '2020-03-31', '2020-05-22 01:07:03', NULL, NULL, NULL),
(378, 81, 5, 'Delivery Fee', '9759165', '2020-03-04', '2020-03-31', '2020-05-22 01:07:46', NULL, NULL, NULL),
(379, 29, 5, 'Delivery Fee', '9759166', '2020-03-05', '2020-03-31', '2020-05-22 01:08:20', NULL, NULL, NULL),
(380, 140, 5, 'Delivery Fee', '9759167', '2020-03-05', '2020-03-31', '2020-05-22 01:09:06', NULL, NULL, NULL),
(381, 68, 5, 'Court Rental', '9759168', '2020-03-05', '2020-03-31', '2020-05-22 01:09:35', NULL, NULL, NULL),
(382, 25, 5, 'Delivery Fee', '9759169', '2020-03-05', '2020-03-31', '2020-05-22 01:10:02', NULL, NULL, NULL),
(383, 89, 5, 'Delivery Fee', '9759170', '2020-03-05', '2020-03-31', '2020-05-22 01:10:33', NULL, NULL, NULL),
(384, 29, 5, 'Delivery Fee', '9759171', '2020-03-05', '2020-03-31', '2020-05-22 01:11:03', NULL, NULL, NULL),
(385, 81, 5, 'Delivery Fee', '9759172', '2020-03-06', '2020-03-31', '2020-05-22 01:12:08', NULL, NULL, NULL),
(386, 141, 5, 'Delivery Fee', '9759173', '2020-03-06', '2020-03-31', '2020-05-22 01:13:06', NULL, NULL, NULL),
(387, 29, 5, 'Delivery Fee', '9759174', '2020-03-06', '2020-03-31', '2020-05-22 01:13:42', NULL, NULL, NULL),
(388, 86, 5, 'Court Rental', '9759175', '2020-03-06', '2020-03-31', '2020-05-22 01:24:29', NULL, NULL, NULL),
(389, 142, 5, 'Brgy. Clearance', '9759176', '2020-03-07', '2020-03-31', '2020-05-22 01:26:21', NULL, NULL, NULL),
(390, 143, 5, 'Court Rental', '9759177', '2020-03-07', '2020-03-31', '2020-05-22 01:27:47', NULL, NULL, NULL),
(391, 14, 5, 'Delivery Fee', '9759178', '2020-03-07', '2020-03-31', '2020-05-22 01:28:32', NULL, NULL, NULL),
(392, 19, 5, 'Court Rental', '9759179', '2020-03-07', '2020-03-31', '2020-05-22 01:30:36', NULL, NULL, NULL),
(393, 14, 5, 'Delivery Fee', '9759180', '2020-03-07', '2020-03-31', '2020-05-22 01:38:13', NULL, NULL, NULL),
(394, 144, 5, 'Court Rental', '9759181', '2020-03-31', '2020-03-31', '2020-05-22 01:41:01', NULL, NULL, NULL),
(395, 29, 5, 'Delivery Fee', '9759182', '2020-03-09', '2020-03-31', '2020-05-22 01:41:35', NULL, NULL, NULL),
(396, 29, 5, 'Delivery Fee', '9759183', '2020-03-09', '2020-03-31', '2020-05-22 01:42:44', '2020-05-22 01:56:04', NULL, NULL),
(397, 14, 5, 'Delivery Fee', '9759184', '2020-03-09', '2020-03-31', '2020-05-22 01:43:33', '2020-05-22 01:57:11', NULL, NULL),
(398, 124, 5, 'Delivery Fee', '9759185', '2020-03-09', '2020-03-31', '2020-05-22 01:44:15', '2020-05-22 01:58:11', NULL, NULL),
(399, 29, 5, 'Delivery Fee', '9759186', '2020-03-09', '2020-03-31', '2020-05-22 01:44:57', '2020-05-22 01:58:54', NULL, NULL),
(400, 90, 5, 'Delivery Fee', '9759187', '2020-03-09', '2020-03-31', '2020-05-22 01:45:41', '2020-05-22 01:59:28', NULL, NULL),
(401, 14, 5, 'Delivery Fee', '9759188', '2020-03-09', '2020-03-31', '2020-05-22 01:46:25', '2020-05-22 02:00:54', NULL, NULL),
(402, 145, 5, 'Court Rental', '9759189', '2020-03-10', '2020-03-31', '2020-05-22 01:48:25', '2020-05-22 02:02:05', NULL, NULL),
(403, 14, 5, 'Delivery Fee', '9759190', '2020-03-10', '2020-03-31', '2020-05-22 01:49:28', '2020-05-22 02:03:33', NULL, NULL),
(404, 148, 5, 'Brgy. Clearance', '9759191', '2020-03-11', '2020-03-31', '2020-05-22 01:50:14', '2020-05-22 02:04:50', NULL, NULL),
(405, 14, 5, 'Delivery Fee', '9759192', '2020-03-10', '2020-03-31', '2020-05-22 01:50:57', '2020-05-22 02:05:55', NULL, NULL),
(406, 81, 5, 'Delivery Fee', '9759193', '2020-03-11', '2020-03-31', '2020-05-22 01:51:25', '2020-05-22 02:06:46', NULL, NULL),
(407, 25, 5, 'Delivery Fee', '9759194', '2020-03-11', '2020-03-31', '2020-05-22 01:52:08', '2020-05-22 02:07:24', NULL, NULL),
(408, 14, 5, 'Delivery Fee', '9759195', '2020-03-11', '2020-03-31', '2020-05-22 01:52:44', '2020-05-22 02:08:18', NULL, NULL),
(409, 147, 5, 'Court Rental', '9759196', '2020-03-11', '2020-03-31', '2020-05-22 01:53:12', '2020-05-22 02:09:12', NULL, NULL),
(410, 14, 5, 'Delivery Fee', '9759197', '2020-03-12', '2020-03-31', '2020-05-22 02:10:11', NULL, NULL, NULL),
(411, 29, 5, 'Delivery Fee', '9759198', '2020-03-12', '2020-03-31', '2020-05-22 02:10:40', NULL, NULL, NULL),
(412, 81, 5, 'Delivery Fee', '9759199', '2020-03-12', '2020-03-31', '2020-05-22 02:11:31', NULL, NULL, NULL),
(413, 14, 5, 'Delivery Fee', '9759200', '2020-03-12', '2020-03-31', '2020-05-22 02:12:30', NULL, NULL, NULL),
(414, 149, 2, 'Business Clearance', '9759201', '1970-01-01', '2020-03-31', '2020-05-22 02:14:49', NULL, NULL, NULL),
(415, 10, 5, 'Refund Payroll Contractual', '9759202', '2020-03-12', '2020-03-31', '2020-05-22 02:17:09', NULL, NULL, NULL),
(416, 150, 5, 'Delivery Fee', '9759203', '2020-03-13', '2020-03-31', '2020-05-22 02:18:34', NULL, NULL, NULL),
(417, 151, 5, 'Delivery Fee', '9759204', '2020-03-13', '2020-03-31', '2020-05-22 02:19:16', NULL, NULL, NULL),
(418, 14, 5, 'Delivery Fee.', '9759205', '2020-03-13', '2020-03-31', '2020-05-22 02:20:25', NULL, NULL, NULL),
(419, 14, 5, 'Delivery Fee.', '9759206', '2020-03-13', '2020-03-31', '2020-05-22 02:21:14', NULL, NULL, NULL),
(420, 81, 5, 'Delivery Fee', '9759207', '2020-03-13', '2020-03-31', '2020-05-22 02:21:48', '2020-05-22 02:23:04', NULL, NULL),
(421, 107, 5, 'Delivery Fee', '9759208', '2020-03-13', '2020-03-31', '2020-05-22 02:24:19', NULL, NULL, NULL),
(422, 152, 2, 'Penalty Business', '9759209', '2020-03-13', '2020-03-31', '2020-05-22 02:25:39', NULL, NULL, NULL),
(423, 14, 5, 'Delivery Fee', '9759210', '0202-03-14', '2020-03-31', '2020-05-22 02:26:24', NULL, NULL, NULL),
(424, 107, 5, 'Delivery Fee', '9759211', '2020-03-14', '2020-03-31', '2020-05-22 02:27:04', NULL, NULL, NULL),
(425, 153, 5, 'Utility Clearance', '9759212', '2020-03-16', '2020-03-31', '2020-05-22 02:27:59', NULL, NULL, NULL),
(426, 81, 5, 'Delivery Fee', '9759213', '2020-03-16', '2020-03-31', '2020-05-25 16:07:58', NULL, NULL, NULL),
(427, 89, 5, 'Delivery Fee', '9759214', '2020-03-16', '2020-03-31', '2020-05-25 16:08:37', NULL, NULL, NULL),
(428, 14, 5, 'Delivery Fee.', '9759215', '2020-03-16', '2020-03-31', '2020-05-25 16:09:30', NULL, NULL, NULL),
(429, 154, 5, 'Delivery Fee', '9759216', '2020-03-16', '2020-03-31', '2020-05-25 16:10:13', NULL, NULL, NULL),
(430, 155, 5, 'Delivery Fee', '9759217', '2020-03-16', '2020-03-31', '2020-05-25 16:11:04', NULL, NULL, NULL),
(431, 89, 5, 'Delivery Fee', '9759218', '2020-03-16', '2020-03-31', '2020-05-25 16:11:34', NULL, NULL, NULL),
(432, 156, 5, 'Delivery Fee', '9759219', '2020-03-16', '2020-03-31', '2020-05-25 16:12:16', NULL, NULL, NULL),
(433, 89, 5, 'Delivery Fee', '9759220', '2020-03-16', '2020-03-31', '2020-05-25 16:12:46', NULL, NULL, NULL),
(434, 157, 6, 'Donation', '9759221', '2020-04-01', '2020-04-30', '2020-05-25 16:14:02', NULL, NULL, NULL),
(435, 158, 6, 'Donation', '9759222', '2020-04-03', '2020-04-30', '2020-05-25 16:15:26', NULL, NULL, NULL),
(436, 10, 5, 'Refund Plantilla Payroll', '9759223', '2020-04-07', '2020-04-30', '2020-05-25 16:16:28', NULL, NULL, NULL),
(437, 159, 6, 'Delivery Fee', '9759224', '2020-04-13', '2020-04-30', '2020-05-25 16:17:41', NULL, NULL, NULL),
(438, 160, 6, 'Donation', '9759225', '2020-04-14', '2020-04-30', '2020-05-25 16:19:11', NULL, NULL, NULL),
(439, 8, 5, 'Utility Clearance', '9759226', '2020-05-01', '2020-05-29', '2020-05-25 16:21:47', NULL, NULL, NULL),
(440, 9, 5, 'Utility Clearance', '9759227', '2020-05-02', '2020-05-29', '2020-05-25 16:22:55', NULL, NULL, NULL),
(441, 10, 5, 'Refund for Hazard Pay Contractual', '9759228', '2020-05-08', '2020-05-29', '2020-05-25 16:24:05', NULL, NULL, NULL),
(442, 161, 3, 'CTC Share for 2019', '9759229', '2020-05-15', '2020-05-29', '2020-05-25 16:28:32', NULL, NULL, NULL),
(443, 161, 1, 'RPTS 1st Qtr. 2020', '9759230', '2020-05-15', '2020-05-29', '2020-05-25 16:29:45', NULL, NULL, NULL),
(444, 162, 5, 'Utility Clearance', '9759231', '2020-05-15', '2020-05-29', '2020-05-25 16:30:44', NULL, NULL, NULL),
(445, 163, 5, 'Brgy. Clearance', '9759232', '2020-05-22', '2020-05-29', '2020-05-25 16:31:38', NULL, NULL, NULL),
(446, 164, 5, 'Court Rental', '9759233', '2020-06-03', '2020-08-31', '2020-08-12 17:58:45', NULL, NULL, NULL),
(447, 165, 5, 'Brgy. Clearance', '9759234', '2020-06-03', '2020-08-31', '2020-08-12 18:00:10', NULL, NULL, NULL),
(448, 166, 5, 'Brgy. Clearance', '9759235', '2020-06-04', '2020-08-31', '2020-08-12 18:01:22', NULL, NULL, NULL),
(449, 167, 6, 'Donation', '9759236', '2020-06-09', '2020-08-31', '2020-08-12 18:02:37', NULL, NULL, NULL),
(450, 10, 5, 'Delivery Fee', '9444', '2021-01-07', '2021-01-08', '2021-01-06 22:05:09', NULL, NULL, NULL),
(451, 10, 5, 'Refund', '9759237', '2020-06-10', '2020-06-10', '2021-01-19 23:01:01', NULL, NULL, NULL),
(452, 10, 5, 'Refund', '9759238', '2020-06-10', '2020-06-10', '2021-01-19 23:01:52', NULL, NULL, NULL),
(453, 164, 5, 'Court Rental', '9759239', '2020-06-09', '2020-06-09', '2021-01-19 23:04:34', NULL, NULL, NULL);
INSERT INTO `invoices` (`id`, `payee_id`, `ledger_id`, `collection_nature`, `or_number`, `invoice_date`, `due_date`, `created_at`, `updated_at`, `deleted_at`, `created_by`) VALUES
(454, 176, 5, 'Brgy. Clearance', '9759240', '2020-06-09', '2020-06-09', '2021-01-19 23:06:41', NULL, NULL, NULL),
(455, 118, 5, 'kalingang Q.C. Financial Assistant', '9759241', '2020-06-09', '2020-06-09', '2021-01-19 23:26:35', NULL, NULL, NULL),
(456, 161, 5, 'kalingang Q.C. Financial Assistant', '9759242', '2020-06-14', '2020-06-14', '2021-01-19 23:28:52', NULL, NULL, NULL),
(457, 118, 5, 'kalingang Q.C. Financial Assistant', '9759243', '2020-06-15', '2020-06-15', '2021-01-19 23:29:29', NULL, NULL, NULL),
(458, 164, 5, 'Court Rental', '9759244', '2020-06-15', '2020-06-15', '2021-01-19 23:30:13', NULL, NULL, NULL),
(459, 177, 5, 'Utility Clearance', '9759245', '2020-06-15', '2020-06-15', '2021-01-19 23:31:26', NULL, NULL, NULL),
(460, 178, 5, 'Brgy. Clearance', '9759246', '2020-06-17', '2020-06-17', '2021-01-19 23:36:19', NULL, NULL, NULL),
(461, 110, 5, 'Delivery Fee', '9759247', '2020-06-17', '2020-06-17', '2021-01-19 23:37:23', NULL, NULL, NULL),
(462, 89, 5, 'Delivery Fee', '9759248', '2020-06-17', '2020-06-17', '2021-01-19 23:38:14', NULL, NULL, NULL),
(463, 118, 5, 'kalingang Q.C. Financial Assistant', '9759249', '2020-06-18', '2020-06-18', '2021-01-19 23:38:58', NULL, NULL, NULL),
(464, 134, 5, 'Delivery Fee', '9759250', '2020-06-18', '2020-06-18', '2021-01-19 23:39:37', NULL, NULL, NULL),
(465, 179, 5, 'Brgy. ID', '9759251', '2020-06-19', '2020-06-19', '2021-01-19 23:53:31', NULL, NULL, NULL),
(466, 180, 5, 'Brgy. ID', '9759252', '2020-06-19', '2020-06-19', '2021-01-19 23:54:22', NULL, NULL, NULL),
(467, 181, 5, 'Brgy. ID', '9759253', '2020-06-19', '2020-06-19', '2021-01-19 23:55:19', NULL, NULL, NULL),
(468, 182, 5, 'Brgy. ID', '9759254', '2020-06-19', '2020-06-19', '2021-01-19 23:56:16', NULL, NULL, NULL),
(469, 183, 5, 'Brgy. ID', '9759255', '2020-06-19', '2020-06-19', '2021-01-19 23:57:53', NULL, NULL, NULL),
(470, 184, 5, 'Brgy. ID', '9759256', '2020-06-19', '2020-06-19', '2021-01-19 23:58:57', NULL, NULL, NULL),
(471, 184, 5, 'Brgy. Clearance', '9759257', '2020-06-19', '2020-06-19', '2021-01-19 23:59:47', NULL, NULL, NULL),
(472, 185, 5, 'Brgy. ID', '9759258', '2020-06-19', '2020-06-19', '2021-01-20 00:00:36', NULL, NULL, NULL),
(473, 78, 5, 'Brgy. ID', '9759259', '2020-06-19', '2020-06-19', '2021-01-20 00:01:20', NULL, NULL, NULL),
(474, 186, 5, 'Brgy. ID', '9759260', '2020-06-19', '2020-06-19', '2021-01-20 00:03:39', NULL, NULL, NULL),
(475, 187, 5, 'Brgy. ID', '9759261', '2020-06-19', '2020-06-19', '2021-01-20 00:04:34', NULL, NULL, NULL),
(476, 188, 2, 'Business Clearance', '9759262', '2020-06-19', '2020-06-19', '2021-01-20 00:06:07', NULL, NULL, NULL),
(477, 189, 5, 'Brgy. ID', '9759263', '2020-06-19', '2020-06-19', '2021-01-20 00:07:23', NULL, NULL, NULL),
(478, 190, 5, 'Brgy. ID', '9759264', '2020-06-19', '2020-06-19', '2021-01-20 00:08:32', NULL, NULL, NULL),
(479, 191, 5, 'Brgy. ID', '9759265', '2020-06-19', '2020-06-19', '2021-01-20 00:09:40', NULL, NULL, NULL),
(480, 192, 5, 'Brgy. ID', '9759266', '2020-06-19', '2020-06-19', '2021-01-20 00:10:54', NULL, NULL, NULL),
(481, 193, 5, 'Brgy. ID', '9759267', '2020-06-19', '2020-06-19', '2021-01-20 00:31:38', NULL, NULL, NULL),
(482, 194, 5, 'Brgy. ID', '9759268', '2020-06-19', '2020-06-19', '2021-01-20 00:32:33', NULL, NULL, NULL),
(483, 195, 5, 'Brgy. ID', '9759269', '2020-06-19', '2020-06-19', '2021-01-20 00:33:42', NULL, NULL, NULL),
(484, 196, 5, 'Brgy. ID', '9759270', '2020-06-19', '2020-06-19', '2021-01-20 00:34:39', NULL, NULL, NULL),
(485, 197, 5, 'Brgy. ID', '9759271', '2020-06-19', '2020-06-19', '2021-01-20 00:35:21', NULL, NULL, NULL),
(486, 198, 5, 'Brgy. ID', '9759272', '2020-06-20', '2020-06-20', '2021-01-20 00:36:26', NULL, NULL, NULL),
(487, 199, 5, 'Brgy. ID', '9759273', '2020-06-20', '2020-06-20', '2021-01-20 00:37:33', NULL, NULL, NULL),
(488, 200, 5, 'Brgy. ID', '9759274', '2020-06-20', '2020-06-20', '2021-01-20 00:39:27', NULL, NULL, NULL),
(489, 164, 5, 'Court Rental', '9759275', '2020-06-20', '2020-06-20', '2021-01-20 00:40:00', NULL, NULL, NULL),
(490, 134, 5, 'Brgy. ID', '9759276', '2020-06-22', '2020-06-22', '2021-01-20 00:40:28', NULL, NULL, NULL),
(491, 201, 5, 'Brgy. ID', '9759277', '2020-06-22', '2020-06-22', '2021-01-20 00:41:49', NULL, NULL, NULL),
(492, 202, 5, 'Delivery Fee', '9759278', '2020-06-22', '2020-06-22', '2021-01-20 00:42:25', NULL, NULL, NULL),
(493, 203, 5, 'Brgy. ID', '9759279', '2020-06-22', '2020-06-22', '2021-01-20 00:43:35', NULL, NULL, NULL),
(494, 204, 5, 'Brgy. ID', '9759280', '2020-06-22', '2020-06-22', '2021-01-20 00:44:16', NULL, NULL, NULL),
(495, 205, 5, 'Brgy. ID', '9759281', '2020-06-22', '2020-06-22', '2021-01-20 00:45:05', NULL, NULL, NULL),
(496, 206, 5, 'Brgy. ID', '9759282', '2020-06-22', '2020-06-22', '2021-01-21 23:16:58', NULL, NULL, NULL),
(497, 207, 5, 'Brgy. ID', '9759283', '2020-06-22', '2020-06-26', '2021-01-21 23:17:50', NULL, NULL, NULL),
(498, 208, 5, 'Brgy. ID', '9759284', '2020-06-22', '2020-06-22', '2021-01-21 23:18:38', NULL, NULL, NULL),
(499, 209, 5, 'Brgy. ID', '9759285', '2020-06-22', '2020-06-26', '2021-01-21 23:20:45', NULL, NULL, NULL),
(500, 212, 5, 'Brgy. ID', '9759286', '2020-06-22', '2020-06-26', '2021-01-21 23:21:39', '2021-01-21 23:25:00', NULL, NULL),
(501, 210, 5, 'Brgy. ID', '9759287', '2020-06-22', '2020-06-22', '2021-01-21 23:22:50', '2021-01-21 23:25:58', NULL, NULL),
(502, 211, 5, 'Brgy. ID', '9759288', '2020-06-22', '2020-06-26', '2021-01-21 23:27:03', NULL, NULL, NULL),
(503, 142, 5, 'Brgy. Clearance', '9759289', '2020-06-22', '2020-06-26', '2021-01-21 23:28:19', NULL, NULL, NULL),
(504, 213, 5, 'Brgy. ID', '9759290', '2020-06-22', '2020-06-26', '2021-01-21 23:29:38', NULL, NULL, NULL),
(505, 214, 5, 'Brgy. ID', '9759291', '2020-06-22', '2020-06-22', '2021-01-22 01:20:13', NULL, NULL, NULL),
(506, 215, 5, 'Brgy. ID', '9759292', '2020-06-22', '2020-06-22', '2021-01-22 01:22:46', NULL, NULL, NULL),
(507, 216, 5, 'Brgy. ID', '9759293', '2020-06-22', '2020-06-26', '2021-01-22 01:24:49', NULL, NULL, NULL),
(508, 217, 5, 'Brgy. Clearance', '9759294', '2020-06-22', '2020-06-26', '2021-01-22 01:26:26', NULL, NULL, NULL),
(509, 218, 5, 'Brgy. ID', '9759295', '2020-06-22', '2020-06-26', '2021-01-22 01:27:50', NULL, NULL, NULL),
(510, 89, 5, 'Delivery Fee', '9759296', '2020-06-22', '2020-06-26', '2021-01-22 01:30:29', NULL, NULL, NULL),
(511, 219, 2, 'Business Clearance', '9759297', '2020-06-22', '2020-06-26', '2021-01-22 01:32:10', NULL, NULL, NULL),
(512, 220, 5, 'Brgy. ID', '9759298', '2020-06-22', '2020-06-26', '2021-01-22 01:33:27', NULL, NULL, NULL),
(513, 221, 5, 'Brgy. ID', '9759299', '2020-06-22', '2020-06-26', '2021-01-22 01:34:29', NULL, NULL, NULL),
(514, 81, 5, 'Delivery Fee', '9759300', '2020-06-23', '2020-06-26', '2021-01-22 01:35:30', NULL, NULL, NULL),
(515, 222, 5, 'Brgy. ID', '0116001', '2020-07-01', '2020-07-01', '2021-01-26 17:35:39', NULL, NULL, NULL),
(516, 223, 5, 'Brgy. ID', '116002', '2020-07-01', '2020-07-01', '2021-01-26 17:37:32', NULL, NULL, NULL),
(517, 224, 5, 'Brgy. ID', '0116003', '2020-07-01', '2020-07-03', '2021-01-26 17:48:17', NULL, NULL, NULL),
(518, 225, 5, 'Brgy. ID', '116004', '2020-07-01', '2020-07-03', '2021-01-26 17:54:28', NULL, NULL, NULL),
(519, 226, 5, 'Brgy. ID', '116005', '2020-07-01', '2020-07-03', '2021-01-26 18:09:42', NULL, NULL, NULL),
(520, 227, 5, 'Brgy. ID', '116006', '2020-07-01', '2020-07-03', '2021-01-26 18:11:02', NULL, NULL, NULL),
(521, 228, 5, 'Brgy. ID', '116007', '2020-07-01', '2020-07-03', '2021-01-26 18:12:44', NULL, NULL, NULL),
(522, 229, 5, 'Brgy. ID', '116008', '2020-07-01', '2020-07-03', '2021-01-26 18:14:08', NULL, NULL, NULL),
(523, 230, 5, 'Brgy. ID', '116009', '2020-07-01', '2020-07-03', '2021-01-26 18:15:53', NULL, NULL, NULL),
(524, 231, 5, 'Brgy. ID', '116010', '2020-07-01', '2020-07-03', '2021-01-26 18:17:19', NULL, NULL, NULL),
(525, 232, 5, 'Brgy. ID', '116011', '2020-07-01', '2020-07-03', '2021-01-26 18:20:12', NULL, NULL, NULL),
(526, 233, 5, 'Brgy. ID', '116012', '2020-07-01', '2020-07-03', '2021-01-26 18:22:51', NULL, NULL, NULL),
(527, 234, 5, 'Brgy. ID', '116013', '2020-07-01', '2020-07-03', '2021-01-26 18:24:08', NULL, NULL, NULL),
(528, 235, 5, 'Brgy. ID', '116014', '2020-07-01', '2020-07-03', '2021-01-26 18:25:25', NULL, NULL, NULL),
(529, 236, 5, 'Brgy. ID', '116015', '2020-07-01', '2020-07-03', '2021-01-26 18:26:54', NULL, NULL, NULL),
(530, 237, 5, 'Brgy. ID', '116016', '2020-07-01', '2020-07-03', '2021-01-26 18:28:43', NULL, NULL, NULL),
(531, 238, 5, 'Brgy. ID', '116017', '2020-07-01', '2020-07-03', '2021-01-26 18:30:17', NULL, NULL, NULL),
(532, 239, 5, 'Brgy. ID', '116018', '2020-07-01', '2020-07-03', '2021-01-26 18:32:18', NULL, NULL, NULL),
(533, 240, 5, 'Brgy. ID', '0116019', '2020-07-01', '2020-07-03', '2021-01-26 18:34:21', '2021-01-26 18:38:24', NULL, NULL),
(534, 163, 5, 'Brgy. ID', '0116020', '2020-07-01', '2020-07-03', '2021-01-26 18:39:51', NULL, NULL, NULL),
(535, 241, 5, 'Brgy. ID', '116021', '2020-07-01', '2020-07-03', '2021-01-26 18:41:16', NULL, NULL, NULL),
(536, 242, 5, 'Brgy. ID', '116022', '2020-07-01', '2020-07-03', '2021-01-26 18:46:20', NULL, NULL, NULL),
(537, 243, 5, 'Brgy. Clearance', '116023', '2020-07-01', '2020-07-03', '2021-01-26 18:48:37', NULL, NULL, NULL),
(538, 135, 5, 'Brgy. Clearance', '116024', '2020-07-01', '2020-07-03', '2021-01-26 18:50:21', NULL, NULL, NULL),
(539, 244, 5, 'Brgy. Clearance', '116025', '2020-07-01', '2020-07-03', '2021-01-26 18:52:02', NULL, NULL, NULL),
(540, 245, 5, 'Brgy. ID', '116026', '2020-07-01', '2020-07-03', '2021-01-26 18:54:43', NULL, NULL, NULL),
(541, 246, 5, 'Brgy. ID', '116027', '2020-07-01', '2020-07-03', '2021-01-26 18:57:50', NULL, NULL, NULL),
(542, 193, 5, 'Brgy. ID', '116028', '2020-07-01', '2020-07-03', '2021-01-26 18:58:56', NULL, NULL, NULL),
(543, 247, 5, 'Brgy. ID', '116029', '2020-07-01', '2020-07-03', '2021-01-26 19:00:44', NULL, NULL, NULL),
(544, 248, 5, 'Brgy. ID', '116030', '2020-07-01', '2020-07-03', '2021-01-26 19:03:59', NULL, NULL, NULL),
(545, 249, 5, 'Brgy. ID', '116031', '2020-07-01', '2020-07-03', '2021-01-26 19:05:24', NULL, NULL, NULL),
(546, 250, 5, 'Brgy. Clearance', '116032', '2020-07-01', '2020-07-03', '2021-01-26 19:07:28', NULL, NULL, NULL),
(547, 251, 5, 'Brgy. ID', '116033', '2020-07-01', '2020-07-03', '2021-01-26 19:09:52', NULL, NULL, NULL),
(548, 252, 5, 'Brgy. ID', '116034', '2020-07-01', '2020-07-03', '2021-01-26 19:11:16', NULL, NULL, NULL),
(549, 253, 5, 'Delivery Fee', '116035', '2020-07-01', '2020-07-03', '2021-01-26 19:13:20', NULL, NULL, NULL),
(550, 254, 5, 'Delivery Fee', '116036', '2020-07-01', '2020-07-03', '2021-01-26 19:15:20', NULL, NULL, NULL),
(551, 255, 5, 'Brgy. ID', '116037', '2020-07-01', '2020-07-03', '2021-01-26 19:16:55', NULL, NULL, NULL),
(552, 256, 5, 'Brgy. ID', '116038', '2020-07-01', '2020-07-03', '2021-01-26 19:18:37', NULL, NULL, NULL),
(553, 257, 5, 'Brgy. ID', '116039', '2020-07-01', '2020-07-03', '2021-01-26 19:20:11', NULL, NULL, NULL),
(554, 81, 5, 'Delivery Fee', '116040', '2020-07-01', '2020-07-03', '2021-01-26 19:20:57', NULL, NULL, NULL),
(555, 258, 5, 'Brgy. ID', '116041', '2020-07-01', '2020-07-03', '2021-01-26 19:22:09', NULL, NULL, NULL),
(556, 255, 5, 'Brgy. ID', '116042', '2020-07-01', '2020-07-03', '2021-01-26 19:23:25', '2021-01-26 19:25:29', NULL, NULL),
(557, 259, 5, 'Brgy. ID', '116043', '2020-07-01', '2020-07-03', '2021-01-26 19:26:44', NULL, NULL, NULL),
(558, 260, 5, 'Brgy. ID', '116044', '2020-07-01', '2020-07-03', '2021-01-26 19:29:05', NULL, NULL, NULL),
(559, 261, 5, 'Brgy. ID', '116045', '2020-07-01', '2020-07-03', '2021-01-26 19:30:15', NULL, NULL, NULL),
(560, 262, 5, 'Brgy. ID', '116046', '2020-07-01', '2020-07-03', '2021-01-26 19:31:13', NULL, NULL, NULL),
(561, 263, 5, 'Brgy. ID', '116047', '2020-07-01', '2020-07-03', '2021-01-26 19:32:32', NULL, NULL, NULL),
(562, 8, 5, 'Brgy. ID', '116048', '2020-07-01', '2020-07-03', '2021-01-26 19:33:23', NULL, NULL, NULL),
(563, 264, 5, 'Brgy. ID', '116049', '2020-07-01', '2020-07-03', '2021-01-26 19:34:35', NULL, NULL, NULL),
(564, 265, 5, 'Brgy. ID', '116050', '2020-07-01', '2020-07-03', '2021-01-26 19:36:19', NULL, NULL, NULL),
(565, 263, 5, 'Brgy. Clearance', '116051', '2020-07-01', '2020-07-03', '2021-01-26 19:37:34', NULL, NULL, NULL),
(566, 266, 5, 'Brgy. ID', '116052', '2020-07-01', '2020-07-03', '2021-01-26 19:39:41', NULL, NULL, NULL),
(567, 267, 5, 'Brgy. ID', '116053', '2020-07-01', '2020-07-03', '2021-01-26 19:41:43', NULL, NULL, NULL),
(568, 268, 5, 'Brgy. ID', '116054', '2020-07-01', '2020-07-03', '2021-01-26 19:42:57', NULL, NULL, NULL),
(569, 269, 5, 'Brgy. ID', '116055', '2020-07-01', '2020-07-03', '2021-01-26 19:45:04', NULL, NULL, NULL),
(570, 270, 5, 'Brgy. ID', '116056', '2020-07-01', '2020-07-03', '2021-01-26 19:45:59', NULL, NULL, NULL),
(571, 271, 5, 'Brgy. ID', '116057', '2020-07-01', '2020-07-03', '2021-01-26 19:47:11', NULL, NULL, NULL),
(572, 272, 5, 'Brgy. ID', '116058', '2020-07-01', '2020-07-03', '2021-01-26 19:48:21', NULL, NULL, NULL),
(573, 81, 5, 'Delivery Fee', '116059', '2020-07-01', '2020-07-03', '2021-01-26 19:56:02', NULL, NULL, NULL),
(574, 273, 5, 'Brgy. ID', '116060', '2020-07-01', '2020-07-03', '2021-01-26 19:57:37', NULL, NULL, NULL),
(575, 89, 5, 'Delivery Fee', '116061', '2020-07-01', '2020-07-03', '2021-01-26 19:58:15', NULL, NULL, NULL),
(576, 161, 5, 'kalingang Q.C. Financial Assistant', '116062', '2020-06-29', '2020-06-29', '2021-01-26 20:02:09', NULL, NULL, NULL),
(577, 274, 5, 'Brgy. ID', '116063', '2020-07-01', '2020-07-03', '2021-01-26 20:04:03', NULL, NULL, NULL),
(578, 265, 5, 'Brgy. ID', '116064', '2020-07-01', '2020-07-03', '2021-01-26 20:05:12', NULL, NULL, NULL),
(579, 275, 5, 'Brgy. ID', '116065', '2020-07-01', '2020-07-03', '2021-01-26 20:06:30', NULL, NULL, NULL),
(580, 276, 5, 'Brgy. ID', '116066', '2020-07-01', '2020-07-03', '2021-01-26 20:07:31', NULL, NULL, NULL),
(581, 277, 5, 'Brgy. ID', '116067', '2020-07-01', '2020-07-03', '2021-01-26 20:10:06', NULL, NULL, NULL),
(582, 278, 5, 'Brgy. ID', '116068', '2020-07-01', '2020-07-03', '2021-01-26 20:11:18', NULL, NULL, NULL),
(583, 279, 5, 'Brgy. ID', '116069', '2020-07-01', '2020-07-03', '2021-01-26 20:12:21', NULL, NULL, NULL),
(584, 280, 5, 'Brgy. ID', '116070', '2020-07-01', '2020-07-03', '2021-01-26 20:13:33', NULL, NULL, NULL),
(585, 281, 5, 'Brgy. ID', '116071', '2020-07-01', '2020-07-03', '2021-01-26 20:14:37', NULL, NULL, NULL),
(586, 89, 5, 'Delivery Fee', '116072', '2020-07-01', '2020-07-03', '2021-01-26 20:15:21', NULL, NULL, NULL),
(587, 282, 5, 'Brgy. ID', '116073', '2020-07-01', '2020-07-03', '2021-01-26 20:16:52', NULL, NULL, NULL),
(588, 81, 5, 'Delivery Fee', '116074', '2020-07-01', '2020-07-03', '2021-01-26 20:17:30', NULL, NULL, NULL),
(589, 81, 5, 'Delivery Fee', '116075', '2020-07-01', '2020-07-03', '2021-01-26 20:18:03', NULL, NULL, NULL),
(590, 81, 5, 'Delivery Fee', '116076', '2020-07-01', '2020-07-03', '2021-01-26 20:18:34', NULL, NULL, NULL),
(591, 81, 5, 'Delivery Fee', '116077', '2020-07-01', '2020-07-03', '2021-01-26 20:19:06', NULL, NULL, NULL),
(592, 81, 5, 'Delivery Fee', '116078', '2020-07-01', '2020-07-03', '2021-01-26 20:19:34', NULL, NULL, NULL),
(593, 81, 5, 'Delivery Fee', '116079', '2020-07-01', '2020-07-03', '2021-01-26 20:20:09', NULL, NULL, NULL),
(594, 81, 5, 'Delivery Fee', '116080', '2020-07-01', '2020-07-03', '2021-01-26 20:20:48', NULL, NULL, NULL),
(595, 276, 5, 'Brgy. ID', '116081', '2020-07-01', '2020-07-03', '2021-01-26 21:26:18', NULL, NULL, NULL),
(596, 89, 5, 'Delivery Fee', '116082', '2020-07-01', '2020-07-03', '2021-01-26 21:27:15', NULL, NULL, NULL),
(597, 283, 5, 'Brgy. ID', '116083', '2020-07-01', '2020-07-03', '2021-01-26 21:29:03', NULL, NULL, NULL),
(598, 118, 5, 'kalingang Q.C. Financial Assistant', '116084', '2020-07-01', '2020-07-03', '2021-01-26 21:30:12', NULL, NULL, NULL),
(599, 118, 5, 'kalingang Q.C. Financial Assistant', '116085', '2020-06-30', '2020-06-30', '2021-01-26 21:30:58', '2021-01-26 21:33:45', NULL, NULL),
(600, 118, 5, 'kalingang Q.C. Financial Assistant', '116086', '2020-06-30', '2020-06-30', '2021-01-26 21:32:58', NULL, NULL, NULL),
(601, 118, 5, 'kalingang Q.C. Financial Assistant', '116087', '2020-06-30', '2020-06-30', '2021-01-26 21:34:47', NULL, NULL, NULL),
(602, 284, 5, 'Brgy. ID', '116088', '2020-07-01', '2020-07-03', '2021-01-26 21:36:20', NULL, NULL, NULL),
(603, 285, 5, 'Brgy. ID', '116089', '2020-07-01', '2020-07-03', '2021-01-26 21:39:41', NULL, NULL, NULL),
(604, 286, 5, 'Brgy. ID', '116090', '2020-07-01', '2020-07-03', '2021-01-26 21:41:14', NULL, NULL, NULL),
(605, 89, 5, 'Delivery Fee', '116091', '2020-07-01', '2020-07-03', '2021-01-26 21:41:48', NULL, NULL, NULL),
(606, 89, 5, 'Delivery Fee', '116092', '2020-07-01', '2020-07-03', '2021-01-26 21:42:32', NULL, NULL, NULL),
(607, 89, 5, 'Delivery Fee', '116093', '2020-07-01', '2020-07-03', '2021-01-26 21:43:10', NULL, NULL, NULL),
(608, 287, 5, 'Brgy. Clearance', '116094', '2020-07-01', '2020-07-03', '2021-01-26 21:44:15', NULL, NULL, NULL),
(609, 288, 5, 'Brgy. Clearance', '116095', '2020-07-01', '2020-07-03', '2021-01-26 21:45:24', NULL, NULL, NULL),
(610, 289, 5, 'Delivery Fee', '116096', '2020-07-01', '2020-07-03', '2021-01-26 21:46:23', NULL, NULL, NULL),
(611, 81, 5, 'Delivery Fee', '116097', '2020-07-01', '2020-07-03', '2021-01-26 21:47:01', NULL, NULL, NULL),
(612, 81, 5, 'Delivery Fee', '116098', '2020-07-01', '2020-07-03', '2021-01-26 21:49:10', NULL, NULL, NULL),
(613, 290, 5, 'Brgy. ID', '116099', '2020-07-01', '2020-07-03', '2021-01-26 21:50:29', NULL, NULL, NULL),
(614, 291, 5, 'Brgy. ID', '116100', '2020-07-01', '2020-07-03', '2021-01-26 21:52:33', NULL, NULL, NULL),
(615, 292, 5, 'Delivery Fee', '116101', '2020-07-02', '2020-07-06', '2021-01-26 21:59:13', '2021-01-26 22:02:35', NULL, NULL),
(616, 118, 5, 'kalingang Q.C. Financial Assistant', '116102', '2020-07-02', '2020-07-06', '2021-01-26 22:01:17', NULL, NULL, NULL),
(617, 118, 5, 'kalingang Q.C. Financial Assistant', '116103', '2020-07-02', '2020-07-06', '2021-01-26 22:03:41', NULL, NULL, NULL),
(618, 89, 5, 'Delivery Fee', '116104', '2020-07-03', '2020-07-06', '2021-01-26 22:04:32', NULL, NULL, NULL),
(619, 293, 5, 'Utility Clearance', '116105', '2020-07-03', '2020-07-06', '2021-01-26 22:10:16', NULL, NULL, NULL),
(620, 81, 5, 'Delivery Fee', '116106', '2020-07-03', '2020-07-06', '2021-01-26 22:11:01', NULL, NULL, NULL),
(621, 81, 5, 'Delivery Fee', '116107', '2020-07-03', '2020-07-06', '2021-01-26 22:11:35', NULL, NULL, NULL),
(622, 119, 5, 'Brgy. Clearance', '116108', '2020-07-04', '2020-07-06', '2021-01-26 22:12:35', NULL, NULL, NULL),
(623, 89, 5, 'Delivery Fee', '116109', '2020-07-06', '2020-07-10', '2021-01-26 22:13:22', NULL, NULL, NULL),
(624, 294, 5, 'Brgy. ID', '116110', '2020-07-06', '2020-07-10', '2021-01-26 22:14:39', NULL, NULL, NULL),
(625, 295, 5, 'Brgy. ID', '116111', '2020-07-06', '2020-07-10', '2021-01-26 22:15:45', NULL, NULL, NULL),
(626, 296, 5, 'Brgy. ID', '116112', '2020-07-06', '2020-07-10', '2021-01-26 22:17:07', NULL, NULL, NULL),
(627, 81, 5, 'Delivery Fee', '116113', '2020-07-06', '2020-07-10', '2021-01-26 22:17:37', NULL, NULL, NULL),
(628, 81, 5, 'Delivery Fee', '116114', '2020-07-06', '2020-07-10', '2021-01-26 22:18:13', NULL, NULL, NULL),
(629, 89, 5, 'Delivery Fee', '116115', '2020-07-06', '2020-07-10', '2021-01-26 22:19:11', NULL, NULL, NULL),
(630, 297, 5, 'Brgy. ID', '116116', '2020-07-06', '2020-07-10', '2021-01-26 22:20:34', NULL, NULL, NULL),
(631, 89, 5, 'Delivery Fee', '116117', '2020-07-06', '2020-07-10', '2021-01-26 22:21:28', NULL, NULL, NULL),
(632, 299, 5, 'Brgy. ID', '116118', '2020-07-07', '2020-07-10', '2021-01-26 22:25:30', '2021-01-26 22:30:49', NULL, NULL),
(633, 300, 5, 'Brgy. ID', '116119', '2020-07-07', '2020-07-10', '2021-01-26 22:27:56', '2021-01-26 22:31:11', NULL, NULL),
(634, 301, 5, 'Brgy. ID', '116120', '2020-07-07', '2020-07-10', '2021-01-26 22:29:18', '2021-01-26 22:30:04', NULL, NULL),
(635, 89, 5, 'Delivery Fee', '116121', '2020-07-07', '2020-07-10', '2021-01-26 22:32:36', NULL, NULL, NULL),
(636, 89, 5, 'Delivery Fee', '116122', '2020-07-07', '2020-07-10', '2021-01-26 22:34:22', NULL, NULL, NULL),
(637, 89, 5, 'Delivery Fee', '116123', '2020-07-07', '2020-07-10', '2021-01-26 22:35:25', NULL, NULL, NULL),
(638, 302, 5, 'Brgy. ID', '116124', '2020-07-07', '2020-07-10', '2021-01-26 22:37:27', NULL, NULL, NULL),
(639, 303, 5, 'Brgy. ID', '116125', '2020-07-07', '2020-07-10', '2021-01-26 22:39:08', NULL, NULL, NULL),
(640, 81, 5, 'Delivery Fee', '116126', '2020-07-07', '2020-07-10', '2021-01-26 22:39:58', NULL, NULL, NULL),
(641, 304, 5, 'Contruction Clearance', '116127', '2020-07-07', '2020-07-10', '2021-01-26 22:41:48', NULL, NULL, NULL),
(642, 89, 5, 'Delivery Fee', '116128', '2020-07-07', '2020-07-10', '2021-01-26 22:42:29', NULL, NULL, NULL),
(643, 305, 5, 'Brgy. ID', '116129', '2020-07-08', '2020-07-10', '2021-01-26 22:44:43', NULL, NULL, NULL),
(644, 306, 5, 'Brgy. ID', '116130', '2020-07-08', '2020-07-10', '2021-01-26 22:46:03', NULL, NULL, NULL),
(645, 307, 5, 'Brgy. Clearance', '116131', '2020-07-08', '2020-07-10', '2021-01-26 22:47:17', NULL, NULL, NULL),
(646, 119, 5, 'Brgy. ID', '116132', '2020-07-08', '2020-07-10', '2021-01-26 22:47:59', NULL, NULL, NULL),
(647, 89, 5, 'Delivery Fee', '116133', '2020-07-08', '2020-07-10', '2021-01-26 22:48:42', NULL, NULL, NULL),
(648, 22, 5, 'Brgy. ID', '116134', '2020-07-08', '2020-07-10', '2021-01-26 22:49:19', NULL, NULL, NULL),
(649, 107, 5, 'Delivery Fee', '116135', '2020-07-09', '2020-07-10', '2021-01-26 22:50:07', NULL, NULL, NULL),
(650, 308, 2, 'Business Clearance', '116136', '2020-07-09', '2020-07-10', '2021-01-26 22:53:42', NULL, NULL, NULL),
(651, 309, 5, 'Brgy. ID', '116137', '2020-07-09', '2020-07-10', '2021-01-26 22:58:18', NULL, NULL, NULL),
(652, 310, 5, 'Brgy. ID', '116138', '2020-07-09', '2020-07-10', '2021-01-26 22:59:26', NULL, NULL, NULL),
(653, 155, 5, 'Delivery Fee', '116139', '2020-07-09', '2020-07-10', '2021-01-26 23:03:58', NULL, NULL, NULL),
(654, 311, 5, 'Brgy. ID', '116140', '2020-07-09', '2020-07-10', '2021-01-26 23:05:04', NULL, NULL, NULL),
(655, 72, 5, 'Brgy. ID', '116141', '2020-07-09', '2020-07-10', '2021-01-26 23:06:59', NULL, NULL, NULL),
(656, 312, 5, 'Brgy. ID', '116142', '2020-07-09', '2020-07-10', '2021-01-26 23:09:12', NULL, NULL, NULL),
(657, 313, 5, 'Brgy. ID', '116143', '2020-07-09', '2020-07-10', '2021-01-26 23:10:23', NULL, NULL, NULL),
(658, 314, 5, 'Brgy. ID', '116144', '2020-07-09', '2020-07-10', '2021-01-26 23:11:39', NULL, NULL, NULL),
(659, 81, 5, 'Delivery Fee', '116145', '2020-07-09', '2020-07-10', '2021-01-26 23:12:19', NULL, NULL, NULL),
(660, 315, 5, 'Brgy. ID', '116146', '2020-07-09', '2020-07-10', '2021-01-26 23:13:13', NULL, NULL, NULL),
(661, 316, 5, 'Brgy. ID', '116147', '2020-07-09', '2020-07-10', '2021-01-26 23:15:53', NULL, NULL, NULL),
(662, 317, 5, 'Delivery Fee', '116148', '2020-07-10', '2020-07-10', '2021-01-26 23:19:14', NULL, NULL, NULL),
(663, 81, 5, 'Delivery Fee', '116149', '2020-07-10', '2020-07-10', '2021-01-26 23:20:01', NULL, NULL, NULL),
(664, 318, 5, 'Brgy. ID', '116150', '2020-07-10', '2020-07-10', '2021-01-26 23:21:00', NULL, NULL, NULL),
(665, 319, 5, 'Delivery Fee', '116151', '2020-07-11', '2020-07-17', '2021-01-26 23:47:58', NULL, NULL, NULL),
(666, 81, 5, 'Delivery Fee', '116152', '2020-07-11', '2020-07-17', '2021-01-26 23:49:37', NULL, NULL, NULL),
(667, 317, 5, 'Delivery Fee', '116153', '2020-07-11', '2020-07-17', '2021-01-26 23:50:24', NULL, NULL, NULL),
(668, 320, 5, 'Brgy. ID', '116154', '2020-07-11', '2020-07-17', '2021-01-26 23:54:03', NULL, NULL, NULL),
(669, 321, 5, 'Delivery Fee', '116155', '2020-07-13', '2020-07-17', '2021-01-26 23:56:23', NULL, NULL, NULL),
(670, 89, 5, 'Delivery Fee', '116156', '2020-07-13', '2020-07-17', '2021-01-26 23:58:07', NULL, NULL, NULL),
(671, 317, 5, 'Delivery Fee', '116157', '2020-07-13', '2020-07-17', '2021-01-26 23:58:42', NULL, NULL, NULL),
(672, 14, 5, 'Delivery Fee', '116158', '2020-07-13', '2020-07-17', '2021-01-27 00:00:10', NULL, NULL, NULL),
(673, 14, 5, 'Delivery Fee', '116159', '2020-07-13', '2020-07-17', '2021-01-27 00:00:41', NULL, NULL, NULL),
(674, 322, 5, 'Brgy. ID', '116160', '2020-07-13', '2020-07-17', '2021-01-27 00:01:56', NULL, NULL, NULL),
(675, 14, 5, 'Delivery Fee', '116161', '2020-07-13', '2020-07-17', '2021-01-27 00:02:28', NULL, NULL, NULL),
(676, 158, 5, 'Brgy. ID', '116162', '2020-07-14', '2020-07-17', '2021-01-27 00:03:13', NULL, NULL, NULL),
(677, 323, 5, 'Brgy. ID', '116163', '2020-07-13', '2020-07-17', '2021-01-27 00:04:46', NULL, NULL, NULL),
(678, 324, 5, 'Brgy. ID', '116164', '2020-07-14', '2020-07-17', '2021-01-27 00:05:41', NULL, NULL, NULL),
(679, 81, 5, 'Delivery Fee', '116165', '2020-07-14', '2020-07-17', '2021-01-27 00:06:30', NULL, NULL, NULL),
(680, 81, 5, 'Delivery Fee', '116166', '2020-07-14', '2020-07-17', '2021-01-27 00:07:07', NULL, NULL, NULL),
(681, 81, 5, 'Delivery Fee', '116167', '2020-07-14', '2020-07-17', '2021-01-27 00:07:46', NULL, NULL, NULL),
(682, 317, 5, 'Delivery Fee', '116168', '2020-07-14', '2020-07-17', '2021-01-27 00:08:25', NULL, NULL, NULL),
(683, 317, 5, 'Delivery Fee', '116169', '2020-07-14', '2020-07-17', '2021-01-27 00:08:57', NULL, NULL, NULL),
(684, 317, 5, 'Delivery Fee', '116170', '2020-07-14', '2020-07-17', '2021-01-27 00:09:33', NULL, NULL, NULL),
(685, 317, 5, 'Delivery Fee', '116171', '2020-07-14', '2020-07-17', '2021-01-27 00:10:04', NULL, NULL, NULL),
(686, 317, 5, 'Delivery Fee', '116172', '2020-07-14', '2020-07-17', '2021-01-27 00:10:37', NULL, NULL, NULL),
(687, 325, 5, 'Delivery Fee', '116173', '2020-07-14', '2020-07-17', '2021-01-27 00:11:50', NULL, NULL, NULL),
(688, 326, 5, 'Brgy. Clearance', '116174', '2020-07-14', '2020-07-17', '2021-01-27 00:26:24', NULL, NULL, NULL),
(689, 327, 5, 'Brgy. Clearance', '116175', '2020-07-14', '2020-07-17', '2021-01-27 00:27:37', NULL, NULL, NULL),
(690, 110, 5, 'Delivery Fee', '116176', '2020-07-14', '2020-07-17', '2021-01-27 00:28:09', NULL, NULL, NULL),
(691, 328, 5, 'Brgy. ID', '116177', '2020-07-15', '2020-07-17', '2021-01-27 00:38:54', NULL, NULL, NULL),
(692, 329, 5, 'Brgy. ID', '116178', '2020-07-15', '2020-07-17', '2021-01-27 00:40:05', NULL, NULL, NULL),
(693, 331, 5, 'Conference Room', '116179', '2020-07-16', '2020-07-17', '2021-01-27 00:43:04', '2021-01-27 00:44:34', NULL, NULL),
(694, 14, 5, 'Delivery Fee', '116180', '2020-07-16', '2020-07-17', '2021-01-27 00:43:44', '2021-01-27 00:45:22', NULL, NULL),
(695, 81, 5, 'Delivery Fee', '116181', '2020-07-16', '2020-07-17', '2021-01-27 00:47:17', NULL, NULL, NULL),
(696, 81, 5, 'Delivery Fee', '116182', '2020-07-16', '2020-07-17', '2021-01-27 00:48:41', NULL, NULL, NULL),
(697, 81, 5, 'Delivery Fee', '116183', '2020-07-16', '2020-07-17', '2021-01-27 00:50:47', NULL, NULL, NULL),
(698, 89, 5, 'Delivery Fee', '116184', '2020-07-16', '2020-07-17', '2021-01-27 00:51:37', NULL, NULL, NULL),
(699, 317, 5, 'Delivery Fee', '116185', '2020-07-16', '2020-07-17', '2021-01-27 00:52:42', NULL, NULL, NULL),
(700, 334, 5, 'Brgy. ID', '116186', '2020-07-16', '2020-07-17', '2021-01-27 00:53:39', NULL, NULL, NULL),
(701, 335, 5, 'Delivery Fee', '116187', '2020-07-16', '2020-07-17', '2021-01-27 00:55:38', NULL, NULL, NULL),
(702, 14, 5, 'Delivery Fee', '116188', '2020-07-16', '2020-07-17', '2021-01-27 00:56:48', NULL, NULL, NULL),
(703, 317, 5, 'Delivery Fee', '116189', '2020-07-16', '2020-07-17', '2021-01-27 00:57:23', NULL, NULL, NULL),
(704, 81, 5, 'Delivery Fee', '116190', '2020-07-17', '2020-07-17', '2021-01-27 00:57:59', NULL, NULL, NULL),
(705, 89, 5, 'Delivery Fee', '116191', '2020-07-17', '2020-07-17', '2021-01-27 00:58:41', NULL, NULL, NULL),
(706, 81, 5, 'Delivery Fee', '116192', '2020-07-17', '2020-07-17', '2021-01-27 00:59:13', NULL, NULL, NULL),
(707, 167, 6, 'Donation', '116193', '2020-07-18', '2020-07-20', '2021-01-27 01:02:41', NULL, NULL, NULL),
(708, 81, 5, 'Delivery Fee', '116194', '2020-07-20', '2020-07-24', '2021-01-27 01:03:27', NULL, NULL, NULL),
(709, 340, 5, 'Brgy. Clearance', '116195', '2020-07-20', '2020-07-24', '2021-01-27 01:05:19', NULL, NULL, NULL),
(710, 321, 5, 'Delivery Fee', '116196', '2020-07-20', '2020-07-24', '2021-01-27 01:06:18', NULL, NULL, NULL),
(711, 341, 5, 'Brgy. Clearance', '116197', '2020-07-20', '2020-07-24', '2021-01-27 01:07:41', NULL, NULL, NULL),
(712, 342, 5, 'Brgy. Clearance', '116198', '2020-07-21', '2020-07-24', '2021-01-27 01:08:41', NULL, NULL, NULL),
(713, 343, 5, 'Brgy. Clearance', '116199', '2020-07-21', '2020-07-24', '2021-01-27 01:09:25', NULL, NULL, NULL),
(714, 81, 5, 'Delivery Fee', '116200', '2020-07-21', '2020-07-24', '2021-01-27 01:10:06', NULL, NULL, NULL),
(715, 81, 5, 'Delivery Fee', '0116201', '2020-07-22', '2020-07-24', '2021-02-04 23:52:01', NULL, NULL, NULL),
(716, 14, 5, 'Delivery Fee', '116202', '2020-07-23', '2020-07-23', '2021-02-05 00:02:44', NULL, NULL, NULL),
(717, 346, 5, 'Delivery Fee', '116203', '2020-07-23', '2020-07-24', '2021-02-05 00:04:15', NULL, NULL, NULL),
(718, 347, 5, 'Brgy. ID', '116204', '2020-07-23', '2020-07-24', '2021-02-05 00:07:42', NULL, NULL, NULL),
(719, 14, 5, 'Delivery Fee', '116205', '2020-07-23', '2020-07-24', '2021-02-05 00:08:27', NULL, NULL, NULL),
(720, 14, 5, 'Delivery Fee', '116206', '2020-07-23', '2020-07-24', '2021-02-05 00:08:56', NULL, NULL, NULL),
(721, 81, 5, 'Delivery Fee', '116207', '2020-07-23', '2020-07-24', '2021-02-05 00:10:17', NULL, NULL, NULL),
(722, 348, 5, 'Brgy. ID', '116208', '2020-07-23', '2020-07-24', '2021-02-05 00:11:41', NULL, NULL, NULL),
(723, 349, 5, 'Conference Room', '116209', '2020-07-24', '2020-07-24', '2021-02-05 00:13:29', NULL, NULL, NULL),
(724, 350, 5, 'Brgy. ID', '116210', '2020-07-24', '2020-07-24', '2021-02-05 00:20:34', NULL, NULL, NULL),
(725, 351, 5, 'Brgy. ID', '116211', '2020-07-24', '2020-07-24', '2021-02-05 00:23:57', NULL, NULL, NULL),
(726, 81, 5, 'Delivery Fee', '116212', '2020-07-25', '2020-07-27', '2021-02-05 00:26:35', NULL, NULL, NULL),
(727, 14, 5, 'Delivery Fee', '116213', '2020-07-25', '2020-07-27', '2021-02-05 00:27:04', NULL, NULL, NULL),
(728, 89, 5, 'Delivery Fee', '116214', '2020-07-25', '2020-07-27', '2021-02-05 00:27:44', NULL, NULL, NULL),
(729, 89, 5, 'Delivery Fee', '116215', '2020-07-25', '2020-07-27', '2021-02-05 00:28:21', NULL, NULL, NULL),
(730, 352, 5, 'Utility Clearance', '116216', '2020-07-27', '2020-07-27', '2021-02-05 00:35:33', NULL, NULL, NULL),
(731, 353, 5, 'Utility Clearance', '116217', '2020-07-27', '2020-07-27', '2021-02-05 00:36:47', NULL, NULL, NULL),
(732, 155, 5, 'Delivery Fee', '116218', '2020-07-28', '2020-07-31', '2021-02-05 00:37:27', NULL, NULL, NULL),
(733, 326, 5, 'Brgy. Clearance', '116219', '2020-07-28', '2020-07-31', '2021-02-05 00:40:39', NULL, NULL, NULL),
(734, 354, 2, 'Business Clearance', '116220', '2020-07-28', '2020-07-28', '2021-02-05 00:48:43', NULL, NULL, NULL),
(735, 355, 5, 'Brgy. Clearance', '116221', '2020-07-28', '2020-07-31', '2021-02-05 00:50:26', NULL, NULL, NULL),
(736, 317, 5, 'Delivery Fee', '116222', '2020-07-28', '2020-07-31', '2021-02-05 00:51:53', NULL, NULL, NULL),
(737, 81, 5, 'Delivery Fee', '116223', '2020-07-28', '2020-07-31', '2021-02-05 00:55:11', NULL, NULL, NULL),
(738, 14, 5, 'Delivery Fee', '116224', '2020-07-28', '2020-07-31', '2021-02-05 00:56:01', NULL, NULL, NULL),
(739, 254, 5, 'Delivery Fee', '116225', '2020-07-29', '2020-07-31', '2021-02-05 00:56:33', NULL, NULL, NULL),
(740, 317, 5, 'Delivery Fee', '116226', '2020-07-29', '2020-07-31', '2021-02-05 00:57:28', NULL, NULL, NULL),
(741, 317, 5, 'Delivery Fee', '116227', '2020-07-29', '2020-07-31', '2021-02-05 00:57:54', NULL, NULL, NULL),
(742, 81, 5, 'Delivery Fee', '116228', '2020-07-29', '2020-07-31', '2021-02-05 00:58:24', NULL, NULL, NULL),
(743, 14, 5, 'Delivery Fee', '116229', '2020-07-29', '2020-07-31', '2021-02-05 00:58:58', NULL, NULL, NULL),
(744, 356, 5, 'Brgy. Clearance', '116230', '2020-07-29', '2020-07-31', '2021-02-05 01:00:09', NULL, NULL, NULL),
(745, 155, 5, 'Delivery Fee', '116231', '2020-07-29', '2020-07-31', '2021-02-05 01:00:38', NULL, NULL, NULL),
(746, 155, 5, 'Delivery Fee', '116232', '2020-07-29', '2020-07-31', '2021-02-05 01:01:09', NULL, NULL, NULL),
(747, 155, 5, 'Delivery Fee', '116233', '2020-07-29', '2020-07-31', '2021-02-05 01:01:41', NULL, NULL, NULL),
(748, 155, 5, 'Delivery Fee', '116234', '2020-07-29', '2020-07-31', '2021-02-05 01:02:14', NULL, NULL, NULL),
(749, 155, 5, 'Delivery Fee', '116235', '2020-07-29', '2020-07-31', '2021-02-05 01:02:38', NULL, NULL, NULL),
(750, 357, 5, 'Brgy. Clearance', '116236', '2020-07-29', '2020-07-31', '2021-02-05 01:05:54', NULL, NULL, NULL),
(751, 358, 5, 'Refund', '116237', '2020-07-29', '2020-07-31', '2021-02-05 01:07:01', NULL, NULL, NULL),
(752, 359, 5, 'Brgy. ID', '116238', '2020-07-30', '2020-07-31', '2021-02-05 01:08:00', NULL, NULL, NULL),
(753, 321, 5, 'Delivery Fee', '116239', '2020-07-30', '2020-07-30', '2021-02-05 01:08:42', NULL, NULL, NULL),
(754, 81, 5, 'Delivery Fee', '116240', '2020-07-30', '2020-07-31', '2021-02-05 01:09:11', NULL, NULL, NULL),
(755, 360, 5, 'Brgy. Clearance', '116241', '2020-07-30', '2020-07-31', '2021-02-05 01:10:02', NULL, NULL, NULL),
(756, 155, 5, 'Delivery Fee', '116242', '2020-07-30', '2020-07-31', '2021-02-05 01:10:44', NULL, NULL, NULL),
(757, 155, 5, 'Delivery Fee', '116243', '2020-07-30', '2020-07-31', '2021-02-05 01:11:11', NULL, NULL, NULL),
(758, 155, 5, 'Delivery Fee', '116244', '2020-07-30', '2020-07-31', '2021-02-05 01:11:38', NULL, NULL, NULL),
(759, 155, 5, 'Delivery Fee', '116245', '2020-07-30', '2020-07-31', '2021-02-05 01:12:05', NULL, NULL, NULL),
(760, 155, 5, 'Delivery Fee', '116246', '2020-07-30', '2020-07-31', '2021-02-05 01:12:44', NULL, NULL, NULL),
(761, 81, 5, 'Delivery Fee', '116247', '2020-07-30', '2020-07-31', '2021-02-05 01:13:15', NULL, NULL, NULL),
(762, 361, 5, 'Delivery Fee', '116248', '2020-07-30', '2020-07-31', '2021-02-05 01:14:00', NULL, NULL, NULL),
(763, 317, 5, 'Delivery Fee', '116249', '2020-08-01', '2020-08-03', '2021-02-05 01:14:43', NULL, NULL, NULL),
(764, 254, 5, 'Delivery Fee', '116250', '2020-08-01', '2020-08-03', '2021-02-05 01:15:22', '2021-02-07 17:33:49', NULL, NULL),
(765, 81, 5, 'Delivery Fee', '0116251', '2020-08-01', '2020-08-03', '2021-02-07 17:44:09', NULL, NULL, NULL),
(766, 362, 5, 'Delivery Fee', '116252', '2020-08-01', '2020-08-03', '2021-02-07 17:45:40', NULL, NULL, NULL),
(767, 81, 5, 'Delivery Fee', '116253', '2020-08-01', '2020-08-03', '2021-02-07 17:46:19', NULL, NULL, NULL),
(768, 14, 5, 'Delivery Fee', '116254', '2020-08-01', '2020-08-03', '2021-02-07 17:46:54', NULL, NULL, NULL),
(769, 118, 1, 'RPTS', '116255', '2020-08-03', '2020-08-07', '2021-02-07 17:49:49', NULL, NULL, NULL),
(770, 317, 5, 'Delivery Fee', '116256', '2020-08-03', '2020-08-07', '2021-02-07 17:52:33', NULL, NULL, NULL),
(771, 363, 5, 'Brgy. ID', '116257', '2020-08-03', '2020-08-07', '2021-02-07 17:55:18', NULL, NULL, NULL),
(772, 364, 5, 'Brgy. ID', '116258', '2020-08-03', '2020-08-07', '2021-02-07 17:56:42', NULL, NULL, NULL),
(773, 365, 5, 'Brgy. ID', '116259', '2020-08-03', '2020-08-07', '2021-02-07 17:57:56', NULL, NULL, NULL),
(774, 366, 5, 'Brgy. ID', '116260', '2020-08-03', '2020-08-07', '2021-02-07 18:00:00', NULL, NULL, NULL),
(775, 89, 5, 'Delivery Fee', '116261', '2020-08-03', '2020-08-07', '2021-02-07 18:02:02', NULL, NULL, NULL),
(776, 124, 5, 'Delivery Fee', '116262', '2020-08-03', '2020-08-07', '2021-02-07 18:02:39', NULL, NULL, NULL),
(777, 367, 5, 'Brgy. ID', '116263', '2020-08-04', '2020-08-07', '2021-02-07 18:04:51', NULL, NULL, NULL),
(778, 81, 5, 'Delivery Fee', '116264', '2020-08-04', '2020-08-07', '2021-02-07 18:05:47', NULL, NULL, NULL),
(779, 81, 5, 'Delivery Fee', '116265', '2020-08-04', '2020-08-07', '2021-02-07 18:07:49', NULL, NULL, NULL),
(780, 81, 5, 'Delivery Fee', '116266', '2020-08-04', '2020-08-07', '2021-02-07 18:08:37', NULL, NULL, NULL),
(781, 81, 5, 'Delivery Fee', '116267', '2020-08-04', '2020-08-07', '2021-02-07 18:09:24', NULL, NULL, NULL),
(782, 368, 5, 'Brgy. ID', '116268', '2020-08-04', '2020-08-07', '2021-02-07 18:10:33', NULL, NULL, NULL),
(783, 317, 5, 'Delivery Fee', '116269', '2020-08-04', '2020-08-07', '2021-02-07 18:11:47', NULL, NULL, NULL),
(784, 369, 5, 'Brgy. ID', '116270', '2020-08-04', '2020-08-07', '2021-02-07 18:19:04', NULL, NULL, NULL),
(785, 89, 5, 'Delivery Fee', '116271', '2020-08-04', '2020-08-07', '2021-02-07 18:19:42', NULL, NULL, NULL),
(786, 370, 5, 'Brgy. ID', '116272', '2020-08-04', '2020-08-07', '2021-02-07 18:20:43', NULL, NULL, NULL),
(787, 371, 5, 'Brgy. ID', '116273', '2020-08-04', '2020-08-07', '2021-02-07 18:21:39', NULL, NULL, NULL),
(788, 372, 5, 'Brgy. ID', '116274', '2020-08-04', '2020-08-07', '2021-02-07 18:24:26', NULL, NULL, NULL),
(789, 373, 5, 'Brgy. ID', '116275', '2020-08-04', '2020-08-07', '2021-02-07 18:26:44', NULL, NULL, NULL),
(790, 374, 5, 'Brgy. ID', '116276', '2020-08-04', '2020-08-07', '2021-02-07 18:27:55', NULL, NULL, NULL),
(791, 375, 5, 'Brgy. ID', '116277', '2020-08-04', '2020-08-07', '2021-02-07 18:29:14', NULL, NULL, NULL),
(792, 376, 5, 'Brgy. ID', '116278', '2020-08-04', '2020-08-07', '2021-02-07 18:30:16', NULL, NULL, NULL),
(793, 377, 5, 'Brgy. ID', '116279', '2020-08-04', '2020-08-07', '2021-02-07 18:32:08', NULL, NULL, NULL),
(794, 378, 5, 'Brgy. ID', '116280', '2020-08-04', '2020-08-07', '2021-02-07 18:35:09', NULL, NULL, NULL),
(795, 379, 5, 'Brgy. ID', '116281', '2020-08-04', '2020-08-07', '2021-02-07 18:37:17', NULL, NULL, NULL),
(796, 349, 5, 'Brgy. ID', '116282', '2020-08-04', '2020-08-07', '2021-02-07 18:38:13', NULL, NULL, NULL),
(797, 380, 5, 'Brgy. ID', '116283', '2020-08-04', '2020-08-07', '2021-02-07 18:39:20', NULL, NULL, NULL),
(798, 381, 5, 'Brgy. ID', '116284', '2020-08-04', '2020-08-07', '2021-02-07 18:41:22', NULL, NULL, NULL),
(799, 81, 5, 'Delivery Fee', '116285', '2020-08-04', '2020-08-07', '2021-02-07 18:41:57', NULL, NULL, NULL),
(800, 81, 5, 'Delivery Fee', '116286', '2020-08-04', '2020-08-07', '2021-02-07 18:42:42', NULL, NULL, NULL),
(801, 294, 5, 'Brgy. ID', '116287', '2020-08-04', '2020-08-07', '2021-02-07 18:43:52', NULL, NULL, NULL),
(802, 382, 5, 'Brgy. ID', '116288', '2020-08-04', '2020-08-07', '2021-02-07 18:49:11', NULL, NULL, NULL),
(803, 383, 5, 'Brgy. ID', '116289', '2020-08-04', '2020-08-07', '2021-02-07 18:53:00', NULL, NULL, NULL),
(804, 384, 5, 'Brgy. ID', '116290', '2020-08-04', '2020-08-07', '2021-02-07 18:54:35', NULL, NULL, NULL),
(805, 385, 5, 'Brgy. ID', '116291', '2020-08-04', '2020-08-07', '2021-02-07 18:55:42', NULL, NULL, NULL),
(806, 386, 5, 'Brgy. ID', '116292', '2020-08-04', '2020-08-07', '2021-02-07 18:57:07', NULL, NULL, NULL),
(807, 387, 5, 'Brgy. ID', '116293', '2020-08-04', '2020-08-07', '2021-02-07 18:58:28', NULL, NULL, NULL),
(808, 388, 5, 'Brgy. ID', '116294', '2020-08-04', '2020-08-07', '2021-02-07 19:00:12', NULL, NULL, NULL),
(809, 389, 5, 'Brgy. ID', '116295', '2020-08-04', '2020-08-07', '2021-02-07 19:02:15', NULL, NULL, NULL),
(810, 390, 5, 'Brgy. ID', '116296', '2020-08-04', '2020-08-07', '2021-02-07 19:04:45', NULL, NULL, NULL),
(811, 391, 5, 'Brgy. ID', '116297', '2020-08-04', '2020-08-07', '2021-02-07 19:06:40', NULL, NULL, NULL),
(812, 392, 5, 'Brgy. ID', '116298', '2020-08-04', '2020-08-07', '2021-02-07 19:11:21', NULL, NULL, NULL),
(813, 82, 5, 'Brgy. ID', '116299', '2020-08-04', '2020-08-07', '2021-02-07 19:13:30', NULL, NULL, NULL),
(814, 82, 5, 'Brgy. ID', '116300', '2020-08-04', '2020-08-07', '2021-02-07 19:14:43', NULL, NULL, NULL),
(815, 89, 5, 'Delivery Fee', '116301', '2020-08-04', '2020-08-07', '2021-02-07 20:56:40', NULL, NULL, NULL),
(816, 89, 5, 'Delivery Fee', '116302', '2020-08-04', '2020-08-07', '2021-02-07 20:57:11', NULL, NULL, NULL),
(817, 393, 5, 'Brgy. ID', '116303', '2020-08-04', '2020-08-07', '2021-02-07 21:13:49', NULL, NULL, NULL),
(818, 394, 5, 'Brgy. ID', '116304', '2020-08-04', '2020-08-07', '2021-02-07 21:15:01', NULL, NULL, NULL),
(819, 395, 5, 'Brgy. ID', '116305', '2020-08-04', '2020-08-07', '2021-02-07 21:16:21', NULL, NULL, NULL),
(820, 89, 5, 'Delivery Fee', '116306', '2020-08-04', '2020-08-07', '2021-02-07 21:17:48', NULL, NULL, NULL),
(821, 396, 5, 'Brgy. ID', '116307', '2020-08-04', '2020-08-07', '2021-02-07 21:18:44', NULL, NULL, NULL),
(822, 397, 5, 'Brgy. ID', '116308', '2020-08-04', '2020-08-07', '2021-02-07 21:19:56', NULL, NULL, NULL),
(823, 398, 5, 'Delivery Fee', '116309', '2020-08-04', '2020-08-07', '2021-02-07 21:22:53', NULL, NULL, NULL),
(824, 399, 5, 'Brgy. ID', '116310', '2020-08-04', '2020-08-07', '2021-02-07 21:23:58', NULL, NULL, NULL),
(825, 400, 5, 'Brgy. ID', '116311', '2020-08-04', '2020-08-07', '2021-02-07 21:26:00', NULL, NULL, NULL),
(826, 155, 5, 'Delivery Fee', '116312', '2020-08-04', '2020-08-07', '2021-02-07 21:26:49', NULL, NULL, NULL),
(827, 401, 5, 'Brgy. ID', '116313', '2020-08-04', '2020-08-07', '2021-02-07 21:29:13', NULL, NULL, NULL),
(828, 402, 5, 'Brgy. ID', '116314', '2020-08-04', '2020-08-07', '2021-02-07 21:32:47', NULL, NULL, NULL),
(829, 403, 5, 'Brgy. ID', '116315', '2020-08-04', '2020-08-07', '2021-02-07 21:33:37', NULL, NULL, NULL),
(830, 247, 5, 'Brgy. ID', '116316', '2020-08-04', '2020-08-07', '2021-02-07 21:34:56', NULL, NULL, NULL),
(831, 404, 5, 'Brgy. ID', '116317', '2020-08-04', '2020-08-07', '2021-02-07 21:36:11', NULL, NULL, NULL),
(832, 405, 5, 'Brgy. ID', '116318', '2020-08-04', '2020-08-07', '2021-02-07 21:37:05', NULL, NULL, NULL),
(833, 406, 5, 'Brgy. ID', '116319', '2020-08-05', '2020-08-07', '2021-02-07 21:41:07', NULL, NULL, NULL),
(834, 407, 5, 'Brgy. ID', '116320', '2020-08-05', '2020-08-07', '2021-02-07 21:42:19', NULL, NULL, NULL),
(835, 408, 5, 'Delivery Fee', '116321', '2020-08-05', '2020-08-07', '2021-02-07 21:43:22', NULL, NULL, NULL),
(836, 409, 5, 'Brgy. ID', '116322', '2020-08-05', '2020-08-07', '2021-02-07 21:48:05', NULL, NULL, NULL),
(837, 410, 5, 'Brgy. ID', '116323', '2020-08-05', '2020-08-07', '2021-02-07 21:49:09', NULL, NULL, NULL),
(838, 411, 5, 'Brgy. ID', '116324', '2020-08-05', '2020-08-07', '2021-02-07 21:50:12', NULL, NULL, NULL),
(839, 412, 5, 'Brgy. ID', '116325', '2020-08-05', '2020-08-07', '2021-02-07 21:52:16', NULL, NULL, NULL),
(840, 413, 5, 'Brgy. ID', '116326', '2020-08-05', '2020-08-07', '2021-02-07 21:53:12', NULL, NULL, NULL),
(841, 414, 5, 'Brgy. ID', '116327', '2020-08-05', '2020-08-07', '2021-02-07 21:54:41', NULL, NULL, NULL),
(842, 415, 5, 'Brgy. ID', '116328', '2020-08-05', '2020-08-07', '2021-02-07 21:55:41', NULL, NULL, NULL),
(843, 416, 5, 'Utility Clearance', '116329', '2020-08-05', '2020-08-07', '2021-02-07 22:15:21', NULL, NULL, NULL),
(844, 417, 5, 'Brgy. ID', '116330', '2020-08-05', '2020-08-07', '2021-02-07 22:16:26', NULL, NULL, NULL),
(845, 418, 5, 'Brgy. ID', '116331', '2020-08-05', '2020-08-07', '2021-02-07 22:18:53', NULL, NULL, NULL),
(846, 419, 5, 'Brgy. ID', '116332', '2020-08-05', '2020-08-07', '2021-02-07 22:20:52', NULL, NULL, NULL),
(847, 420, 5, 'Delivery Fee', '116333', '2020-08-06', '2020-08-07', '2021-02-07 22:23:45', NULL, NULL, NULL),
(848, 421, 5, 'Brgy. ID', '116334', '2020-08-06', '2020-08-07', '2021-02-07 22:26:04', NULL, NULL, NULL),
(849, 321, 5, 'Delivery Fee', '116335', '2020-08-06', '2020-08-07', '2021-02-07 22:26:39', NULL, NULL, NULL),
(850, 422, 5, 'Brgy. ID', '116336', '2020-08-06', '2020-08-07', '2021-02-07 22:30:08', NULL, NULL, NULL),
(851, 423, 5, 'Brgy. ID', '116337', '2020-08-06', '2020-08-07', '2021-02-07 22:32:33', NULL, NULL, NULL),
(852, 424, 5, 'Brgy. ID', '116338', '2020-08-06', '2020-08-07', '2021-02-07 22:33:24', NULL, NULL, NULL),
(853, 425, 5, 'Brgy. ID', '116339', '2020-08-06', '2020-08-07', '2021-02-07 22:36:00', NULL, NULL, NULL),
(854, 321, 5, 'Delivery Fee', '116340', '2020-08-06', '2020-08-07', '2021-02-07 22:37:18', NULL, NULL, NULL),
(855, 426, 5, 'Brgy. ID', '116341', '2020-08-06', '2020-08-07', '2021-02-07 22:38:16', NULL, NULL, NULL),
(856, 427, 5, 'Brgy. ID', '116342', '2020-08-06', '2020-08-07', '2021-02-07 22:39:25', NULL, NULL, NULL),
(857, 89, 5, 'Delivery Fee', '116343', '2020-08-06', '2020-08-07', '2021-02-07 22:40:00', NULL, NULL, NULL),
(858, 428, 5, 'Brgy. ID', '116344', '2020-08-06', '2020-08-07', '2021-02-07 22:41:04', NULL, NULL, NULL),
(859, 429, 5, 'Brgy. ID', '116345', '2020-08-06', '2020-08-07', '2021-02-07 22:41:58', NULL, NULL, NULL),
(860, 423, 5, 'Brgy. ID', '116346', '2020-08-06', '2020-08-07', '2021-02-07 22:42:29', NULL, NULL, NULL),
(861, 430, 5, 'Brgy. ID', '116347', '2020-08-06', '2020-08-07', '2021-02-07 22:43:23', NULL, NULL, NULL),
(862, 431, 5, 'Brgy. ID', '116348', '2020-08-06', '2020-08-07', '2021-02-07 22:44:23', NULL, NULL, NULL),
(863, 89, 5, 'Delivery Fee', '116349', '2020-08-06', '2020-08-07', '2021-02-07 22:44:54', NULL, NULL, NULL),
(864, 292, 5, 'Delivery Fee', '116350', '2020-08-06', '2020-08-07', '2021-02-07 22:45:40', NULL, NULL, NULL),
(865, 432, 5, 'Brgy. ID', '116351', '2020-08-06', '2020-08-07', '2021-02-07 22:59:32', NULL, NULL, NULL),
(866, 433, 5, 'Brgy. ID', '116352', '2020-08-06', '2020-08-07', '2021-02-07 23:00:22', NULL, NULL, NULL),
(867, 434, 5, 'Brgy. ID', '116353', '2020-08-06', '2020-08-07', '2021-02-07 23:01:33', NULL, NULL, NULL),
(868, 435, 5, 'Brgy. ID', '116354', '2020-08-06', '2020-08-07', '2021-02-07 23:04:27', NULL, NULL, NULL),
(869, 436, 5, 'Brgy. ID', '116355', '2020-08-07', '2020-08-07', '2021-02-07 23:07:01', NULL, NULL, NULL),
(870, 437, 5, 'Brgy. ID', '116356', '2020-08-07', '2020-08-07', '2021-02-07 23:09:06', NULL, NULL, NULL),
(871, 438, 5, 'Brgy. ID', '116357', '2020-08-07', '2020-08-07', '2021-02-07 23:10:05', NULL, NULL, NULL),
(872, 81, 5, 'Delivery Fee', '116358', '2020-08-07', '2020-08-07', '2021-02-07 23:15:09', NULL, NULL, NULL),
(873, 439, 5, 'Brgy. ID', '116359', '2020-08-07', '2020-08-07', '2021-02-07 23:16:42', NULL, NULL, NULL),
(874, 440, 5, 'Brgy. ID', '116360', '2020-08-07', '2020-08-07', '2021-02-07 23:20:03', NULL, NULL, NULL),
(875, 317, 5, 'Delivery Fee', '116361', '2020-08-07', '2020-08-07', '2021-02-07 23:20:37', NULL, NULL, NULL),
(876, 441, 5, 'Brgy. ID', '116362', '2020-08-08', '2020-08-10', '2021-02-07 23:21:40', NULL, NULL, NULL),
(877, 442, 5, 'Brgy. ID', '116363', '2020-08-08', '2020-08-10', '2021-02-07 23:22:37', NULL, NULL, NULL),
(878, 292, 5, 'Delivery Fee', '116364', '2020-08-08', '2020-08-10', '2021-02-07 23:23:49', NULL, NULL, NULL),
(879, 443, 5, 'Brgy. ID', '0116365', '2020-08-10', '2020-08-14', '2021-02-07 23:30:11', NULL, NULL, NULL),
(880, 444, 5, 'Brgy. ID', '116366', '2020-08-10', '2020-08-14', '2021-02-07 23:32:09', NULL, NULL, NULL),
(881, 25, 5, 'Violation', '116367', '2020-08-10', '2020-08-14', '2021-02-07 23:33:15', NULL, NULL, NULL),
(882, 25, 5, 'Brgy. ID', '116368', '2020-08-10', '2020-08-14', '2021-02-07 23:33:53', NULL, NULL, NULL),
(883, 445, 5, 'Brgy. ID', '116369', '2020-08-10', '2020-08-14', '2021-02-07 23:34:49', NULL, NULL, NULL),
(884, 446, 5, 'Brgy. ID', '116370', '2020-08-10', '2020-08-14', '2021-02-07 23:35:37', NULL, NULL, NULL),
(885, 447, 5, 'Brgy. ID', '116371', '2020-08-11', '2020-08-14', '2021-02-07 23:36:30', NULL, NULL, NULL),
(886, 448, 5, 'Brgy. ID', '116372', '2020-08-11', '2020-08-14', '2021-02-07 23:37:23', NULL, NULL, NULL),
(887, 449, 5, 'Brgy. ID', '116373', '2020-08-11', '2020-08-14', '2021-02-07 23:38:39', NULL, NULL, NULL),
(888, 450, 5, 'Delivery Fee', '116374', '2020-08-11', '2020-08-14', '2021-02-07 23:39:41', NULL, NULL, NULL),
(889, 451, 5, 'Brgy. ID', '116375', '2020-08-12', '2020-08-14', '2021-02-07 23:40:50', NULL, NULL, NULL),
(890, 452, 5, 'Brgy. ID', '116376', '2020-08-12', '2020-08-14', '2021-02-07 23:43:07', NULL, NULL, NULL),
(891, 453, 5, 'Brgy. ID', '116377', '2020-08-12', '2020-08-14', '2021-02-07 23:44:02', NULL, NULL, NULL),
(892, 454, 5, 'Brgy. ID', '116378', '2020-08-12', '2020-08-14', '2021-02-07 23:44:53', NULL, NULL, NULL),
(893, 334, 5, 'Utility Clearance', '116379', '2020-08-12', '2020-08-14', '2021-02-07 23:46:00', NULL, NULL, NULL),
(894, 455, 5, 'Brgy. ID', '116380', '2020-08-13', '2020-08-14', '2021-02-07 23:47:03', NULL, NULL, NULL),
(895, 456, 5, 'Brgy. ID', '116381', '2020-08-13', '2020-08-14', '2021-02-07 23:48:03', NULL, NULL, NULL),
(896, 457, 5, 'Brgy. ID', '116382', '2020-08-13', '2020-08-14', '2021-02-07 23:48:38', NULL, NULL, NULL),
(897, 421, 5, 'Brgy. ID', '116383', '2020-08-14', '2020-08-14', '2021-02-07 23:49:48', NULL, NULL, NULL),
(898, 388, 5, 'Utility Clearance', '116384', '2020-08-17', '2020-08-21', '2021-02-07 23:50:57', NULL, NULL, NULL),
(899, 458, 5, 'Brgy. ID', '116385', '2020-08-17', '2020-08-21', '2021-02-07 23:51:58', NULL, NULL, NULL),
(900, 459, 5, 'Brgy. ID', '116386', '2020-08-17', '2020-08-21', '2021-02-07 23:53:00', NULL, NULL, NULL),
(901, 460, 5, 'Brgy. ID', '116387', '2020-08-17', '2020-08-21', '2021-02-07 23:53:57', NULL, NULL, NULL),
(902, 461, 5, 'Brgy. ID', '116388', '2020-08-20', '2020-08-21', '2021-02-07 23:56:11', NULL, NULL, NULL),
(903, 462, 5, 'Brgy. Clearance', '116389', '2020-08-20', '2020-08-21', '2021-02-07 23:57:32', NULL, NULL, NULL),
(904, 463, 5, 'Brgy. ID', '116390', '2020-08-20', '2020-08-21', '2021-02-07 23:58:25', NULL, NULL, NULL),
(905, 254, 5, 'Delivery Fee', '116391', '2020-08-20', '2020-08-21', '2021-02-07 23:59:07', NULL, NULL, NULL),
(906, 110, 5, 'Delivery Fee', '116392', '2020-08-20', '2020-08-21', '2021-02-08 00:01:43', NULL, NULL, NULL),
(907, 89, 5, 'Delivery Fee', '116393', '2020-08-20', '2020-08-21', '2021-02-08 00:02:25', NULL, NULL, NULL),
(908, 464, 5, 'Brgy. Clearance', '116394', '2020-08-20', '2020-08-21', '2021-02-08 00:03:26', NULL, NULL, NULL),
(909, 465, 5, 'Brgy. ID', '116395', '2020-08-20', '2020-08-21', '2021-02-08 00:04:53', NULL, NULL, NULL),
(910, 466, 5, 'Brgy. ID', '116396', '2020-08-20', '2020-08-21', '2021-02-08 00:07:45', NULL, NULL, NULL),
(911, 467, 5, 'Delivery Fee', '116397', '2020-08-22', '2020-08-24', '2021-02-08 00:13:10', NULL, NULL, NULL),
(912, 155, 5, 'Delivery Fee', '116398', '2020-08-22', '2020-08-24', '2021-02-08 00:16:09', NULL, NULL, NULL),
(913, 468, 5, 'Brgy. ID', '116399', '2020-08-22', '2020-08-24', '2021-02-08 00:23:55', NULL, NULL, NULL),
(914, 469, 5, 'Brgy. Clearance', '116400', '2020-08-24', '2020-08-28', '2021-02-08 00:26:22', NULL, NULL, NULL),
(915, 470, 5, 'Brgy. ID', '116401', '2020-08-24', '2020-08-28', '2021-02-08 00:29:55', NULL, NULL, NULL),
(916, 471, 5, 'Brgy. ID', '116402', '2020-08-24', '2020-08-28', '2021-02-08 00:34:59', NULL, NULL, NULL),
(917, 81, 5, 'Delivery Fee', '116403', '2020-08-24', '2020-08-28', '2021-02-08 00:35:29', NULL, NULL, NULL),
(918, 472, 5, 'Brgy. ID', '116404', '2020-08-24', '2020-08-28', '2021-02-08 00:47:49', '2021-02-08 00:50:54', NULL, NULL);
INSERT INTO `invoices` (`id`, `payee_id`, `ledger_id`, `collection_nature`, `or_number`, `invoice_date`, `due_date`, `created_at`, `updated_at`, `deleted_at`, `created_by`) VALUES
(919, 473, 2, 'Business Clearance', '0116405', '2020-08-24', '2020-08-28', '2021-02-08 00:53:37', NULL, NULL, NULL),
(920, 474, 5, 'Brgy. Clearance', '116406', '2020-08-24', '2020-08-28', '2021-02-08 00:54:17', NULL, NULL, NULL),
(921, 475, 5, 'Delivery Fee', '116407', '2020-08-24', '2020-08-28', '2021-02-08 00:59:34', NULL, NULL, NULL),
(922, 81, 5, 'Delivery Fee', '116408', '2020-08-25', '2020-08-28', '2021-02-08 01:00:03', NULL, NULL, NULL),
(923, 89, 5, 'Delivery Fee', '116409', '2020-08-25', '2020-08-28', '2021-02-08 01:00:44', NULL, NULL, NULL),
(924, 476, 5, 'Brgy. ID', '116410', '2020-08-25', '2020-08-28', '2021-02-08 01:01:53', NULL, NULL, NULL),
(925, 477, 5, 'Brgy. ID', '0116411', '2020-08-25', '2020-08-28', '2021-02-09 17:49:29', NULL, NULL, NULL),
(926, 14, 5, 'Delivery Fee', '116412', '2020-08-25', '2020-08-28', '2021-02-09 17:49:56', NULL, NULL, NULL),
(927, 478, 5, 'Brgy. ID', '116413', '2020-08-26', '2020-08-28', '2021-02-09 17:51:34', NULL, NULL, NULL),
(928, 479, 5, 'Brgy. ID', '116414', '2020-08-26', '2020-08-28', '2021-02-09 17:52:37', NULL, NULL, NULL),
(929, 89, 5, 'Delivery Fee', '116415', '2020-08-26', '2020-08-28', '2021-02-09 17:53:07', NULL, NULL, NULL),
(930, 480, 5, 'Brgy. ID', '116416', '2020-08-26', '2020-08-28', '2021-02-09 17:56:50', NULL, NULL, NULL),
(931, 481, 5, 'Brgy. ID', '116417', '2020-08-26', '2020-08-28', '2021-02-09 17:57:51', NULL, NULL, NULL),
(932, 89, 5, 'Delivery Fee', '116418', '2020-08-26', '2020-08-28', '2021-02-09 17:58:23', NULL, NULL, NULL),
(933, 482, 5, 'Delivery Fee', '116419', '2020-08-26', '2020-08-28', '2021-02-09 17:59:21', NULL, NULL, NULL),
(934, 483, 5, 'Brgy. ID', '116420', '2020-08-26', '2020-08-28', '2021-02-09 18:00:26', NULL, NULL, NULL),
(935, 484, 2, 'Business Clearance', '116421', '2020-08-26', '2020-08-28', '2021-02-09 18:01:42', NULL, NULL, NULL),
(936, 485, 5, 'Brgy. ID', '116422', '2020-08-26', '2020-08-28', '2021-02-09 18:03:05', NULL, NULL, NULL),
(937, 158, 5, 'Brgy. ID', '116423', '2020-08-27', '2020-08-28', '2021-02-09 18:03:35', '2021-02-09 18:04:09', NULL, NULL),
(938, 155, 5, 'Delivery Fee', '0116424', '2020-08-27', '2020-08-28', '2021-02-09 18:05:05', NULL, NULL, NULL),
(939, 155, 5, 'Delivery Fee', '116425', '2020-08-27', '2020-08-28', '2021-02-09 18:05:43', NULL, NULL, NULL),
(940, 486, 5, 'Brgy. ID', '116426', '2020-08-27', '2020-08-28', '2021-02-09 18:07:33', NULL, NULL, NULL),
(941, 155, 5, 'Delivery Fee', '116427', '2020-08-27', '2020-08-28', '2021-02-09 18:08:03', NULL, NULL, NULL),
(942, 14, 5, 'Delivery Fee', '116428', '2020-08-27', '2020-08-28', '2021-02-09 18:08:32', NULL, NULL, NULL),
(943, 128, 5, 'Delivery Fee', '116429', '2020-09-01', '2020-09-04', '2021-02-09 18:09:50', NULL, NULL, NULL),
(944, 254, 5, 'Delivery Fee', '116430', '2020-09-01', '2020-09-04', '2021-02-09 18:11:01', NULL, NULL, NULL),
(945, 128, 5, 'Delivery Fee', '116431', '2020-09-01', '2020-09-04', '2021-02-09 18:11:54', NULL, NULL, NULL),
(946, 14, 5, 'Delivery Fee', '116432', '2020-09-01', '2020-09-04', '2021-02-09 18:12:22', NULL, NULL, NULL),
(947, 20, 5, 'Delivery Fee', '116433', '2020-09-01', '2020-09-04', '2021-02-09 18:13:37', NULL, NULL, NULL),
(948, 155, 5, 'Delivery Fee', '116434', '2020-09-01', '2020-09-04', '2021-02-09 18:15:38', NULL, NULL, NULL),
(949, 124, 5, 'Delivery Fee', '116435', '2020-09-01', '2020-09-04', '2021-02-09 18:16:06', NULL, NULL, NULL),
(950, 89, 5, 'Delivery Fee', '116436', '2020-09-01', '2020-09-04', '2021-02-09 18:16:36', NULL, NULL, NULL),
(951, 487, 5, 'Brgy. Clearance', '116437', '2020-09-01', '2020-09-04', '2021-02-09 18:17:54', NULL, NULL, NULL),
(952, 81, 5, 'Delivery Fee', '116438', '2020-09-01', '2020-09-04', '2021-02-09 18:18:36', NULL, NULL, NULL),
(953, 89, 5, 'Delivery Fee', '116439', '2020-09-01', '2020-09-04', '2021-02-09 18:19:07', NULL, NULL, NULL),
(954, 89, 5, 'Delivery Fee', '116440', '2020-09-01', '2020-09-04', '2021-02-09 18:21:04', NULL, NULL, NULL),
(955, 89, 5, 'Delivery Fee', '116441', '2020-09-01', '2020-09-04', '2021-02-09 18:21:28', NULL, NULL, NULL),
(956, 488, 5, 'Brgy. ID', '116442', '2020-09-02', '2020-09-04', '2021-02-09 18:24:01', NULL, NULL, NULL),
(957, 89, 5, 'Delivery Fee', '116443', '2020-09-02', '2020-09-04', '2021-02-09 18:24:30', NULL, NULL, NULL),
(958, 207, 5, 'Brgy. Clearance', '116444', '2020-09-02', '2020-09-04', '2021-02-09 18:25:05', NULL, NULL, NULL),
(959, 89, 5, 'Delivery Fee', '116445', '2020-09-02', '2020-09-04', '2021-02-09 18:26:03', NULL, NULL, NULL),
(960, 250, 5, 'Brgy. Clearance', '116446', '2020-09-03', '2020-09-04', '2021-02-09 18:27:01', NULL, NULL, NULL),
(961, 20, 5, 'Delivery Fee', '116447', '2020-09-03', '2020-09-04', '2021-02-09 18:27:35', NULL, NULL, NULL),
(962, 14, 5, 'Delivery Fee', '116448', '2020-09-03', '2020-09-04', '2021-02-09 18:28:05', NULL, NULL, NULL),
(963, 254, 5, 'Delivery Fee', '116449', '2020-09-03', '2020-09-04', '2021-02-09 18:28:42', NULL, NULL, NULL),
(964, 254, 5, 'Delivery Fee', '116450', '2020-09-03', '2020-09-04', '2021-02-09 18:29:18', NULL, NULL, NULL),
(965, 254, 5, 'Delivery Fee', '116451', '2020-09-03', '2020-09-04', '2021-02-09 18:40:55', NULL, NULL, NULL),
(966, 254, 5, 'Delivery Fee', '116452', '2020-09-03', '2020-09-04', '2021-02-09 18:41:33', NULL, NULL, NULL),
(967, 361, 5, 'Delivery Fee', '116453', '2020-09-04', '2020-09-04', '2021-02-09 18:42:29', NULL, NULL, NULL),
(968, 489, 5, 'Brgy. ID', '116454', '2020-09-04', '2020-09-04', '2021-02-09 18:43:22', NULL, NULL, NULL),
(969, 490, 5, 'Brgy. ID', '116455', '2020-09-04', '2020-09-04', '2021-02-09 18:44:20', NULL, NULL, NULL),
(970, 254, 5, 'Delivery Fee', '116456', '2020-09-04', '2020-09-04', '2021-02-09 18:45:01', NULL, NULL, NULL),
(971, 491, 5, 'Brgy. ID', '116457', '2020-09-04', '2020-09-04', '2021-02-09 18:46:26', NULL, NULL, NULL),
(972, 492, 5, 'Brgy. ID', '116458', '2020-09-04', '2020-09-04', '2021-02-09 18:47:37', NULL, NULL, NULL),
(973, 493, 5, 'Brgy. ID', '116459', '2020-09-04', '2020-09-04', '2021-02-09 18:49:08', NULL, NULL, NULL),
(974, 254, 5, 'Delivery Fee', '116460', '2020-09-04', '2020-09-04', '2021-02-09 18:49:38', NULL, NULL, NULL),
(975, 361, 5, 'Delivery Fee', '116461', '2020-09-05', '2020-09-08', '2021-02-09 18:50:20', NULL, NULL, NULL),
(976, 128, 5, 'Delivery Fee', '116462', '2020-09-05', '2020-09-08', '2021-02-09 18:51:08', NULL, NULL, NULL),
(977, 254, 5, 'Delivery Fee', '116463', '2020-09-05', '2020-09-08', '2021-02-09 18:51:55', NULL, NULL, NULL),
(978, 55, 5, 'Delivery Fee', '116464', '2020-09-05', '2020-09-08', '2021-02-09 18:52:58', NULL, NULL, NULL),
(979, 140, 5, 'Delivery Fee', '116465', '2020-09-07', '2020-09-11', '2021-02-09 18:53:39', NULL, NULL, NULL),
(980, 254, 5, 'Delivery Fee', '116466', '2020-09-07', '2020-09-11', '2021-02-09 18:54:12', NULL, NULL, NULL),
(981, 494, 5, 'Brgy. ID', '116467', '2020-09-07', '2020-09-11', '2021-02-09 18:55:33', NULL, NULL, NULL),
(982, 254, 5, 'Delivery Fee', '116468', '2020-09-07', '2020-09-11', '2021-02-09 18:56:01', NULL, NULL, NULL),
(983, 254, 5, 'Delivery Fee', '116469', '2020-09-08', '2020-09-11', '2021-02-09 18:56:30', NULL, NULL, NULL),
(984, 495, 5, 'Brgy. ID', '116470', '2020-09-08', '2020-09-11', '2021-02-09 18:57:18', NULL, NULL, NULL),
(985, 140, 5, 'Delivery Fee', '116471', '2020-09-08', '2020-09-11', '2021-02-09 19:05:30', NULL, NULL, NULL),
(986, 496, 5, 'Brgy. ID', '116472', '2020-09-08', '2020-09-11', '2021-02-09 19:06:24', NULL, NULL, NULL),
(987, 14, 5, 'Delivery Fee', '116473', '2020-09-08', '2020-09-11', '2021-02-09 19:07:15', NULL, NULL, NULL),
(988, 497, 5, 'Brgy. ID', '0116474', '2020-09-08', '2020-09-11', '2021-02-09 21:15:24', NULL, NULL, NULL),
(989, 288, 5, 'Brgy. ID', '116475', '2020-09-08', '2020-09-11', '2021-02-09 21:18:13', NULL, NULL, NULL),
(990, 254, 5, 'Delivery Fee', '116476', '2020-09-09', '2020-09-11', '2021-02-09 21:31:53', NULL, NULL, NULL),
(991, 254, 5, 'Delivery Fee', '116477', '2020-09-09', '2020-09-11', '2021-02-09 21:32:19', NULL, NULL, NULL),
(992, 498, 5, 'Brgy. ID', '116478', '2020-09-09', '2020-09-11', '2021-02-09 21:33:14', NULL, NULL, NULL),
(993, 254, 5, 'Delivery Fee', '116479', '2020-09-09', '2020-09-11', '2021-02-09 21:35:06', NULL, NULL, NULL),
(994, 140, 5, 'Delivery Fee', '116480', '2020-09-10', '2020-09-11', '2021-02-09 21:36:11', NULL, NULL, NULL),
(995, 499, 5, 'Delivery Fee', '116481', '2020-09-10', '2020-09-11', '2021-02-09 21:37:10', NULL, NULL, NULL),
(996, 245, 5, 'Delivery Fee', '116482', '2020-09-10', '2020-09-11', '2021-02-09 21:40:59', NULL, NULL, NULL),
(997, 81, 5, 'Delivery Fee', '116483', '2020-09-10', '2020-09-11', '2021-02-09 21:41:30', NULL, NULL, NULL),
(998, 25, 5, 'Violation', '116484', '2020-09-11', '2020-09-11', '2021-02-09 21:42:10', NULL, NULL, NULL),
(999, 500, 5, 'Brgy. Clearance', '116485', '2020-09-11', '2020-09-11', '2021-02-09 21:45:39', NULL, NULL, NULL),
(1000, 254, 5, 'Delivery Fee', '116486', '2020-09-11', '2020-09-11', '2021-02-09 21:46:14', NULL, NULL, NULL),
(1001, 349, 5, 'Conference Room', '116487', '2020-09-11', '2020-09-11', '2021-02-09 21:47:21', NULL, NULL, NULL),
(1002, 349, 5, 'Conference Room', '116488', '2020-09-11', '2020-09-11', '2021-02-09 21:47:51', NULL, NULL, NULL),
(1003, 81, 5, 'Delivery Fee', '116489', '2020-09-12', '2020-09-15', '2021-02-09 21:48:26', NULL, NULL, NULL),
(1004, 254, 5, 'Delivery Fee', '116490', '2020-09-12', '2020-09-15', '2021-02-09 21:49:09', NULL, NULL, NULL),
(1005, 501, 5, 'Brgy. ID', '116491', '2020-09-12', '2020-09-15', '2021-02-09 21:51:03', NULL, NULL, NULL),
(1006, 14, 5, 'Delivery Fee', '116492', '2020-09-12', '2020-09-15', '2021-02-09 21:51:37', NULL, NULL, NULL),
(1007, 502, 5, 'Brgy. ID', '116493', '2020-09-12', '2020-09-15', '2021-02-09 21:52:33', NULL, NULL, NULL),
(1008, 179, 5, 'Utility Clearance', '116494', '2020-09-14', '2020-09-15', '2021-02-09 21:53:20', NULL, NULL, NULL),
(1009, 285, 5, 'Utility Clearance', '116495', '2020-09-14', '2020-09-15', '2021-02-09 21:54:10', NULL, NULL, NULL),
(1010, 503, 5, 'Brgy. ID', '116496', '2020-09-14', '2020-09-18', '2021-02-09 21:55:10', NULL, NULL, NULL),
(1011, 254, 5, 'Delivery Fee', '116497', '2020-09-14', '2020-09-18', '2021-02-09 21:55:37', NULL, NULL, NULL),
(1012, 124, 5, 'Delivery Fee', '116498', '2020-09-15', '2020-09-18', '2021-02-09 21:56:13', NULL, NULL, NULL),
(1013, 81, 5, 'Delivery Fee', '116499', '2020-09-15', '2020-09-18', '2021-02-09 21:56:43', NULL, NULL, NULL),
(1014, 353, 5, 'Brgy. Clearance', '116500', '2020-09-15', '2020-09-18', '2021-02-09 21:57:22', NULL, NULL, NULL),
(1015, 504, 2, 'Business Clearance', '0333201', '2020-09-15', '2020-09-18', '2021-02-09 22:10:50', NULL, NULL, NULL),
(1016, 282, 5, 'Brgy. Clearance', '333202', '2020-09-15', '2020-09-18', '2021-02-09 22:11:28', NULL, NULL, NULL),
(1017, 124, 5, 'Delivery Fee', '333203', '2020-09-15', '2020-09-18', '2021-02-09 22:13:30', NULL, NULL, NULL),
(1018, 505, 5, 'Brgy. ID', '333204', '2020-09-15', '2020-09-18', '2021-02-09 22:15:21', NULL, NULL, NULL),
(1019, 89, 5, 'Delivery Fee', '333205', '2020-09-16', '2020-09-18', '2021-02-09 22:16:09', NULL, NULL, NULL),
(1020, 506, 5, 'Brgy. ID', '333206', '2020-09-16', '2020-09-18', '2021-02-09 22:17:03', NULL, NULL, NULL),
(1021, 81, 5, 'Delivery Fee', '333207', '2020-09-16', '2020-09-18', '2021-02-09 22:17:51', NULL, NULL, NULL),
(1022, 334, 5, 'Delivery Fee', '333208', '2020-09-16', '2020-09-18', '2021-02-09 22:18:22', NULL, NULL, NULL),
(1023, 89, 5, 'Delivery Fee', '333209', '2020-09-17', '2020-09-18', '2021-02-09 22:19:14', NULL, NULL, NULL),
(1024, 507, 5, 'Brgy. Clearance', '333210', '2020-09-17', '2020-09-18', '2021-02-09 22:20:08', NULL, NULL, NULL),
(1025, 81, 5, 'Delivery Fee', '333211', '2020-09-18', '2020-09-22', '2021-02-09 22:21:14', NULL, NULL, NULL),
(1026, 475, 5, 'Delivery Fee', '333212', '2020-09-18', '2020-09-22', '2021-02-09 22:22:36', NULL, NULL, NULL),
(1027, 14, 5, 'Delivery Fee', '333213', '2020-09-18', '2020-09-22', '2021-02-09 22:23:28', NULL, NULL, NULL),
(1028, 20, 5, 'Delivery Fee', '333214', '2020-09-21', '2020-09-22', '2021-02-09 22:23:58', NULL, NULL, NULL),
(1029, 140, 5, 'Delivery Fee', '333215', '2020-09-21', '2020-09-22', '2021-02-09 22:24:30', NULL, NULL, NULL),
(1030, 140, 5, 'Delivery Fee', '333216', '2020-09-21', '2020-09-22', '2021-02-09 22:25:03', NULL, NULL, NULL),
(1031, 254, 5, 'Delivery Fee', '333217', '2020-09-21', '2020-09-22', '2021-02-09 22:25:34', NULL, NULL, NULL),
(1032, 124, 5, 'Delivery Fee', '333218', '2020-09-21', '2020-09-22', '2021-02-09 22:26:10', NULL, NULL, NULL),
(1033, 349, 5, 'Conference Room', '333219', '2020-09-22', '2020-09-22', '2021-02-09 22:27:38', NULL, NULL, NULL),
(1034, 140, 5, 'Delivery Fee', '333220', '2020-09-22', '2020-09-22', '2021-02-09 22:28:07', NULL, NULL, NULL),
(1035, 508, 5, 'Utility Clearance', '333221', '2020-09-23', '2020-09-22', '2021-02-09 22:29:02', NULL, NULL, NULL),
(1036, 124, 5, 'Delivery Fee', '333222', '2020-09-23', '2020-09-25', '2021-02-09 22:29:42', NULL, NULL, NULL),
(1037, 124, 5, 'Delivery Fee', '333223', '2020-09-23', '2020-09-25', '2021-02-09 22:30:15', NULL, NULL, NULL),
(1038, 81, 5, 'Delivery Fee', '333224', '2020-09-24', '2020-09-25', '2021-02-09 22:31:11', NULL, NULL, NULL),
(1039, 124, 5, 'Delivery Fee', '333225', '2020-09-25', '2020-09-28', '2021-02-09 22:43:16', NULL, NULL, NULL),
(1040, 140, 5, 'Delivery Fee', '333226', '2020-09-25', '2020-09-28', '2021-02-09 22:43:57', NULL, NULL, NULL),
(1041, 140, 5, 'Delivery Fee', '333227', '2020-09-25', '2020-09-28', '2021-02-09 23:29:16', NULL, NULL, NULL),
(1042, 140, 5, 'Delivery Fee', '333228', '2020-09-25', '2020-09-28', '2021-02-09 23:30:31', NULL, NULL, NULL),
(1043, 509, 5, 'Delivery Fee', '333229', '2020-09-25', '2020-09-28', '2021-02-09 23:31:39', NULL, NULL, NULL),
(1044, 81, 5, 'Delivery Fee', '333230', '2020-09-25', '2020-09-28', '2021-02-09 23:32:20', NULL, NULL, NULL),
(1045, 510, 5, 'Brgy. ID', '333231', '2020-09-25', '2020-09-28', '2021-02-09 23:33:32', NULL, NULL, NULL),
(1046, 511, 5, 'Utility Clearance', '333232', '2020-09-25', '2020-09-28', '2021-02-09 23:34:44', NULL, NULL, NULL),
(1047, 512, 5, 'Brgy. Clearance', '333233', '2020-09-25', '2020-09-28', '2021-02-09 23:35:54', NULL, NULL, NULL),
(1048, 448, 5, 'Brgy. Clearance', '333234', '2020-09-25', '2020-09-28', '2021-02-09 23:43:32', NULL, NULL, NULL),
(1049, 254, 5, 'Delivery Fee', '333235', '2020-09-26', '2020-09-28', '2021-02-09 23:53:09', NULL, NULL, NULL),
(1050, 81, 5, 'Delivery Fee', '333236', '2020-09-26', '2020-09-28', '2021-02-09 23:53:44', NULL, NULL, NULL),
(1051, 140, 5, 'Delivery Fee', '333237', '2020-09-26', '2020-09-28', '2021-02-09 23:54:19', NULL, NULL, NULL),
(1052, 513, 5, 'Delivery Fee', '333238', '2020-09-28', '2020-09-28', '2021-02-09 23:55:12', NULL, NULL, NULL),
(1053, 222, 5, 'Brgy. Clearance', '333239', '2020-09-29', '2020-09-30', '2021-02-09 23:56:41', NULL, NULL, NULL),
(1054, 124, 5, 'Delivery Fee', '333240', '2020-09-29', '2020-09-30', '2021-02-09 23:57:25', NULL, NULL, NULL),
(1055, 81, 5, 'Delivery Fee', '333241', '2020-10-01', '2020-10-05', '2021-02-09 23:58:00', NULL, NULL, NULL),
(1056, 140, 5, 'Delivery Fee', '333242', '2020-10-01', '2020-10-05', '2021-02-09 23:58:58', NULL, NULL, NULL),
(1057, 514, 5, 'Utility Clearance', '333243', '2020-10-01', '2020-10-05', '2021-02-10 00:11:04', NULL, NULL, NULL),
(1058, 515, 5, 'Brgy. Clearance', '333244', '2020-10-01', '2020-10-05', '2021-02-10 00:13:06', NULL, NULL, NULL),
(1059, 124, 5, 'Delivery Fee', '333245', '2020-10-01', '2020-10-05', '2021-02-10 00:16:44', NULL, NULL, NULL),
(1060, 516, 5, 'Brgy. Clearance', '333246', '2020-10-01', '2020-10-05', '2021-02-10 00:17:24', NULL, NULL, NULL),
(1061, 81, 5, 'Delivery Fee', '333247', '2020-10-02', '2020-10-05', '2021-02-10 00:18:02', NULL, NULL, NULL),
(1062, 124, 5, 'Delivery Fee', '333248', '2020-10-03', '2020-10-05', '2021-02-10 00:21:12', NULL, NULL, NULL),
(1063, 25, 5, 'Violation', '333249', '2020-10-03', '2020-10-05', '2021-02-10 00:23:27', NULL, NULL, NULL),
(1064, 254, 5, 'Delivery Fee', '333250', '2020-10-05', '2020-10-09', '2021-02-10 00:24:05', '2021-02-14 16:52:43', NULL, NULL),
(1065, 282, 5, 'Brgy. Clearance', '0333202', '2020-09-15', '2020-09-18', '2021-02-14 16:47:01', NULL, '2021-02-14 16:49:13', NULL),
(1066, 517, 5, 'Rental for Chainsaw', '333251', '2020-10-05', '2020-10-09', '2021-02-14 16:56:45', NULL, NULL, NULL),
(1067, 81, 5, 'Brgy. ID', '333252', '2020-10-05', '2020-10-09', '2021-02-14 17:00:46', NULL, NULL, NULL),
(1068, 518, 5, 'Brgy. Clearance', '333253', '2020-10-05', '2020-10-09', '2021-02-14 17:03:46', NULL, NULL, NULL),
(1069, 519, 5, 'Brgy. ID', '333254', '2020-10-05', '2020-10-09', '2021-02-14 17:08:11', NULL, NULL, NULL),
(1070, 89, 5, 'Delivery Fee', '333255', '2020-10-06', '2020-10-09', '2021-02-14 17:10:20', NULL, NULL, NULL),
(1071, 140, 5, 'Delivery Fee', '333256', '2020-10-07', '2020-10-09', '2021-02-14 17:10:53', NULL, NULL, NULL),
(1072, 89, 5, 'Delivery Fee', '333257', '2020-10-07', '2020-10-09', '2021-02-14 17:12:12', NULL, NULL, NULL),
(1073, 281, 5, 'Brgy. Clearance', '333258', '2020-10-07', '2020-10-09', '2021-02-14 17:12:47', NULL, NULL, NULL),
(1074, 520, 5, 'Delivery Fee', '333259', '2020-10-07', '2020-10-09', '2021-02-14 17:13:38', NULL, NULL, NULL),
(1075, 155, 5, 'Delivery Fee', '333260', '2020-10-07', '2020-10-09', '2021-02-14 17:14:09', NULL, NULL, NULL),
(1076, 521, 5, 'Delivery Fee', '333261', '2020-10-07', '2020-10-09', '2021-02-14 17:15:21', NULL, NULL, NULL),
(1077, 124, 5, 'Delivery Fee', '333262', '2020-10-07', '2020-10-09', '2021-02-14 17:15:47', NULL, NULL, NULL),
(1078, 124, 5, 'Delivery Fee', '333263', '2020-10-08', '2020-10-09', '2021-02-14 17:16:15', NULL, NULL, NULL),
(1079, 522, 5, 'Brgy. ID', '333264', '2020-10-08', '2020-10-09', '2021-02-14 17:20:51', NULL, NULL, NULL),
(1080, 523, 5, 'Utility Clearance', '333265', '2020-10-08', '2020-10-09', '2021-02-14 17:27:35', NULL, NULL, NULL),
(1081, 124, 5, 'Delivery Fee', '333266', '2020-10-09', '2020-10-09', '2021-02-14 17:37:05', NULL, NULL, NULL),
(1082, 140, 5, 'Delivery Fee', '333267', '2020-10-09', '2020-10-12', '2021-02-14 17:37:40', NULL, NULL, NULL),
(1083, 524, 5, 'Delivery Fee', '333268', '2020-10-09', '2020-10-12', '2021-02-14 17:38:33', NULL, NULL, NULL),
(1084, 525, 5, 'Delivery Fee', '333269', '2020-10-09', '2020-10-12', '2021-02-14 17:39:32', NULL, NULL, NULL),
(1085, 250, 5, 'Brgy. Clearance', '333270', '2020-10-09', '2020-10-12', '2021-02-14 17:40:13', NULL, NULL, NULL),
(1086, 155, 5, 'Delivery Fee', '333271', '2020-10-10', '2020-10-12', '2021-02-14 17:40:58', NULL, NULL, NULL),
(1087, 124, 5, 'Delivery Fee', '333272', '2020-10-12', '2020-10-16', '2021-02-14 17:41:36', NULL, NULL, NULL),
(1088, 81, 5, 'Delivery Fee', '333273', '2020-10-12', '2020-10-16', '2021-02-14 17:42:05', NULL, NULL, NULL),
(1089, 155, 5, 'Delivery Fee', '333274', '2020-10-12', '2020-10-16', '2021-02-14 17:43:28', NULL, NULL, NULL),
(1090, 526, 5, 'Brgy. ID', '333275', '2020-10-12', '2020-10-16', '2021-02-14 17:46:08', NULL, NULL, NULL),
(1091, 140, 5, 'Delivery Fee', '333276', '2020-10-12', '2020-10-16', '2021-02-14 17:46:38', NULL, NULL, NULL),
(1092, 527, 5, 'Brgy. Clearance', '333277', '2020-10-13', '2020-10-16', '2021-02-14 17:48:10', NULL, NULL, NULL),
(1093, 155, 5, 'Delivery Fee', '333278', '2020-10-13', '2020-10-16', '2021-02-14 17:49:06', NULL, NULL, NULL),
(1094, 528, 5, 'Brgy. Clearance', '333279', '2020-10-13', '2020-10-16', '2021-02-14 17:50:55', NULL, NULL, NULL),
(1095, 155, 5, 'Delivery Fee', '333280', '2020-10-13', '2020-10-16', '2021-02-14 17:53:20', NULL, NULL, NULL),
(1096, 521, 5, 'Delivery Fee', '333281', '2020-10-13', '2020-10-16', '2021-02-14 17:53:50', NULL, NULL, NULL),
(1097, 529, 5, 'Shooting', '333282', '2020-10-14', '2020-10-16', '2021-02-14 18:43:09', NULL, NULL, NULL),
(1098, 158, 5, 'Delivery Fee', '333283', '2020-10-14', '2020-10-16', '2021-02-14 18:44:19', NULL, NULL, NULL),
(1099, 89, 5, 'Delivery Fee', '333284', '2020-10-14', '2020-10-16', '2021-02-14 18:44:57', NULL, NULL, NULL),
(1100, 155, 5, 'Delivery Fee', '333285', '2020-10-14', '2020-10-16', '2021-02-14 18:45:41', NULL, NULL, NULL),
(1101, 155, 5, 'Delivery Fee', '333286', '2020-10-14', '2020-10-16', '2021-02-14 18:46:10', NULL, NULL, NULL),
(1102, 81, 5, 'Delivery Fee', '333287', '2020-10-14', '2020-10-16', '2021-02-14 19:03:59', NULL, NULL, NULL),
(1103, 89, 5, 'Delivery Fee', '333288', '2020-10-15', '2020-10-16', '2021-02-14 19:04:31', NULL, NULL, NULL),
(1104, 140, 5, 'Delivery Fee', '333289', '2020-10-15', '2020-10-16', '2021-02-14 19:05:06', NULL, NULL, NULL),
(1105, 155, 5, 'Delivery Fee', '333290', '2020-10-15', '2020-10-16', '2021-02-14 19:06:00', NULL, NULL, NULL),
(1106, 158, 5, 'Delivery Fee', '333291', '2020-10-15', '2020-10-16', '2021-02-14 19:28:51', NULL, NULL, NULL),
(1107, 530, 5, 'Brgy. Clearance', '333292', '2020-10-15', '2020-10-16', '2021-02-14 19:29:40', NULL, NULL, NULL),
(1108, 245, 5, 'Delivery Fee', '333293', '2020-10-15', '2020-10-16', '2021-02-14 19:30:10', NULL, NULL, NULL),
(1109, 155, 5, 'Delivery Fee', '333294', '2020-10-15', '2020-10-16', '2021-02-14 19:30:38', NULL, NULL, NULL),
(1110, 158, 5, 'Delivery Fee', '333295', '2020-10-15', '2020-10-16', '2021-02-14 19:31:10', NULL, NULL, NULL),
(1111, 140, 5, 'Delivery Fee', '333296', '2020-10-16', '2020-10-19', '2021-02-14 19:31:49', NULL, NULL, NULL),
(1112, 140, 5, 'Delivery Fee', '333297', '2020-10-16', '2020-10-19', '2021-02-14 19:32:17', NULL, NULL, NULL),
(1113, 90, 5, 'Delivery Fee', '333298', '2020-10-16', '2020-10-19', '2021-02-14 19:32:46', NULL, NULL, NULL),
(1114, 89, 5, 'Delivery Fee', '333299', '2020-10-17', '2020-10-19', '2021-02-14 19:33:52', NULL, NULL, NULL),
(1115, 89, 5, 'Delivery Fee', '333300', '2020-10-17', '2020-10-19', '2021-02-14 19:34:22', NULL, NULL, NULL),
(1116, 158, 5, 'Delivery Fee', '333301', '2020-10-17', '2020-10-19', '2021-02-14 21:18:16', NULL, NULL, NULL),
(1117, 531, 5, 'Brgy. Clearance', '333302', '2020-10-17', '2020-10-19', '2021-02-14 21:29:07', NULL, NULL, NULL),
(1118, 158, 5, 'Delivery Fee', '333303', '2020-10-17', '2020-10-19', '2021-02-14 21:31:32', NULL, NULL, NULL),
(1119, 158, 5, 'Delivery Fee', '333304', '2020-10-19', '2020-10-23', '2021-02-14 21:32:03', NULL, NULL, NULL),
(1120, 532, 5, 'Brgy. ID', '333305', '2020-10-19', '2020-10-23', '2021-02-14 21:33:10', NULL, NULL, NULL),
(1121, 533, 5, 'Court Rental', '333306', '2020-10-19', '2020-10-23', '2021-02-14 21:35:19', NULL, NULL, NULL),
(1122, 89, 5, 'Delivery Fee', '333307', '2020-10-20', '2020-10-23', '2021-02-14 21:36:35', NULL, NULL, NULL),
(1123, 81, 5, 'Delivery Fee', '333308', '2020-10-20', '2020-10-23', '2021-02-14 21:37:05', NULL, NULL, NULL),
(1124, 140, 5, 'Delivery Fee', '333309', '2020-10-20', '2020-10-23', '2021-02-14 21:37:35', NULL, NULL, NULL),
(1125, 534, 5, 'Brgy. Clearance', '333310', '2020-10-20', '2020-10-23', '2021-02-14 21:38:29', NULL, NULL, NULL),
(1126, 535, 5, 'Brgy. Clearance', '333311', '2020-10-20', '2020-10-23', '2021-02-14 21:42:39', NULL, NULL, NULL),
(1127, 81, 5, 'Delivery Fee', '333312', '2020-10-21', '2020-10-23', '2021-02-14 21:52:40', NULL, NULL, NULL),
(1128, 536, 5, 'Brgy. ID', '333313', '2020-10-21', '2020-10-23', '2021-02-14 21:56:36', NULL, NULL, NULL),
(1129, 201, 5, 'Brgy. Clearance', '333314', '2020-10-21', '2020-10-23', '2021-02-14 21:57:29', NULL, NULL, NULL),
(1130, 537, 5, 'Brgy. Clearance', '333315', '2020-10-21', '2020-10-23', '2021-02-14 21:58:20', NULL, NULL, NULL),
(1131, 538, 5, 'Brgy. Clearance', '333316', '2020-10-22', '2020-10-23', '2021-02-14 22:00:44', NULL, NULL, NULL),
(1132, 89, 5, 'Delivery Fee', '333317', '2020-10-22', '2020-10-23', '2021-02-14 22:01:20', NULL, NULL, NULL),
(1133, 539, 5, 'Utility Clearance', '333318', '2020-10-22', '2020-10-23', '2021-02-14 22:02:06', NULL, NULL, NULL),
(1134, 110, 5, 'Delivery Fee', '333319', '2020-10-22', '2020-10-23', '2021-02-14 22:03:11', NULL, NULL, NULL),
(1135, 349, 5, 'Conference Room', '333320', '2020-10-22', '2020-10-23', '2021-02-14 22:03:58', NULL, NULL, NULL),
(1136, 352, 5, 'Utility Clearance', '333321', '2020-10-23', '2020-10-23', '2021-02-14 22:05:32', NULL, NULL, NULL),
(1137, 81, 5, 'Delivery Fee', '333322', '2020-10-24', '2020-10-26', '2021-02-14 22:06:08', NULL, NULL, NULL),
(1138, 540, 5, 'Court Rental', '333323', '2020-10-24', '2020-10-26', '2021-02-14 22:07:16', NULL, NULL, NULL),
(1139, 89, 5, 'Delivery Fee', '333324', '2020-10-27', '2020-10-30', '2021-02-14 22:09:09', NULL, NULL, NULL),
(1140, 89, 5, 'Delivery Fee', '333325', '2020-10-27', '2020-10-30', '2021-02-14 22:10:21', NULL, NULL, NULL),
(1141, 541, 5, 'Brgy. Clearance', '333326', '2020-10-27', '2020-10-30', '2021-02-14 22:11:40', NULL, NULL, NULL),
(1142, 118, 1, 'RPTS', '333327', '2020-10-29', '2020-10-30', '2021-02-14 22:14:10', NULL, NULL, NULL),
(1143, 89, 5, 'Delivery Fee', '333328', '2020-11-03', '2020-11-06', '2021-02-14 22:14:44', NULL, NULL, NULL),
(1144, 140, 5, 'Delivery Fee', '333329', '2020-11-03', '2020-11-06', '2021-02-14 22:21:32', NULL, NULL, NULL),
(1145, 521, 5, 'Delivery Fee', '333330', '2020-11-03', '2020-11-06', '2021-02-14 22:22:38', NULL, NULL, NULL),
(1146, 140, 5, 'Delivery Fee', '333331', '2020-11-03', '2020-11-06', '2021-02-14 22:23:25', NULL, NULL, NULL),
(1147, 542, 5, 'Brgy. Clearance', '333332', '2020-11-03', '2020-11-06', '2021-02-14 22:41:56', NULL, NULL, NULL),
(1148, 543, 5, 'Delivery Fee', '333333', '2020-11-03', '2020-11-06', '2021-02-14 22:43:00', NULL, NULL, NULL),
(1149, 533, 5, 'Court Rental', '333334', '2020-11-03', '2020-11-06', '2021-02-14 22:43:33', NULL, NULL, NULL),
(1150, 89, 5, 'Delivery Fee', '333335', '2020-11-03', '2020-11-06', '2021-02-14 22:44:26', NULL, NULL, NULL),
(1151, 544, 2, 'Business Clearance', '333336', '2020-11-03', '2020-11-06', '2021-02-14 22:47:33', NULL, NULL, NULL),
(1152, 503, 5, 'Brgy. Clearance', '333337', '2020-11-03', '2020-11-06', '2021-02-14 22:48:11', NULL, NULL, NULL),
(1153, 140, 5, 'Delivery Fee', '333338', '2020-11-03', '2020-11-06', '2021-02-14 22:48:39', NULL, NULL, NULL),
(1154, 545, 5, 'Brgy. Clearance', '333339', '2020-11-03', '2020-11-06', '2021-02-14 22:50:07', NULL, NULL, NULL),
(1155, 319, 5, 'Court Rental', '333340', '2020-11-04', '2020-11-06', '2021-02-14 22:50:49', NULL, NULL, NULL),
(1156, 546, 5, 'Utility Clearance', '333341', '2020-11-04', '2020-11-06', '2021-02-14 22:51:29', NULL, NULL, NULL),
(1157, 89, 5, 'Delivery Fee', '333342', '2020-11-04', '2020-11-06', '2021-02-14 22:51:54', NULL, NULL, NULL),
(1158, 237, 5, 'Delivery Fee', '333343', '2020-11-04', '2020-11-06', '2021-02-14 22:52:38', NULL, NULL, NULL),
(1159, 125, 5, 'Delivery Fee', '333344', '2020-11-04', '2020-11-06', '2021-02-14 22:56:53', NULL, NULL, NULL),
(1160, 547, 5, 'Complaint Fee', '333345', '2020-11-04', '2020-11-06', '2021-02-14 23:02:33', NULL, NULL, NULL),
(1161, 140, 5, 'Delivery Fee', '333346', '2020-11-05', '2020-11-06', '2021-02-14 23:03:08', NULL, NULL, NULL),
(1162, 503, 5, 'Delivery Fee', '333347', '2020-11-05', '2020-11-06', '2021-02-14 23:03:42', NULL, NULL, NULL),
(1163, 548, 5, 'Delivery Fee', '333348', '2020-11-05', '2020-11-06', '2021-02-14 23:04:36', NULL, NULL, NULL),
(1164, 549, 5, 'Court Rental', '333349', '2020-11-06', '2020-11-09', '2021-02-14 23:10:17', NULL, NULL, NULL),
(1165, 550, 5, 'Utility Clearance', '333350', '2020-11-07', '2020-11-09', '2021-02-14 23:11:05', NULL, NULL, NULL),
(1166, 81, 5, 'Delivery Fee', '333351', '2020-11-07', '2020-11-09', '2021-02-14 23:27:49', NULL, NULL, NULL),
(1167, 119, 5, 'Delivery Fee', '333352', '2020-11-07', '2020-11-09', '2021-02-14 23:28:43', NULL, NULL, NULL),
(1168, 119, 5, 'Contruction Clearance', '333353', '2020-11-07', '2020-11-09', '2021-02-14 23:29:25', NULL, NULL, NULL),
(1169, 89, 5, 'Delivery Fee', '333354', '2020-11-09', '2020-11-13', '2021-02-14 23:29:55', NULL, NULL, NULL),
(1170, 140, 5, 'Delivery Fee', '333355', '2020-11-09', '2020-11-13', '2021-02-14 23:31:03', NULL, NULL, NULL),
(1171, 551, 5, 'Complaint Fee', '333356', '2020-11-09', '2020-11-13', '2021-02-14 23:32:02', NULL, NULL, NULL),
(1172, 503, 5, 'Delivery Fee', '333357', '2020-11-09', '2020-11-13', '2021-02-14 23:33:04', NULL, NULL, NULL),
(1173, 548, 5, 'Delivery Fee', '333358', '2020-11-09', '2020-11-13', '2021-02-14 23:33:47', NULL, NULL, NULL),
(1174, 455, 5, 'Brgy. Clearance', '333359', '2020-11-09', '2020-11-13', '2021-02-14 23:34:22', NULL, NULL, NULL),
(1175, 503, 5, 'Delivery Fee', '333360', '2020-11-09', '2020-11-13', '2021-02-14 23:36:11', NULL, NULL, NULL),
(1176, 503, 5, 'Delivery Fee', '333361', '2020-11-10', '2020-11-13', '2021-02-14 23:36:39', NULL, NULL, NULL),
(1177, 533, 5, 'Court Rental', '333362', '2020-11-10', '2020-11-13', '2021-02-14 23:38:02', NULL, NULL, NULL),
(1178, 89, 5, 'Delivery Fee', '333363', '2020-11-10', '2020-11-13', '2021-02-14 23:38:44', NULL, NULL, NULL),
(1179, 263, 5, 'Brgy. Clearance', '333364', '2020-11-13', '2020-11-16', '2021-02-14 23:39:26', NULL, NULL, NULL),
(1180, 140, 5, 'Delivery Fee', '333365', '2020-11-13', '2020-11-16', '2021-02-14 23:40:55', NULL, NULL, NULL),
(1181, 89, 5, 'Delivery Fee', '333366', '2020-11-13', '2020-11-16', '2021-02-14 23:41:33', NULL, NULL, NULL),
(1182, 552, 5, 'Delivery Fee', '333367', '2020-11-13', '2020-11-16', '2021-02-14 23:42:17', NULL, NULL, NULL),
(1183, 533, 5, 'Court Rental', '333368', '2020-11-16', '2020-11-20', '2021-02-14 23:42:52', NULL, NULL, NULL),
(1184, 553, 5, 'Brgy. Clearance', '333369', '2020-11-16', '2020-11-20', '2021-02-14 23:55:53', NULL, NULL, NULL),
(1185, 287, 5, 'Brgy. Clearance', '333370', '2020-11-18', '2020-11-20', '2021-02-14 23:56:40', NULL, NULL, NULL),
(1186, 554, 5, 'Brgy. Clearance', '333371', '2020-11-18', '2020-11-20', '2021-02-14 23:57:16', NULL, NULL, NULL),
(1187, 555, 5, 'Brgy. Clearance', '333372', '2020-11-18', '2020-11-20', '2021-02-15 00:02:10', NULL, NULL, NULL),
(1188, 521, 5, 'Delivery Fee', '333373', '2020-11-18', '2020-11-20', '2021-02-15 00:02:45', NULL, NULL, NULL),
(1189, 556, 5, 'Court Rental', '333374', '2020-11-18', '2020-11-20', '2021-02-15 00:05:59', NULL, NULL, NULL),
(1190, 557, 5, 'Brgy. Clearance', '333375', '2020-11-18', '2020-11-20', '2021-02-15 00:07:32', NULL, NULL, NULL),
(1191, 89, 5, 'Delivery Fee', '333376', '2020-11-19', '2020-11-20', '2021-02-15 00:08:28', NULL, NULL, NULL),
(1192, 140, 5, 'Delivery Fee', '333377', '2020-11-19', '2020-11-20', '2021-02-15 00:09:04', NULL, NULL, NULL),
(1193, 110, 5, 'Delivery Fee', '333378', '2020-11-19', '2020-11-20', '2021-02-15 00:11:22', NULL, NULL, NULL),
(1194, 558, 5, 'Utility Clearance', '333379', '2020-11-20', '2020-11-23', '2021-02-15 00:12:06', NULL, NULL, NULL),
(1195, 250, 5, 'Brgy. Clearance', '333380', '2020-11-20', '2020-11-23', '2021-02-15 00:13:01', NULL, NULL, NULL),
(1196, 533, 5, 'Court Rental', '333381', '2020-11-23', '2020-11-27', '2021-02-15 00:13:31', NULL, NULL, NULL),
(1197, 521, 5, 'Delivery Fee', '333382', '2020-11-23', '2020-11-27', '2021-02-15 00:14:04', NULL, NULL, NULL),
(1198, 559, 5, 'Brgy. Clearance', '333383', '2020-11-23', '2020-11-27', '2021-02-15 00:14:57', NULL, NULL, NULL),
(1199, 560, 5, 'Brgy. Clearance', '333384', '2020-11-23', '2020-11-27', '2021-02-15 00:16:12', NULL, NULL, NULL),
(1200, 89, 5, 'Delivery Fee', '333385', '2020-11-23', '2020-11-27', '2021-02-15 00:17:02', NULL, NULL, NULL),
(1201, 258, 5, 'Brgy. Clearance', '333386', '2020-11-23', '2020-11-27', '2021-02-15 00:18:55', NULL, NULL, NULL),
(1202, 561, 5, 'Brgy. Clearance', '333387', '2020-11-23', '2020-11-27', '2021-02-15 00:19:33', NULL, NULL, NULL),
(1203, 562, 5, 'Utility Clearance', '333388', '2020-11-24', '2020-11-27', '2021-02-15 00:23:19', NULL, NULL, NULL),
(1204, 563, 5, 'Brgy. Clearance', '333389', '2020-11-24', '2020-11-27', '2021-02-15 00:24:19', NULL, NULL, NULL),
(1205, 564, 5, 'Delivery Fee', '333390', '2020-11-24', '2020-11-27', '2021-02-15 00:25:28', NULL, NULL, NULL),
(1206, 565, 5, 'Delivery Fee', '333391', '2020-11-24', '2020-11-27', '2021-02-15 00:26:36', NULL, NULL, NULL),
(1207, 140, 5, 'Delivery Fee', '333392', '2020-11-25', '2020-11-27', '2021-02-15 00:27:07', NULL, NULL, NULL),
(1208, 140, 5, 'Delivery Fee', '333393', '2020-11-25', '2020-11-27', '2021-02-15 00:27:34', NULL, NULL, NULL),
(1209, 81, 5, 'Delivery Fee', '333394', '2020-11-25', '2020-11-27', '2021-02-15 00:28:04', NULL, NULL, NULL),
(1210, 566, 5, 'Brgy. ID', '333395', '2020-11-26', '2020-11-27', '2021-02-15 00:29:41', NULL, NULL, NULL),
(1211, 89, 5, 'Delivery Fee', '333396', '2020-11-26', '2020-11-27', '2021-02-15 00:30:10', NULL, NULL, NULL),
(1212, 140, 5, 'Delivery Fee', '333397', '2020-11-26', '2020-11-27', '2021-02-15 00:30:38', NULL, NULL, NULL),
(1213, 140, 5, 'Delivery Fee', '333398', '2020-11-26', '2020-11-27', '2021-02-15 00:31:06', NULL, NULL, NULL),
(1214, 89, 5, 'Delivery Fee', '333399', '2020-11-26', '2020-11-27', '2021-02-15 00:31:30', NULL, NULL, NULL),
(1215, 567, 5, 'Delivery Fee', '333400', '2020-11-27', '2020-11-30', '2021-02-15 00:34:38', NULL, NULL, NULL),
(1216, 568, 5, 'Brgy. Clearance', '333401', '2020-11-27', '2020-11-30', '2021-02-16 17:17:18', '2021-02-16 17:19:21', NULL, NULL),
(1217, 569, 5, 'Court Rental', '333402', '2020-11-27', '2020-11-30', '2021-02-16 17:19:00', NULL, NULL, NULL),
(1218, 567, 5, 'Delivery Fee', '333403', '2020-11-27', '2020-11-30', '2021-02-16 17:20:08', NULL, NULL, NULL),
(1219, 567, 5, 'Delivery Fee', '333404', '2020-12-01', '2020-12-04', '2021-02-16 17:20:46', NULL, NULL, NULL),
(1220, 503, 5, 'Delivery Fee', '333405', '2020-12-01', '2020-12-04', '2021-02-16 17:21:12', NULL, NULL, NULL),
(1221, 570, 5, 'Activity Area', '333406', '2020-12-01', '2020-12-04', '2021-02-16 17:33:20', NULL, NULL, NULL),
(1222, 567, 5, 'Delivery Fee', '333407', '2020-12-01', '2020-12-04', '2021-02-16 17:33:51', NULL, NULL, NULL),
(1223, 89, 5, 'Delivery Fee', '333408', '2020-12-01', '2020-12-04', '2021-02-16 17:34:23', NULL, NULL, NULL),
(1224, 533, 5, 'Court Rental', '333409', '2020-12-01', '2020-12-04', '2021-02-16 17:34:55', NULL, NULL, NULL),
(1225, 156, 5, 'Delivery Fee', '333410', '2020-12-02', '2020-12-04', '2021-02-16 17:35:28', NULL, NULL, NULL),
(1226, 570, 5, 'Activity Area', '333411', '2020-12-02', '2020-12-04', '2021-02-16 17:35:59', NULL, NULL, NULL),
(1227, 567, 5, 'Delivery Fee', '333412', '2020-12-02', '2020-12-04', '2021-02-16 17:36:34', NULL, NULL, NULL),
(1228, 10, 5, 'Refund', '333413', '2020-12-02', '2020-12-04', '2021-02-16 17:37:34', NULL, NULL, NULL),
(1229, 503, 5, 'Delivery Fee', '333414', '2020-12-03', '2020-12-04', '2021-02-16 17:38:06', NULL, NULL, NULL),
(1230, 567, 5, 'Delivery Fee', '333415', '2020-12-03', '2020-12-04', '2021-02-16 17:38:36', NULL, NULL, NULL),
(1231, 156, 5, 'Delivery Fee', '333416', '2020-12-03', '2020-12-04', '2021-02-16 17:39:10', NULL, NULL, NULL),
(1232, 571, 5, 'Brgy. Clearance', '333417', '2020-12-03', '2020-12-04', '2021-02-16 17:39:56', NULL, NULL, NULL),
(1233, 156, 5, 'Delivery Fee', '333418', '2020-12-05', '2020-12-07', '2021-02-16 17:40:27', NULL, NULL, NULL),
(1234, 89, 5, 'Delivery Fee', '333419', '2020-12-05', '2020-12-07', '2021-02-16 17:41:15', NULL, NULL, NULL),
(1235, 503, 5, 'Delivery Fee', '333420', '2020-12-05', '2020-12-07', '2021-02-16 17:42:49', NULL, NULL, NULL),
(1236, 140, 5, 'Delivery Fee', '333421', '2020-12-05', '2020-12-07', '2021-02-16 17:43:28', NULL, NULL, NULL),
(1237, 218, 5, 'Delivery Fee', '333422', '2020-12-05', '2020-12-07', '2021-02-16 17:44:00', NULL, NULL, NULL),
(1238, 140, 5, 'Delivery Fee', '333423', '2020-12-07', '2020-12-11', '2021-02-16 17:44:33', NULL, NULL, NULL),
(1239, 533, 5, 'Court Rental', '333424', '2020-12-07', '2020-12-11', '2021-02-16 17:45:31', NULL, NULL, NULL),
(1240, 156, 5, 'Delivery Fee', '333425', '2020-12-07', '2020-12-11', '2021-02-16 17:46:05', NULL, NULL, NULL),
(1241, 384, 5, 'Brgy. Clearance', '333426', '2020-12-09', '2020-12-11', '2021-02-16 17:46:40', NULL, NULL, NULL),
(1242, 349, 5, 'Conference Room', '333427', '2020-12-09', '2020-12-11', '2021-02-16 17:47:40', NULL, NULL, NULL),
(1243, 89, 5, 'Delivery Fee', '333428', '2020-12-10', '2020-12-11', '2021-02-16 17:48:12', NULL, NULL, NULL),
(1244, 572, 5, 'Court Rental', '333429', '2020-12-10', '2020-12-11', '2021-02-16 17:49:31', NULL, NULL, NULL),
(1245, 156, 5, 'Delivery Fee', '333430', '2020-12-11', '2020-12-14', '2021-02-16 17:50:23', NULL, NULL, NULL),
(1246, 573, 5, 'Brgy. Clearance', '333431', '2020-12-11', '2020-12-14', '2021-02-16 17:51:22', NULL, NULL, NULL),
(1247, 573, 5, 'Brgy. Clearance', '333432', '2020-12-11', '2020-12-14', '2021-02-16 17:51:51', NULL, NULL, NULL),
(1248, 89, 5, 'Delivery Fee', '333433', '2020-12-12', '2020-12-14', '2021-02-16 17:52:27', NULL, NULL, NULL),
(1249, 564, 5, 'Delivery Fee', '333434', '2020-12-14', '2020-12-18', '2021-02-16 17:52:57', NULL, NULL, NULL),
(1250, 89, 5, 'Delivery Fee', '333435', '2020-12-14', '2020-12-18', '2021-02-16 17:53:30', NULL, NULL, NULL),
(1251, 533, 5, 'Court Rental', '333436', '2020-12-14', '2020-12-18', '2021-02-16 17:54:13', NULL, NULL, NULL),
(1252, 574, 5, 'Brgy. Clearance', '333437', '2020-12-16', '2020-12-18', '2021-02-16 17:56:06', NULL, NULL, NULL),
(1253, 575, 5, 'Delivery Fee', '333438', '2020-12-16', '2020-12-18', '2021-02-16 17:57:02', NULL, NULL, NULL),
(1254, 89, 5, 'Delivery Fee', '333439', '2020-12-16', '2020-12-18', '2021-02-16 17:58:30', NULL, NULL, NULL),
(1255, 533, 5, 'Court Rental', '333440', '2020-12-18', '2020-12-21', '2021-02-16 17:59:32', NULL, NULL, NULL),
(1256, 576, 5, 'Damage Post', '333441', '2020-12-18', '2020-12-21', '2021-02-16 18:27:11', NULL, NULL, NULL),
(1257, 577, 5, 'Brgy. ID', '333442', '2020-12-18', '2020-12-21', '2021-02-16 18:28:22', NULL, NULL, NULL),
(1258, 269, 5, 'Brgy. Clearance', '333443', '2020-12-19', '2020-12-21', '2021-02-16 18:29:00', NULL, NULL, NULL),
(1259, 578, 5, 'Utility Clearance', '333444', '2020-12-21', '2020-12-25', '2021-02-16 18:29:51', NULL, NULL, NULL),
(1260, 89, 5, 'Delivery Fee', '333445', '2020-12-21', '2020-12-25', '2021-02-16 18:30:17', NULL, NULL, NULL),
(1261, 57, 2, 'Closure business', '333446', '2020-12-22', '2020-12-25', '2021-02-16 18:46:07', '2021-02-16 18:48:45', NULL, NULL),
(1262, 579, 5, 'Brgy. Clearance', '333447', '2020-12-22', '2020-12-25', '2021-02-16 18:52:44', NULL, NULL, NULL),
(1263, 580, 5, 'Delivery Fee', '333448', '2020-12-22', '2020-12-25', '2021-02-16 18:53:57', NULL, NULL, NULL),
(1264, 581, 2, 'Business Clearance', '333449', '2020-12-22', '2020-12-25', '2021-02-16 18:55:25', NULL, NULL, NULL),
(1265, 89, 5, 'Delivery Fee', '333450', '2020-12-22', '2020-12-25', '2021-02-16 18:56:17', NULL, NULL, NULL),
(1266, 140, 5, 'Delivery Fee', '333451', '2020-12-22', '2020-12-25', '2021-02-16 18:57:56', NULL, NULL, NULL),
(1267, 582, 5, 'Court Rental', '333452', '2020-12-23', '2020-12-25', '2021-02-16 18:59:28', NULL, NULL, NULL),
(1268, 583, 5, 'Brgy. Clearance', '333453', '2020-12-23', '2020-12-25', '2021-02-16 19:01:48', NULL, NULL, NULL),
(1269, 584, 5, 'Brgy. Clearance', '333454', '2020-12-23', '2020-12-25', '2021-02-16 19:09:46', NULL, NULL, NULL),
(1270, 89, 5, 'Delivery Fee', '333455', '2020-12-28', '2020-12-30', '2021-02-16 19:11:51', NULL, NULL, NULL),
(1271, 585, 5, 'Brgy. Clearance', '333456', '2020-12-28', '2020-12-30', '2021-02-16 19:12:32', NULL, NULL, NULL),
(1272, 586, 5, 'Brgy. Clearance', '333457', '2021-01-01', '2021-01-04', '2021-02-16 19:15:16', NULL, NULL, NULL),
(1273, 587, 5, 'Brgy. ID', '333458', '2021-01-04', '2021-01-08', '2021-02-16 19:17:43', NULL, NULL, NULL),
(1274, 588, 5, 'Brgy. Clearance', '333459', '2021-01-04', '2021-01-08', '2021-02-16 19:19:23', NULL, NULL, NULL),
(1275, 466, 5, 'Brgy. Clearance', '333460', '2021-01-04', '2021-01-08', '2021-02-16 19:20:29', NULL, NULL, NULL),
(1276, 589, 5, 'Brgy. Clearance', '333461', '2021-01-04', '2021-01-08', '2021-02-16 19:21:53', NULL, NULL, NULL),
(1277, 533, 5, 'Court Rental', '333462', '2021-01-04', '2021-01-08', '2021-02-16 19:23:00', NULL, NULL, NULL),
(1278, 590, 5, 'Complaint Fee', '333463', '2021-01-04', '2021-01-08', '2021-02-16 19:24:50', NULL, NULL, NULL),
(1279, 591, 5, 'Brgy. Clearance', '333464', '2021-01-04', '2021-01-08', '2021-02-16 19:26:23', NULL, NULL, NULL),
(1280, 592, 2, 'Business Clearance', '333465', '2021-01-04', '2021-01-08', '2021-02-16 19:27:19', NULL, NULL, NULL),
(1281, 89, 5, 'Delivery Fee', '333466', '2021-01-04', '2021-01-08', '2021-02-16 19:27:44', NULL, NULL, NULL),
(1282, 125, 5, 'Delivery Fee', '333467', '2021-01-05', '2021-01-08', '2021-02-16 19:28:17', NULL, NULL, NULL),
(1283, 593, 5, 'Brgy. Clearance', '333468', '2021-01-05', '2021-01-08', '2021-02-16 19:29:03', NULL, NULL, NULL),
(1284, 594, 2, 'Business Clearance', '333469', '2021-01-05', '2021-01-08', '2021-02-16 19:41:45', NULL, NULL, NULL);

-- --------------------------------------------------------

--
-- Table structure for table `invoice_items`
--

CREATE TABLE `invoice_items` (
  `id` bigint(20) UNSIGNED NOT NULL,
  `invoice_id` bigint(20) UNSIGNED NOT NULL,
  `description` varchar(191) COLLATE utf8mb4_unicode_ci NOT NULL,
  `quantity` decimal(14,2) NOT NULL,
  `unit_price` decimal(14,2) NOT NULL,
  `created_at` timestamp NULL DEFAULT NULL,
  `updated_at` timestamp NULL DEFAULT NULL,
  `deleted_at` timestamp NULL DEFAULT NULL,
  `created_by` bigint(20) UNSIGNED DEFAULT NULL
) ENGINE=InnoDB DEFAULT CHARSET=utf8mb4 COLLATE=utf8mb4_unicode_ci;

--
-- Dumping data for table `invoice_items`
--

INSERT INTO `invoice_items` (`id`, `invoice_id`, `description`, `quantity`, `unit_price`, `created_at`, `updated_at`, `deleted_at`, `created_by`) VALUES
(1, 1, 'Court Rental', '12.00', '800.00', '2020-03-20 08:30:35', '2020-03-20 08:34:01', '2020-05-15 07:07:43', NULL),
(2, 2, 'Utility Clearance', '1.00', '100.00', '2020-05-14 05:30:16', NULL, '2020-05-15 07:12:50', NULL),
(3, 3, 'Utility Clearance', '1.00', '100.00', '2020-05-14 05:31:04', NULL, '2020-05-15 07:13:30', NULL),
(4, 4, 'refund for Hazard Pay', '1.00', '19500.00', '2020-05-14 05:32:45', NULL, '2020-05-15 07:13:05', NULL),
(5, 5, 'Court Rental', '1.00', '9600.00', '2020-05-15 07:15:06', NULL, NULL, NULL),
(6, 6, 'Delivery Fee', '1.00', '200.00', '2020-05-15 07:16:27', NULL, NULL, NULL),
(7, 7, 'Delivery Fee', '1.00', '200.00', '2020-05-15 07:17:18', NULL, NULL, NULL),
(8, 8, 'Delivery Fee', '1.00', '200.00', '2020-05-15 07:18:19', NULL, NULL, NULL),
(9, 9, 'Brgy. Clearance', '1.00', '100.00', '2020-05-15 07:19:57', NULL, NULL, NULL),
(10, 10, 'Brgy. Clearance', '1.00', '100.00', '2020-05-15 07:21:00', NULL, NULL, NULL),
(11, 11, 'Delivery Fee', '1.00', '200.00', '2020-05-15 07:21:58', NULL, NULL, NULL),
(12, 12, 'Court Rental', '1.00', '400.00', '2020-05-15 07:23:10', NULL, NULL, NULL),
(13, 13, 'Delivery Fee', '1.00', '200.00', '2020-05-15 07:25:07', NULL, NULL, NULL),
(14, 14, 'Utility Clearance', '1.00', '500.00', '2020-05-15 07:26:20', NULL, NULL, NULL),
(15, 15, 'Court Rental', '1.00', '800.00', '2020-05-15 07:57:42', NULL, NULL, NULL),
(16, 16, 'Court Rental', '1.00', '200.00', '2020-05-15 07:59:11', NULL, NULL, NULL),
(17, 17, 'Court Rental', '1.00', '1200.00', '2020-05-15 08:00:34', NULL, NULL, NULL),
(18, 18, 'Court Rental', '1.00', '1600.00', '2020-05-15 08:01:16', NULL, NULL, NULL),
(19, 19, 'Court Rental', '1.00', '150.00', '2020-05-15 08:02:33', NULL, NULL, NULL),
(20, 20, 'Delivery Fee', '1.00', '200.00', '2020-05-15 08:04:03', NULL, NULL, NULL),
(21, 21, 'Delivery Fee', '1.00', '200.00', '2020-05-15 08:05:40', NULL, NULL, NULL),
(22, 22, 'Court Rental', '1.00', '800.00', '2020-05-15 08:07:24', NULL, NULL, NULL),
(23, 23, 'Court Rental', '1.00', '6600.00', '2020-05-15 08:08:29', NULL, NULL, NULL),
(24, 24, 'Court Renta', '1.00', '400.00', '2020-05-15 08:10:58', NULL, NULL, NULL),
(25, 25, 'Utility Clearance', '1.00', '100.00', '2020-05-15 08:12:43', NULL, NULL, NULL),
(26, 26, 'Delivery Fee', '1.00', '200.00', '2020-05-15 08:13:59', NULL, NULL, NULL),
(27, 27, 'Delivery Fee', '1.00', '200.00', '2020-05-15 08:15:12', NULL, NULL, NULL),
(28, 28, 'Delivery Fee', '1.00', '200.00', '2020-05-15 08:16:21', NULL, NULL, NULL),
(29, 29, 'Delivery Fee', '1.00', '200.00', '2020-05-15 08:17:59', NULL, NULL, NULL),
(30, 30, 'Business Clearance', '1.00', '0.00', '2020-05-15 08:23:45', NULL, NULL, NULL),
(31, 31, 'Business Clearance', '1.00', '0.00', '2020-05-15 08:28:04', NULL, NULL, NULL),
(32, 32, 'Brgy. Clearance', '1.00', '50.00', '2020-05-15 08:30:02', NULL, NULL, NULL),
(33, 33, 'Delivery Fee', '1.00', '0.00', '2020-05-15 08:38:17', NULL, NULL, NULL),
(34, 34, 'Delivery Fee', '1.00', '1000.00', '2020-05-15 08:40:36', NULL, NULL, NULL),
(35, 35, 'Business Clearance', '1.00', '0.00', '2020-05-15 08:45:53', NULL, NULL, NULL),
(36, 36, 'Business Clearance', '1.00', '0.00', '2020-05-15 08:48:27', NULL, NULL, NULL),
(37, 37, 'Business Clearance', '1.00', '2000.00', '2020-05-15 08:49:52', NULL, NULL, NULL),
(38, 38, 'Business Clearance', '1.00', '2000.00', '2020-05-15 08:54:40', NULL, NULL, NULL),
(39, 39, 'Business Clearance', '1.00', '2000.00', '2020-05-15 08:58:28', NULL, NULL, NULL),
(40, 40, 'Delivery Fee', '1.00', '200.00', '2020-05-15 09:00:13', NULL, NULL, NULL),
(41, 41, 'Delivery Fee', '1.00', '200.00', '2020-05-15 09:04:02', NULL, NULL, NULL),
(42, 42, 'Court Rental', '1.00', '400.00', '2020-05-15 09:05:41', NULL, NULL, NULL),
(43, 43, 'Delivery Fee', '1.00', '200.00', '2020-05-15 09:06:55', NULL, NULL, NULL),
(44, 44, 'Delivery Fee', '1.00', '200.00', '2020-05-15 09:08:47', NULL, NULL, NULL),
(45, 45, 'Delivery Fee', '1.00', '200.00', '2020-05-15 09:29:27', NULL, NULL, NULL),
(46, 46, 'Business Clearance', '1.00', '0.00', '2020-05-15 09:31:18', NULL, NULL, NULL),
(47, 47, 'Delivery Fee', '1.00', '200.00', '2020-05-15 09:32:15', NULL, NULL, NULL),
(48, 48, 'Court Rental.', '1.00', '600.00', '2020-05-15 09:33:13', NULL, NULL, NULL),
(49, 49, 'Delivery', '1.00', '200.00', '2020-05-15 09:35:43', NULL, NULL, NULL),
(50, 50, 'Business Clearanc', '1.00', '0.00', '2020-05-20 00:24:18', NULL, NULL, NULL),
(51, 51, 'Business Clearance', '1.00', '0.00', '2020-05-20 00:30:04', NULL, NULL, NULL),
(52, 52, 'Penalty Business', '1.00', '0.00', '2020-05-20 01:39:38', NULL, NULL, NULL),
(53, 53, 'Court Rental', '1.00', '400.00', '2020-05-20 01:40:42', NULL, NULL, NULL),
(54, 54, 'Business Clearance', '1.00', '100.00', '2020-05-20 01:41:33', NULL, NULL, NULL),
(55, 55, 'Court Rental', '1.00', '800.00', '2020-05-20 02:10:55', NULL, NULL, NULL),
(56, 56, 'Delivery Fee', '1.00', '200.00', '2020-05-20 02:12:27', NULL, NULL, NULL),
(57, 57, 'Delivery Fee', '1.00', '200.00', '2020-05-20 02:13:50', NULL, NULL, NULL),
(58, 58, 'Delivery Fee', '1.00', '200.00', '2020-05-20 02:14:51', NULL, NULL, NULL),
(59, 59, 'Delivery Fee', '1.00', '200.00', '2020-05-20 02:15:45', NULL, NULL, NULL),
(60, 60, 'Court Rental', '1.00', '200.00', '2020-05-20 02:16:33', NULL, NULL, NULL),
(61, 61, 'Business Clearance', '1.00', '0.00', '2020-05-20 02:17:49', NULL, NULL, NULL),
(62, 62, 'Court Rental', '1.00', '800.00', '2020-05-20 02:19:03', NULL, NULL, NULL),
(63, 63, 'Delivery Fee', '1.00', '200.00', '2020-05-20 02:20:41', NULL, NULL, NULL),
(64, 64, 'Business Clearance', '1.00', '500.00', '2020-05-20 02:22:05', NULL, NULL, NULL),
(65, 65, 'Business Clearance', '1.00', '500.00', '2020-05-20 02:23:15', NULL, NULL, NULL),
(66, 66, 'Delivery Fee', '1.00', '200.00', '2020-05-20 02:24:23', NULL, NULL, NULL),
(67, 67, 'Delivery Fee', '1.00', '200.00', '2020-05-20 02:31:32', NULL, NULL, NULL),
(68, 68, 'Penalty Business', '1.00', '2286.87', '2020-05-20 02:36:31', NULL, NULL, NULL),
(69, 69, 'Business Clearance', '1.00', '500.00', '2020-05-20 02:37:40', NULL, NULL, NULL),
(70, 70, 'Business Clearance', '1.00', '500.00', '2020-05-20 03:23:50', NULL, NULL, NULL),
(71, 71, 'Delivery Fee', '1.00', '200.00', '2020-05-20 04:10:53', NULL, NULL, NULL),
(72, 72, 'Delivery Fee', '1.00', '200.00', '2020-05-20 04:11:28', NULL, NULL, NULL),
(73, 73, 'Delivery Fee', '1.00', '200.00', '2020-05-20 04:12:11', NULL, NULL, NULL),
(74, 74, 'Business Clearance', '1.00', '500.00', '2020-05-20 04:13:28', NULL, NULL, NULL),
(75, 75, 'Brgy. Clearance', '1.00', '50.00', '2020-05-20 04:14:53', NULL, NULL, NULL),
(76, 76, 'Delivery Fee', '1.00', '400.00', '2020-05-20 04:16:44', NULL, NULL, NULL),
(77, 77, 'Delivery Fee', '1.00', '200.00', '2020-05-20 04:17:33', NULL, NULL, NULL),
(78, 78, 'Business Clearance', '1.00', '2000.00', '2020-05-20 04:19:03', NULL, NULL, NULL),
(79, 79, 'Brgy. Clearance', '1.00', '100.00', '2020-05-20 04:19:59', NULL, NULL, NULL),
(80, 80, 'Delivery Fee', '1.00', '200.00', '2020-05-20 04:31:41', NULL, NULL, NULL),
(81, 81, 'Delivery Fee', '1.00', '2000.00', '2020-05-20 04:45:05', NULL, NULL, NULL),
(82, 82, 'Court Rental', '1.00', '300.00', '2020-05-20 04:46:53', NULL, NULL, NULL),
(83, 83, 'Delivery Fee', '1.00', '200.00', '2020-05-20 04:48:28', NULL, NULL, NULL),
(84, 84, 'Delivery Fee', '1.00', '200.00', '2020-05-20 04:49:04', NULL, NULL, NULL),
(85, 85, 'Business Clearance', '1.00', '1000.00', '2020-05-20 04:50:30', NULL, NULL, NULL),
(86, 86, 'Business Clearance', '1.00', '1000.00', '2020-05-20 04:51:39', NULL, NULL, NULL),
(87, 87, 'Court Rental', '1.00', '600.00', '2020-05-20 04:54:48', NULL, NULL, NULL),
(88, 88, 'Delivery Fee', '1.00', '200.00', '2020-05-20 04:56:24', NULL, NULL, NULL),
(89, 89, 'Business Clearance', '1.00', '500.00', '2020-05-20 07:42:35', NULL, NULL, NULL),
(90, 90, 'Business Clearance', '1.00', '500.00', '2020-05-20 07:45:24', NULL, NULL, NULL),
(91, 91, 'Delivery Fee', '1.00', '200.00', '2020-05-20 07:46:54', NULL, NULL, NULL),
(92, 92, 'Court Rental', '1.00', '400.00', '2020-05-20 07:49:25', NULL, NULL, NULL),
(93, 93, 'Delivery Fee', '1.00', '200.00', '2020-05-20 07:51:33', NULL, NULL, NULL),
(94, 94, 'Delivery Fee', '1.00', '200.00', '2020-05-20 07:53:07', NULL, NULL, NULL),
(95, 95, 'Delivery Fee', '1.00', '200.00', '2020-05-20 07:53:48', NULL, NULL, NULL),
(96, 96, 'Delivery Fee', '1.00', '200.00', '2020-05-20 07:54:50', NULL, NULL, NULL),
(97, 97, 'Delivery Fee', '1.00', '200.00', '2020-05-20 07:58:16', NULL, NULL, NULL),
(98, 98, 'Delivery Fee', '1.00', '1000.00', '2020-05-20 07:59:15', NULL, NULL, NULL),
(99, 99, 'Delivery Fee', '1.00', '2000.00', '2020-05-20 08:00:06', NULL, NULL, NULL),
(100, 100, 'Delivery Fee', '1.00', '3000.00', '2020-05-20 08:05:40', NULL, NULL, NULL),
(101, 101, 'Delivery Fee', '1.00', '1000.00', '2020-05-20 08:06:20', NULL, NULL, NULL),
(102, 102, 'Court Rental', '1.00', '600.00', '2020-05-20 08:08:33', NULL, NULL, NULL),
(103, 103, 'Delivery Fee', '1.00', '200.00', '2020-05-20 08:10:27', NULL, NULL, NULL),
(104, 104, 'Delivery Fee', '1.00', '200.00', '2020-05-20 08:11:35', NULL, NULL, NULL),
(105, 105, 'Delivery Fee', '1.00', '200.00', '2020-05-20 08:12:20', NULL, NULL, NULL),
(106, 106, 'Business Clearance', '1.00', '2000.00', '2020-05-20 08:15:05', NULL, NULL, NULL),
(107, 107, 'Construction Clearance', '1.00', '1000.00', '2020-05-20 08:15:57', NULL, NULL, NULL),
(108, 108, 'Delivery Fee', '1.00', '200.00', '2020-05-20 08:16:28', NULL, NULL, NULL),
(109, 109, 'Delivery Fee', '1.00', '200.00', '2020-05-20 08:17:01', NULL, NULL, NULL),
(110, 110, 'Delivery Fee', '1.00', '200.00', '2020-05-20 08:17:31', NULL, NULL, NULL),
(111, 111, 'Court Rental', '1.00', '300.00', '2020-05-20 08:18:51', NULL, NULL, NULL),
(112, 112, 'Court Rental', '1.00', '500.00', '2020-05-20 08:29:42', NULL, NULL, NULL),
(113, 113, 'Delivery Fee', '1.00', '200.00', '2020-05-20 08:36:58', NULL, NULL, NULL),
(114, 114, 'Court Rental', '1.00', '1500.00', '2020-05-20 08:37:56', NULL, NULL, NULL),
(115, 115, 'Business Clearance', '1.00', '1000.00', '2020-05-20 08:42:54', NULL, NULL, NULL),
(116, 116, 'Delivery Fee', '1.00', '200.00', '2020-05-20 08:43:53', NULL, NULL, NULL),
(117, 117, 'Delivery Fee', '1.00', '200.00', '2020-05-20 08:45:35', NULL, NULL, NULL),
(118, 118, 'Court Rental', '1.00', '1600.00', '2020-05-20 08:47:13', NULL, NULL, NULL),
(119, 119, 'Court Rental', '1.00', '600.00', '2020-05-20 08:48:36', NULL, NULL, NULL),
(120, 120, 'Delivery Fee', '1.00', '200.00', '2020-05-20 08:49:33', NULL, NULL, NULL),
(121, 121, 'Court Rental', '1.00', '300.00', '2020-05-20 08:50:25', NULL, NULL, NULL),
(122, 122, 'Delivery Fee', '1.00', '1000.00', '2020-05-20 08:53:41', NULL, NULL, NULL),
(123, 123, 'Delivery Fee', '0.00', '200.00', '2020-05-20 08:56:17', '2020-05-20 09:01:57', NULL, NULL),
(124, 124, 'Court Rental', '0.00', '500.00', '2020-05-20 08:58:01', '2020-05-20 09:05:04', NULL, NULL),
(125, 125, 'Water and Electricity Consumption', '0.00', '13915088.00', '2020-05-20 08:59:02', '2020-05-20 09:10:14', NULL, NULL),
(126, 126, 'Contruction Clearance', '1.00', '1000.00', '2020-05-20 09:11:20', NULL, NULL, NULL),
(127, 127, 'Brgy. Clearance', '1.00', '50.00', '2020-05-20 09:12:41', NULL, NULL, NULL),
(128, 128, 'Delivery Fee', '1.00', '200.00', '2020-05-20 09:13:14', NULL, NULL, NULL),
(129, 129, 'Delivery Fee', '1.00', '200.00', '2020-05-20 09:14:12', NULL, NULL, NULL),
(130, 130, 'Business Clearance', '1.00', '500.00', '2020-05-20 09:15:23', NULL, NULL, NULL),
(131, 131, 'Delivery Fee', '1.00', '200.00', '2020-05-20 09:15:54', NULL, NULL, NULL),
(132, 132, 'Delivery Fee', '1.00', '200.00', '2020-05-20 09:16:57', NULL, NULL, NULL),
(133, 133, 'Delivery Fee', '1.00', '200.00', '2020-05-20 09:17:30', NULL, NULL, NULL),
(134, 134, 'Delivery Fee', '1.00', '1000.00', '2020-05-20 09:18:28', NULL, NULL, NULL),
(135, 135, 'Delivery Fee', '1.00', '1000.00', '2020-05-20 09:19:11', NULL, NULL, NULL),
(136, 136, 'Delivery Fee', '1.00', '200.00', '2020-05-20 09:19:46', NULL, NULL, NULL),
(137, 137, 'Delivery Fee', '1.00', '200.00', '2020-05-20 09:20:25', NULL, NULL, NULL),
(138, 138, 'Court Rental', '1.00', '150.00', '2020-05-20 09:21:21', NULL, NULL, NULL),
(139, 139, 'Delivery Fee', '1.00', '1000.00', '2020-05-20 09:22:20', NULL, NULL, NULL),
(140, 140, 'Delivery Fee', '1.00', '200.00', '2020-05-20 09:22:55', NULL, NULL, NULL),
(141, 141, 'Delivery Fee', '1.00', '800.00', '2020-05-20 09:23:29', NULL, NULL, NULL),
(142, 142, 'Delivery Fee', '1.00', '200.00', '2020-05-20 09:26:29', NULL, NULL, NULL),
(143, 143, 'Delivery Fee', '1.00', '1000.00', '2020-05-20 09:27:10', NULL, NULL, NULL),
(144, 144, 'Delivery Fee', '1.00', '1000.00', '2020-05-20 09:27:47', NULL, NULL, NULL),
(145, 145, 'Delivery Fee', '1.00', '1000.00', '2020-05-20 09:28:29', NULL, NULL, NULL),
(146, 146, 'Brgy. Clearance', '1.00', '200.00', '2020-05-20 09:29:42', NULL, NULL, NULL),
(147, 147, 'Delivery Fee', '1.00', '200.00', '2020-05-20 09:30:12', NULL, NULL, NULL),
(148, 148, 'Court Rental', '1.00', '600.00', '2020-05-20 09:30:44', NULL, NULL, NULL),
(149, 149, 'Court Rental', '1.00', '100.00', '2020-05-20 09:31:59', NULL, NULL, NULL),
(150, 150, 'Delivery Fee', '1.00', '200.00', '2020-05-20 09:32:51', NULL, NULL, NULL),
(151, 151, 'Delivery Fee', '1.00', '1000.00', '2020-05-20 09:33:21', NULL, NULL, NULL),
(152, 152, 'Delivery Fee', '1.00', '1000.00', '2020-05-20 09:33:50', NULL, NULL, NULL),
(153, 153, 'Delivery Fee', '1.00', '1000.00', '2020-05-20 09:34:20', NULL, NULL, NULL),
(154, 154, 'Delivery Fee', '1.00', '200.00', '2020-05-20 09:35:04', NULL, NULL, NULL),
(155, 155, 'Delivery Fee', '1.00', '1000.00', '2020-05-20 09:35:30', NULL, NULL, NULL),
(156, 156, 'Delivery Fee', '1.00', '1000.00', '2020-05-20 09:35:59', NULL, NULL, NULL),
(157, 157, 'Delivery Fee', '1.00', '1000.00', '2020-05-20 09:36:28', NULL, NULL, NULL),
(158, 158, 'Business Clearance', '1.00', '1000.00', '2020-05-20 09:37:00', NULL, NULL, NULL),
(159, 159, 'Business Clearance', '1.00', '2000.00', '2020-05-20 09:37:46', NULL, NULL, NULL),
(160, 160, 'Business Clearance', '1.00', '0.00', '2020-05-20 09:38:22', NULL, NULL, NULL),
(161, 161, 'Business Clearance.', '1.00', '500.00', '2020-05-20 09:56:44', NULL, NULL, NULL),
(162, 162, 'Delivery Fee', '1.00', '1000.00', '2020-05-20 09:57:29', NULL, NULL, NULL),
(163, 163, 'Delivery Fee', '1.00', '1000.00', '2020-05-20 09:58:30', NULL, NULL, NULL),
(164, 164, 'Delivery Fee', '1.00', '200.00', '2020-05-20 09:59:08', NULL, NULL, NULL),
(165, 165, 'Court Rental', '1.00', '300.00', '2020-05-20 10:00:06', NULL, NULL, NULL),
(166, 166, 'Business Clearance', '1.00', '1000.00', '2020-05-20 10:00:43', NULL, NULL, NULL),
(167, 167, 'Business Clearance', '1.00', '1000.00', '2020-05-20 10:01:16', NULL, NULL, NULL),
(168, 168, 'Business Clearance', '1.00', '1000.00', '2020-05-20 10:02:07', NULL, NULL, NULL),
(169, 169, 'Court Rental', '1.00', '300.00', '2020-05-20 10:02:39', NULL, NULL, NULL),
(170, 170, 'Delivery Fee', '1.00', '200.00', '2020-05-20 10:03:37', NULL, NULL, NULL),
(171, 171, 'Court Rental', '1.00', '600.00', '2020-05-20 10:04:25', NULL, NULL, NULL),
(172, 172, 'Delivery Fee', '1.00', '1000.00', '2020-05-20 10:05:11', NULL, NULL, NULL),
(173, 173, 'Delivery Fee', '1.00', '200.00', '2020-05-20 10:05:38', NULL, NULL, NULL),
(174, 174, 'Delivery Fee', '1.00', '1000.00', '2020-05-20 10:06:12', NULL, NULL, NULL),
(175, 175, 'Court Rental', '1.00', '225.00', '2020-05-20 10:07:41', NULL, NULL, NULL),
(176, 176, 'Court Rental', '1.00', '300.00', '2020-05-20 10:08:46', NULL, NULL, NULL),
(177, 177, 'Court Rental', '1.00', '1200.00', '2020-05-21 00:55:55', NULL, NULL, NULL),
(178, 178, 'Delivery Fee', '1.00', '200.00', '2020-05-21 01:01:09', NULL, NULL, NULL),
(179, 179, 'Business Clearance.', '1.00', '500.00', '2020-05-21 01:03:17', NULL, NULL, NULL),
(180, 180, 'Delivery Fee', '1.00', '200.00', '2020-05-21 01:04:15', NULL, NULL, NULL),
(181, 181, 'Delivery Fee', '1.00', '200.00', '2020-05-21 01:13:44', NULL, NULL, NULL),
(182, 182, 'Delivery Fee', '1.00', '200.00', '2020-05-21 01:15:44', NULL, NULL, NULL),
(183, 183, 'Delivery Fee', '1.00', '200.00', '2020-05-21 01:17:55', NULL, NULL, NULL),
(184, 184, 'Court Rental', '1.00', '300.00', '2020-05-21 01:19:06', NULL, NULL, NULL),
(185, 185, 'Delivery Fee', '1.00', '200.00', '2020-05-21 01:21:55', NULL, NULL, NULL),
(186, 186, 'Delivery Fee', '1.00', '1400.00', '2020-05-21 01:23:06', NULL, NULL, NULL),
(187, 187, 'Refund for Leave Credits', '1.00', '20345.03', '2020-05-21 01:25:53', NULL, NULL, NULL),
(188, 188, 'Refund for Payroll', '1.00', '1200.00', '2020-05-21 01:31:45', NULL, NULL, NULL),
(189, 189, 'Court Rental', '1.00', '200.00', '2020-05-21 01:33:35', NULL, NULL, NULL),
(190, 190, 'Delivery Fee', '1.00', '200.00', '2020-05-21 01:35:41', NULL, NULL, NULL),
(191, 191, 'Delivery Fee', '1.00', '200.00', '2020-05-21 01:39:42', NULL, NULL, NULL),
(192, 192, 'Delivery Fee', '1.00', '200.00', '2020-05-21 01:41:20', NULL, NULL, NULL),
(193, 193, 'Delivery Fee', '1.00', '1000.00', '2020-05-21 01:42:17', NULL, NULL, NULL),
(194, 194, 'Delivery Fee', '1.00', '200.00', '2020-05-21 01:43:18', NULL, NULL, NULL),
(195, 195, 'Delivery Fee', '1.00', '200.00', '2020-05-21 01:44:10', NULL, NULL, NULL),
(196, 196, 'Delivery Fee', '1.00', '200.00', '2020-05-21 01:45:24', NULL, NULL, NULL),
(197, 197, 'Court Rental', '1.00', '800.00', '2020-05-21 01:47:27', NULL, NULL, NULL),
(198, 198, 'Donation', '1.00', '2520.00', '2020-05-21 01:48:47', NULL, NULL, NULL),
(199, 199, 'Delivery Fee', '1.00', '200.00', '2020-05-21 01:49:46', NULL, NULL, NULL),
(200, 200, 'Delivery Fee', '1.00', '200.00', '2020-05-21 01:50:41', NULL, NULL, NULL),
(201, 201, 'Delivery Fee', '1.00', '200.00', '2020-05-21 01:52:12', NULL, NULL, NULL),
(202, 202, 'Delivery Fee', '1.00', '200.00', '2020-05-21 01:53:11', NULL, NULL, NULL),
(203, 203, 'Court Rental', '1.00', '600.00', '2020-05-21 01:55:00', NULL, NULL, NULL),
(204, 204, 'Delivery Fee', '1.00', '200.00', '2020-05-21 01:56:01', NULL, NULL, NULL),
(205, 205, 'Delivery Fee', '1.00', '200.00', '2020-05-21 01:57:04', NULL, NULL, NULL),
(206, 206, 'Delivery Fee', '1.00', '200.00', '2020-05-21 01:57:59', NULL, NULL, NULL),
(207, 207, 'Court Rental', '1.00', '1900.00', '2020-05-21 01:59:37', NULL, NULL, NULL),
(208, 208, 'Delivery Fee', '1.00', '200.00', '2020-05-21 02:00:43', NULL, NULL, NULL),
(209, 209, 'Delivery Fee', '1.00', '200.00', '2020-05-21 02:01:40', NULL, NULL, NULL),
(210, 210, 'Delivery Fee', '1.00', '200.00', '2020-05-21 02:02:39', NULL, NULL, NULL),
(211, 211, 'Business Clearance', '1.00', '1000.00', '2020-05-21 02:05:08', NULL, NULL, NULL),
(212, 212, 'Court Rental', '1.00', '200.00', '2020-05-21 02:05:45', NULL, NULL, NULL),
(213, 213, 'Delivery Fee', '1.00', '200.00', '2020-05-21 03:05:43', NULL, NULL, NULL),
(214, 214, 'Delivery Fee', '1.00', '200.00', '2020-05-21 03:06:47', NULL, NULL, NULL),
(215, 215, 'Delivery Fee', '1.00', '200.00', '2020-05-21 03:08:14', NULL, NULL, NULL),
(216, 216, 'Court Rental', '1.00', '600.00', '2020-05-21 03:09:38', NULL, NULL, NULL),
(217, 217, 'Business Clearance', '1.00', '9900.00', '2020-05-21 03:11:00', NULL, NULL, NULL),
(218, 218, 'Court Rental', '1.00', '150.00', '2020-05-21 03:12:11', NULL, NULL, NULL),
(219, 219, 'Court Rental', '1.00', '200.00', '2020-05-21 03:13:30', NULL, NULL, NULL),
(220, 220, 'Delivery Fee', '1.00', '200.00', '2020-05-21 03:14:40', NULL, NULL, NULL),
(221, 221, 'Delivery Fee', '1.00', '200.00', '2020-05-21 03:19:46', NULL, NULL, NULL),
(222, 222, 'Delivery Fee', '1.00', '200.00', '2020-05-21 03:20:46', NULL, NULL, NULL),
(223, 223, 'Delivery Fee', '1.00', '200.00', '2020-05-21 03:21:37', NULL, NULL, NULL),
(224, 224, 'Delivery Fee', '1.00', '200.00', '2020-05-21 03:22:47', NULL, NULL, NULL),
(225, 225, 'Delivery Fee', '1.00', '200.00', '2020-05-21 03:23:44', NULL, NULL, NULL),
(226, 226, 'Delivery Fee', '1.00', '2000.00', '2020-05-21 03:24:48', NULL, NULL, NULL),
(227, 227, 'Delivery Fee', '1.00', '200.00', '2020-05-21 03:26:27', NULL, NULL, NULL),
(228, 228, 'Court Rental', '1.00', '1500.00', '2020-05-21 03:32:46', NULL, NULL, NULL),
(229, 229, 'Business Clearance', '1.00', '500.00', '2020-05-21 03:33:27', NULL, NULL, NULL),
(230, 230, 'Delivery Fee', '1.00', '200.00', '2020-05-21 03:34:49', NULL, NULL, NULL),
(231, 231, 'Delivery Fee', '1.00', '200.00', '2020-05-21 03:35:32', NULL, NULL, NULL),
(232, 232, 'Delivery Fee', '1.00', '200.00', '2020-05-21 03:37:03', NULL, NULL, NULL),
(233, 233, 'Delivery Fee', '1.00', '200.00', '2020-05-21 03:38:01', NULL, NULL, NULL),
(234, 234, 'Delivery Fee', '1.00', '200.00', '2020-05-21 03:40:56', NULL, NULL, NULL),
(235, 235, 'Delivery Fee', '1.00', '200.00', '2020-05-21 03:41:37', NULL, NULL, NULL),
(236, 236, 'Delivery Fee', '1.00', '200.00', '2020-05-21 03:42:12', NULL, NULL, NULL),
(237, 237, 'Delivery Fee', '1.00', '2000.00', '2020-05-21 03:43:05', NULL, NULL, NULL),
(238, 238, 'Court Rental', '1.00', '300.00', '2020-05-21 03:43:41', NULL, NULL, NULL),
(239, 239, 'Delivery Fee', '1.00', '200.00', '2020-05-21 03:45:57', NULL, NULL, NULL),
(240, 240, 'Court Rental', '1.00', '300.00', '2020-05-21 03:46:37', NULL, NULL, NULL),
(241, 241, 'Court Rental', '1.00', '300.00', '2020-05-21 03:47:24', NULL, NULL, NULL),
(242, 242, 'Delivery Fee', '1.00', '200.00', '2020-05-21 03:48:27', NULL, NULL, NULL),
(243, 243, 'Delivery Fee', '1.00', '200.00', '2020-05-21 03:49:16', NULL, NULL, NULL),
(244, 244, 'Court Rental', '1.00', '3900.00', '2020-05-21 03:50:37', NULL, NULL, NULL),
(245, 245, 'Utility Clearance', '1.00', '100.00', '2020-05-21 03:51:34', NULL, NULL, NULL),
(246, 246, 'Court Rental', '1.00', '600.00', '2020-05-21 03:52:23', NULL, NULL, NULL),
(247, 247, 'Delivery Fee', '1.00', '200.00', '2020-05-21 03:53:55', NULL, NULL, NULL),
(248, 248, 'Delivery Fee', '1.00', '1000.00', '2020-05-21 03:55:28', NULL, NULL, NULL),
(249, 249, 'Delivery Fee', '1.00', '1000.00', '2020-05-21 03:56:14', NULL, NULL, NULL),
(250, 250, 'Delivery Fee', '1.00', '1000.00', '2020-05-21 03:56:53', NULL, NULL, NULL),
(251, 251, 'Delivery Fee', '1.00', '1000.00', '2020-05-21 03:57:58', NULL, NULL, NULL),
(252, 252, 'Delivery Fee', '1.00', '400.00', '2020-05-21 03:58:40', NULL, NULL, NULL),
(253, 253, 'Delivery Fee', '1.00', '1000.00', '2020-05-21 03:59:37', NULL, NULL, NULL),
(254, 254, 'Complaint Fee', '1.00', '200.00', '2020-05-21 04:00:28', NULL, NULL, NULL),
(255, 255, 'Delivery Fee', '1.00', '400.00', '2020-05-21 04:02:45', NULL, NULL, NULL),
(256, 256, 'Delivery Fee', '1.00', '200.00', '2020-05-21 04:03:32', NULL, NULL, NULL),
(257, 257, 'Court Rental', '1.00', '700.00', '2020-05-21 04:04:37', NULL, NULL, NULL),
(258, 258, 'Delivery Fee', '1.00', '400.00', '2020-05-21 04:05:24', NULL, NULL, NULL),
(259, 259, 'Delivery Fee', '1.00', '200.00', '2020-05-21 04:06:22', NULL, NULL, NULL),
(260, 260, 'Delivery Fee', '1.00', '200.00', '2020-05-21 04:09:42', NULL, NULL, NULL),
(261, 261, 'Delivery Fee', '1.00', '200.00', '2020-05-21 04:10:51', NULL, NULL, NULL),
(262, 262, 'Delivery Fee', '1.00', '200.00', '2020-05-21 04:11:27', NULL, NULL, NULL),
(263, 263, 'Court Rental', '1.00', '200.00', '2020-05-21 04:14:18', NULL, NULL, NULL),
(264, 264, 'Delivery Fee', '1.00', '200.00', '2020-05-21 04:15:16', NULL, NULL, NULL),
(265, 265, 'Delivery Fee', '1.00', '200.00', '2020-05-21 04:15:58', NULL, NULL, NULL),
(266, 266, 'Court Rental', '1.00', '600.00', '2020-05-21 04:17:16', NULL, NULL, NULL),
(267, 267, 'Delivery Fee', '1.00', '200.00', '2020-05-21 04:18:16', NULL, NULL, NULL),
(268, 268, 'Delivery Fee', '1.00', '200.00', '2020-05-21 05:41:23', NULL, NULL, NULL),
(269, 269, 'Brgy. Clearance', '1.00', '50.00', '2020-05-21 05:42:55', NULL, NULL, NULL),
(270, 270, 'Delivery Fee', '1.00', '800.00', '2020-05-21 05:44:42', NULL, NULL, NULL),
(271, 271, 'Court Rental', '1.00', '12000.00', '2020-05-21 05:45:34', NULL, NULL, NULL),
(272, 272, 'Delivery Fee', '1.00', '200.00', '2020-05-21 05:46:08', NULL, NULL, NULL),
(273, 273, 'Delivery Fee', '1.00', '200.00', '2020-05-21 05:46:59', NULL, NULL, NULL),
(274, 274, 'Court Rental', '1.00', '200.00', '2020-05-21 05:47:36', NULL, NULL, NULL),
(275, 275, 'Delivery Fee', '1.00', '200.00', '2020-05-21 05:48:05', NULL, NULL, NULL),
(276, 276, 'Brgy. Clearance', '1.00', '50.00', '2020-05-21 05:49:02', NULL, NULL, NULL),
(277, 277, 'Delivery Fee', '1.00', '50.00', '2020-05-21 05:49:55', NULL, NULL, NULL),
(278, 278, 'Delivery Fee', '1.00', '200.00', '2020-05-21 05:50:44', NULL, NULL, NULL),
(279, 279, 'Delivery Fee', '1.00', '200.00', '2020-05-21 05:51:46', NULL, NULL, NULL),
(280, 280, 'Delivery Fee', '1.00', '200.00', '2020-05-21 05:53:07', NULL, NULL, NULL),
(281, 281, 'Refund Payroll Contractual', '1.00', '1610.25', '2020-05-21 05:54:21', NULL, NULL, NULL),
(282, 282, 'Delivery Fee', '1.00', '1000.00', '2020-05-21 05:55:09', NULL, NULL, NULL),
(283, 283, 'Penalty Business', '1.00', '704.01', '2020-05-21 05:58:51', NULL, NULL, NULL),
(284, 284, 'Business Clearance', '1.00', '500.00', '2020-05-21 05:59:36', NULL, NULL, NULL),
(285, 285, 'Delivery Fee', '1.00', '400.00', '2020-05-21 06:00:20', NULL, NULL, NULL),
(286, 286, 'Delivery Fee', '1.00', '200.00', '2020-05-21 06:00:54', NULL, NULL, NULL),
(287, 287, 'Delivery Fee', '1.00', '1000.00', '2020-05-21 06:01:57', NULL, NULL, NULL),
(288, 288, 'Delivery Fee', '1.00', '200.00', '2020-05-21 06:02:32', NULL, NULL, NULL),
(289, 289, 'RPTS', '1.00', '578325.56', '2020-05-21 06:03:59', NULL, NULL, NULL),
(290, 290, 'Delivery Fee', '1.00', '200.00', '2020-05-21 06:04:32', NULL, NULL, NULL),
(291, 291, 'Contruction Clearance', '1.00', '1000.00', '2020-05-21 06:07:39', NULL, NULL, NULL),
(292, 292, 'Delivery Fee', '1.00', '200.00', '2020-05-21 06:08:13', NULL, NULL, NULL),
(293, 293, 'Court Rental', '1.00', '150.00', '2020-05-21 06:08:46', NULL, NULL, NULL),
(294, 294, 'Delivery Fee', '1.00', '200.00', '2020-05-21 06:09:25', NULL, NULL, NULL),
(295, 295, 'Court Rental', '1.00', '300.00', '2020-05-21 06:10:10', NULL, NULL, NULL),
(296, 296, 'Court Rental', '1.00', '200.00', '2020-05-21 06:10:58', NULL, NULL, NULL),
(297, 297, 'Delivery Fee', '1.00', '200.00', '2020-05-21 06:12:07', NULL, NULL, NULL),
(298, 298, 'Court Rental', '1.00', '400.00', '2020-05-21 06:13:37', NULL, NULL, NULL),
(299, 299, 'Delivery Fee', '1.00', '1000.00', '2020-05-21 06:17:00', NULL, NULL, NULL),
(300, 300, 'Delivery Fee', '1.00', '200.00', '2020-05-21 06:19:55', NULL, NULL, NULL),
(301, 301, 'Delivery Fee', '1.00', '600.00', '2020-05-21 06:21:00', NULL, NULL, NULL),
(302, 302, 'Delivery Fee', '1.00', '1000.00', '2020-05-21 06:22:04', NULL, NULL, NULL),
(303, 303, 'Brgy. Clearance', '1.00', '50.00', '2020-05-21 06:22:44', NULL, NULL, NULL),
(304, 304, 'Court Rental', '1.00', '300.00', '2020-05-21 06:23:41', NULL, NULL, NULL),
(305, 305, 'Court Rental', '1.00', '225.00', '2020-05-21 06:24:36', NULL, NULL, NULL),
(306, 306, 'Delivery Fee', '1.00', '200.00', '2020-05-21 06:25:26', NULL, NULL, NULL),
(307, 307, 'Court Rental', '1.00', '450.00', '2020-05-21 06:26:22', NULL, NULL, NULL),
(308, 308, 'Delivery Fee', '1.00', '400.00', '2020-05-21 06:27:05', NULL, NULL, NULL),
(309, 309, 'Delivery Fee', '1.00', '200.00', '2020-05-21 06:27:40', NULL, NULL, NULL),
(310, 310, 'Delivery Fee', '1.00', '200.00', '2020-05-21 06:28:42', NULL, NULL, NULL),
(311, 311, 'Delivery Fee', '1.00', '200.00', '2020-05-21 06:29:14', NULL, NULL, NULL),
(312, 312, 'Delivery Fee', '1.00', '200.00', '2020-05-21 06:30:06', NULL, NULL, NULL),
(313, 313, 'Delivery Fee', '1.00', '200.00', '2020-05-21 22:18:38', NULL, NULL, NULL),
(314, 314, 'Delivery Fee', '1.00', '200.00', '2020-05-21 22:21:04', NULL, NULL, NULL),
(315, 315, 'Delivery Fee', '1.00', '400.00', '2020-05-21 22:22:30', NULL, NULL, NULL),
(316, 316, 'Delivery Fee', '1.00', '600.00', '2020-05-21 22:23:56', NULL, NULL, NULL),
(317, 317, 'Delivery Fee', '1.00', '200.00', '2020-05-21 22:24:49', NULL, NULL, NULL),
(318, 318, 'Delivery Fee', '1.00', '400.00', '2020-05-21 22:25:52', NULL, NULL, NULL),
(319, 319, 'Delivery Fee', '1.00', '1000.00', '2020-05-21 22:26:46', NULL, NULL, NULL),
(320, 320, 'Delivery Fee.', '1.00', '800.00', '2020-05-21 22:27:37', NULL, NULL, NULL),
(321, 321, 'Delivery Fee.', '1.00', '1000.00', '2020-05-21 22:28:20', NULL, NULL, NULL),
(322, 322, 'Delivery Fee', '1.00', '1000.00', '2020-05-21 22:29:11', NULL, NULL, NULL),
(323, 323, 'Court Rental', '1.00', '200.00', '2020-05-21 22:29:44', NULL, NULL, NULL),
(324, 324, 'Delivery Fee', '1.00', '200.00', '2020-05-21 22:30:54', NULL, NULL, NULL),
(325, 325, 'Delivery Fee', '1.00', '200.00', '2020-05-21 22:31:37', NULL, NULL, NULL),
(326, 326, 'Delivery Fee', '0.00', '200.00', '2020-05-21 22:33:22', '2020-05-21 22:36:31', '2020-05-21 22:37:16', NULL),
(327, 327, 'Delivery Fee.', '1.00', '200.00', '2020-05-21 22:40:15', NULL, NULL, NULL),
(328, 328, 'Delivery Fee', '1.00', '200.00', '2020-05-21 22:40:52', NULL, NULL, NULL),
(329, 329, 'Court Rental', '1.00', '400.00', '2020-05-21 22:41:30', NULL, NULL, NULL),
(330, 330, 'Brgy. Clearance', '1.00', '50.00', '2020-05-21 22:42:43', NULL, NULL, NULL),
(331, 331, 'Court Rental', '1.00', '300.00', '2020-05-21 22:43:19', NULL, NULL, NULL),
(332, 332, 'Court Rental', '1.00', '150.00', '2020-05-21 22:43:55', NULL, NULL, NULL),
(333, 333, 'Court Rental', '1.00', '400.00', '2020-05-21 22:44:47', NULL, NULL, NULL),
(334, 334, 'Court Rental', '1.00', '400.00', '2020-05-21 22:45:16', NULL, NULL, NULL),
(335, 335, 'Court Rental', '1.00', '600.00', '2020-05-21 22:45:46', NULL, NULL, NULL),
(336, 336, 'Business Clearance', '1.00', '500.00', '2020-05-21 22:46:23', NULL, NULL, NULL),
(337, 337, 'Delivery Fee', '1.00', '200.00', '2020-05-21 22:48:49', NULL, NULL, NULL),
(338, 338, 'Delivery Fee', '1.00', '1000.00', '2020-05-21 22:49:44', NULL, NULL, NULL),
(339, 339, 'Delivery Fee', '1.00', '400.00', '2020-05-21 22:51:25', NULL, NULL, NULL),
(340, 340, 'Delivery Fee', '1.00', '200.00', '2020-05-21 22:52:02', NULL, NULL, NULL),
(341, 341, 'Delivery Fee', '1.00', '0.00', '2020-05-21 22:52:52', NULL, NULL, NULL),
(342, 342, 'Delivery Fee', '1.00', '200.00', '2020-05-21 22:55:11', NULL, NULL, NULL),
(343, 343, 'Utility Clearance', '1.00', '100.00', '2020-05-21 23:14:45', NULL, NULL, NULL),
(344, 344, 'Delivery Fee', '1.00', '200.00', '2020-05-21 23:15:25', NULL, NULL, NULL),
(345, 345, 'Delivery Fee', '1.00', '200.00', '2020-05-21 23:16:14', NULL, NULL, NULL),
(346, 346, 'Court Rental', '1.00', '300.00', '2020-05-21 23:17:01', NULL, NULL, NULL),
(347, 347, 'Delivery Fee', '1.00', '200.00', '2020-05-21 23:17:28', NULL, NULL, NULL),
(348, 348, 'Business Clearance', '1.00', '1000.00', '2020-05-21 23:19:14', NULL, NULL, NULL),
(349, 349, 'Business Clearance', '1.00', '1000.00', '2020-05-21 23:21:26', NULL, NULL, NULL),
(350, 350, 'Court Rental', '1.00', '150.00', '2020-05-21 23:21:57', NULL, NULL, NULL),
(351, 351, 'Delivery Fee', '1.00', '200.00', '2020-05-21 23:22:40', NULL, NULL, NULL),
(352, 352, 'Court Rental', '1.00', '400.00', '2020-05-21 23:23:36', NULL, NULL, NULL),
(353, 353, 'Utility Clearance', '1.00', '100.00', '2020-05-21 23:24:06', NULL, NULL, NULL),
(354, 354, 'Delivery Fee', '1.00', '200.00', '2020-05-21 23:24:47', NULL, NULL, NULL),
(355, 355, 'Delivery Fee', '1.00', '200.00', '2020-05-21 23:25:30', NULL, NULL, NULL),
(356, 356, 'Court Rental', '1.00', '600.00', '2020-05-21 23:26:00', NULL, NULL, NULL),
(357, 357, 'Contruction Clearance', '1.00', '1000.00', '2020-05-21 23:27:21', NULL, NULL, NULL),
(358, 358, 'Delivery Fee', '1.00', '200.00', '2020-05-21 23:28:36', NULL, NULL, NULL),
(359, 359, 'Delivery Fee', '1.00', '200.00', '2020-05-21 23:29:38', NULL, NULL, NULL),
(360, 360, 'Court Rental', '1.00', '300.00', '2020-05-21 23:30:21', NULL, NULL, NULL),
(361, 361, 'Court Rental', '1.00', '100.00', '2020-05-21 23:34:37', NULL, NULL, NULL),
(362, 362, 'Delivery Fee', '1.00', '200.00', '2020-05-22 00:46:35', NULL, NULL, NULL),
(363, 363, 'Delivery Fee', '1.00', '200.00', '2020-05-22 00:47:27', NULL, NULL, NULL),
(364, 364, 'Delivery Fee', '1.00', '1800.00', '2020-05-22 00:56:21', NULL, NULL, NULL),
(365, 365, 'Delivery Fee', '1.00', '200.00', '2020-05-22 00:57:16', NULL, NULL, NULL),
(366, 366, 'Delivery Fee', '1.00', '200.00', '2020-05-22 00:58:51', NULL, NULL, NULL),
(367, 367, 'Court Rental', '1.00', '5400.00', '2020-05-22 00:59:25', NULL, NULL, NULL),
(368, 368, 'Court Rental', '1.00', '800.00', '2020-05-22 00:59:55', NULL, NULL, NULL),
(369, 369, 'Court Rental', '1.00', '900.00', '2020-05-22 01:00:25', NULL, NULL, NULL),
(370, 370, 'Delivery Fee', '1.00', '200.00', '2020-05-22 01:01:21', NULL, NULL, NULL),
(371, 371, 'Delivery Fee', '1.00', '200.00', '2020-05-22 01:01:55', NULL, NULL, NULL),
(372, 372, 'Delivery Fee', '1.00', '200.00', '2020-05-22 01:02:33', NULL, NULL, NULL),
(373, 373, 'Delivery Fee', '1.00', '200.00', '2020-05-22 01:04:07', NULL, NULL, NULL),
(374, 374, 'Delivery Fee', '1.00', '1000.00', '2020-05-22 01:05:07', NULL, NULL, NULL),
(375, 375, 'Court Rental.', '1.00', '400.00', '2020-05-22 01:05:47', NULL, NULL, NULL),
(376, 376, 'Court Rental', '1.00', '600.00', '2020-05-22 01:06:18', NULL, NULL, NULL),
(377, 377, 'Delivery Fee', '1.00', '200.00', '2020-05-22 01:07:03', NULL, NULL, NULL),
(378, 378, 'Delivery Fee', '1.00', '200.00', '2020-05-22 01:07:46', NULL, NULL, NULL),
(379, 379, 'Delivery Fee', '1.00', '200.00', '2020-05-22 01:08:20', NULL, NULL, NULL),
(380, 380, 'Delivery Fee', '1.00', '600.00', '2020-05-22 01:09:06', NULL, NULL, NULL),
(381, 381, 'Court Rental', '1.00', '600.00', '2020-05-22 01:09:35', NULL, NULL, NULL),
(382, 382, 'Delivery Fee', '1.00', '200.00', '2020-05-22 01:10:02', NULL, NULL, NULL),
(383, 383, 'Delivery Fee', '1.00', '200.00', '2020-05-22 01:10:33', NULL, NULL, NULL),
(384, 384, 'Delivery Fee', '1.00', '200.00', '2020-05-22 01:11:03', NULL, NULL, NULL),
(385, 385, 'Delivery Fee', '1.00', '200.00', '2020-05-22 01:12:08', NULL, NULL, NULL),
(386, 386, 'Delivery Fee', '1.00', '200.00', '2020-05-22 01:13:06', NULL, NULL, NULL),
(387, 387, 'Delivery Fee', '1.00', '200.00', '2020-05-22 01:13:42', NULL, NULL, NULL),
(388, 388, 'Court Rental', '1.00', '3200.00', '2020-05-22 01:24:29', NULL, NULL, NULL),
(389, 389, 'Brgy. Clearance', '1.00', '50.00', '2020-05-22 01:26:21', NULL, NULL, NULL),
(390, 390, 'Court Rental', '1.00', '900.00', '2020-05-22 01:27:47', NULL, NULL, NULL),
(391, 391, 'Delivery Fee', '1.00', '200.00', '2020-05-22 01:28:32', NULL, NULL, NULL),
(392, 392, 'Court Rental', '1.00', '300.00', '2020-05-22 01:30:36', NULL, NULL, NULL),
(393, 393, 'Delivery Fee', '1.00', '200.00', '2020-05-22 01:38:13', NULL, NULL, NULL),
(394, 394, 'Court Rental', '1.00', '400.00', '2020-05-22 01:41:01', NULL, NULL, NULL),
(395, 395, 'Delivery Fee', '1.00', '200.00', '2020-05-22 01:41:35', NULL, NULL, NULL),
(396, 396, 'Delivery Fee', '0.00', '200.00', '2020-05-22 01:42:44', '2020-05-22 01:56:04', NULL, NULL),
(397, 397, 'Delivery Fee', '0.00', '400.00', '2020-05-22 01:43:33', '2020-05-22 01:57:11', NULL, NULL),
(398, 398, 'Delivery Fee', '0.00', '200.00', '2020-05-22 01:44:15', '2020-05-22 01:58:11', NULL, NULL),
(399, 399, 'Delivery Fee', '0.00', '200.00', '2020-05-22 01:44:57', '2020-05-22 01:58:54', NULL, NULL),
(400, 400, 'Delivery Fee', '0.00', '200.00', '2020-05-22 01:45:41', '2020-05-22 01:59:28', NULL, NULL),
(401, 401, 'Delivery Fee', '0.00', '200.00', '2020-05-22 01:46:25', '2020-05-22 02:00:54', NULL, NULL),
(402, 402, 'Court Rental', '0.00', '450.00', '2020-05-22 01:48:25', '2020-05-22 02:02:05', NULL, NULL),
(403, 403, 'Delivery Fee', '0.00', '1000.00', '2020-05-22 01:49:28', '2020-05-22 02:03:33', NULL, NULL),
(404, 404, 'Brgy. Clearance', '0.00', '1000.00', '2020-05-22 01:50:14', '2020-05-22 02:04:50', NULL, NULL),
(405, 405, 'Delivery Fee', '0.00', '200.00', '2020-05-22 01:50:57', '2020-05-22 02:05:55', NULL, NULL),
(406, 406, 'Delivery Fee', '0.00', '200.00', '2020-05-22 01:51:25', '2020-05-22 02:06:46', NULL, NULL),
(407, 407, 'Delivery Fee', '0.00', '200.00', '2020-05-22 01:52:08', '2020-05-22 02:07:24', NULL, NULL),
(408, 408, 'Delivery Fee', '0.00', '200.00', '2020-05-22 01:52:44', '2020-05-22 02:08:18', NULL, NULL),
(409, 409, 'Court Rental', '0.00', '200.00', '2020-05-22 01:53:12', '2020-05-22 02:09:12', NULL, NULL),
(410, 410, 'Delivery Fee', '1.00', '1000.00', '2020-05-22 02:10:11', NULL, NULL, NULL),
(411, 411, 'Delivery Fee', '1.00', '200.00', '2020-05-22 02:10:40', NULL, NULL, NULL),
(412, 412, 'Delivery Fee', '1.00', '200.00', '2020-05-22 02:11:31', NULL, NULL, NULL),
(413, 413, 'Delivery Fee', '1.00', '1000.00', '2020-05-22 02:12:30', NULL, NULL, NULL),
(414, 414, 'Business Clearance', '1.00', '500.00', '2020-05-22 02:14:49', NULL, NULL, NULL),
(415, 415, 'Refund Payroll Contractual', '1.00', '350.00', '2020-05-22 02:17:09', NULL, NULL, NULL),
(416, 416, 'Delivery Fee', '1.00', '200.00', '2020-05-22 02:18:34', NULL, NULL, NULL),
(417, 417, 'Delivery Fee', '1.00', '200.00', '2020-05-22 02:19:16', NULL, NULL, NULL),
(418, 418, 'Delivery Fee.', '1.00', '400.00', '2020-05-22 02:20:25', NULL, NULL, NULL),
(419, 419, 'Delivery Fee.', '1.00', '200.00', '2020-05-22 02:21:14', NULL, NULL, NULL),
(420, 420, 'Delivery Fee', '0.00', '200.00', '2020-05-22 02:21:48', '2020-05-22 02:23:04', NULL, NULL),
(421, 421, 'Delivery Fee', '1.00', '200.00', '2020-05-22 02:24:19', NULL, NULL, NULL),
(422, 422, 'Penalty Business', '1.00', '1000.00', '2020-05-22 02:25:39', NULL, NULL, NULL),
(423, 423, 'Delivery Fee', '1.00', '200.00', '2020-05-22 02:26:24', NULL, NULL, NULL),
(424, 424, 'Delivery Fee', '1.00', '600.00', '2020-05-22 02:27:04', NULL, NULL, NULL),
(425, 425, 'Utility Clearance', '1.00', '100.00', '2020-05-22 02:27:59', NULL, NULL, NULL),
(426, 426, 'Delivery Fee', '1.00', '400.00', '2020-05-25 16:07:58', NULL, NULL, NULL),
(427, 427, 'Delivery Fee', '1.00', '200.00', '2020-05-25 16:08:37', NULL, NULL, NULL),
(428, 428, 'Delivery Fee.', '1.00', '400.00', '2020-05-25 16:09:31', NULL, NULL, NULL),
(429, 429, 'Delivery Fee', '1.00', '200.00', '2020-05-25 16:10:13', NULL, NULL, NULL),
(430, 430, 'Delivery Fee', '1.00', '200.00', '2020-05-25 16:11:04', NULL, NULL, NULL),
(431, 431, 'Delivery Fee', '1.00', '200.00', '2020-05-25 16:11:34', NULL, NULL, NULL),
(432, 432, 'Delivery Fee', '1.00', '200.00', '2020-05-25 16:12:16', NULL, NULL, NULL),
(433, 433, 'Delivery Fee', '1.00', '200.00', '2020-05-25 16:12:46', NULL, NULL, NULL),
(434, 434, 'Donation', '1.00', '2200.00', '2020-05-25 16:14:02', NULL, NULL, NULL),
(435, 435, 'Donation', '1.00', '1000.00', '2020-05-25 16:15:26', NULL, NULL, NULL),
(436, 436, 'Refund Plantilla Payroll', '1.00', '10135.00', '2020-05-25 16:16:28', NULL, NULL, NULL),
(437, 437, 'Delivery Fee', '1.00', '8000.00', '2020-05-25 16:17:41', NULL, NULL, NULL),
(438, 438, 'Donation', '1.00', '1000.00', '2020-05-25 16:19:11', NULL, NULL, NULL),
(439, 439, 'Utility Clearance', '1.00', '100.00', '2020-05-25 16:21:47', NULL, NULL, NULL),
(440, 440, 'Utility Clearance', '1.00', '100.00', '2020-05-25 16:22:55', NULL, NULL, NULL),
(441, 441, 'Refund for Hazard Pay Contractual', '1.00', '19500.00', '2020-05-25 16:24:05', NULL, NULL, NULL),
(442, 442, 'CTC Share for 2019', '1.00', '10618.92', '2020-05-25 16:28:32', NULL, NULL, NULL),
(443, 443, 'RPTS 1st Qtr. 2020', '1.00', '1528865.75', '2020-05-25 16:29:45', NULL, NULL, NULL),
(444, 444, 'Utility Clearance', '1.00', '100.00', '2020-05-25 16:30:44', NULL, NULL, NULL),
(445, 445, 'Brgy. Clearance', '1.00', '50.00', '2020-05-25 16:31:38', NULL, NULL, NULL),
(446, 446, 'Court Rental', '1.00', '300.00', '2020-08-12 17:58:45', NULL, NULL, NULL),
(447, 447, 'Brgy. Clearance', '1.00', '50.00', '2020-08-12 18:00:10', NULL, NULL, NULL),
(448, 448, 'Brgy. Clearance', '1.00', '50.00', '2020-08-12 18:01:22', NULL, NULL, NULL),
(449, 449, 'Donation', '1.00', '126837.00', '2020-08-12 18:02:37', NULL, NULL, NULL),
(450, 450, 'Delivery Fee', '1.00', '200.00', '2021-01-06 22:05:09', NULL, NULL, NULL),
(451, 451, 'Refund', '1.00', '5636.00', '2021-01-19 23:01:01', NULL, NULL, NULL),
(452, 452, 'Refund', '1.00', '4000.00', '2021-01-19 23:01:53', NULL, NULL, NULL),
(453, 453, 'Court Rental', '1.00', '200.00', '2021-01-19 23:04:34', NULL, NULL, NULL),
(454, 454, 'Brgy. Clearance', '1.00', '50.00', '2021-01-19 23:06:41', NULL, NULL, NULL),
(455, 455, 'kalingang Q.C. Financial Assistant', '1.00', '360000.00', '2021-01-19 23:26:35', NULL, NULL, NULL),
(456, 456, 'kalingang Q.C. Financial Assistant', '1.00', '24000.00', '2021-01-19 23:28:52', NULL, NULL, NULL),
(457, 457, 'kalingang Q.C. Financial Assistant', '1.00', '26000.00', '2021-01-19 23:29:29', NULL, NULL, NULL),
(458, 458, 'Court Rental', '1.00', '200.00', '2021-01-19 23:30:13', NULL, NULL, NULL),
(459, 459, 'Utility Clearance', '1.00', '100.00', '2021-01-19 23:31:26', NULL, NULL, NULL),
(460, 460, 'Brgy. Clearance', '1.00', '50.00', '2021-01-19 23:36:19', NULL, NULL, NULL),
(461, 461, 'Delivery Fee', '1.00', '200.00', '2021-01-19 23:37:23', NULL, NULL, NULL),
(462, 462, 'Delivery Fee', '1.00', '200.00', '2021-01-19 23:38:14', NULL, NULL, NULL),
(463, 463, 'kalingang Q.C. Financial Assistant', '1.00', '16000.00', '2021-01-19 23:38:59', NULL, NULL, NULL),
(464, 464, 'Delivery Fee', '1.00', '1000.00', '2021-01-19 23:39:37', NULL, NULL, NULL),
(465, 465, 'Brgy. ID', '1.00', '50.00', '2021-01-19 23:53:31', NULL, NULL, NULL),
(466, 466, 'Brgy. ID', '1.00', '100.00', '2021-01-19 23:54:22', NULL, NULL, NULL),
(467, 467, 'Brgy. ID', '1.00', '150.00', '2021-01-19 23:55:19', NULL, NULL, NULL),
(468, 468, 'Brgy. ID', '1.00', '200.00', '2021-01-19 23:56:16', NULL, NULL, NULL),
(469, 469, 'Brgy. ID', '1.00', '150.00', '2021-01-19 23:57:53', NULL, NULL, NULL),
(470, 470, 'Brgy. ID', '1.00', '300.00', '2021-01-19 23:58:57', NULL, NULL, NULL),
(471, 471, 'Brgy. Clearance', '1.00', '100.00', '2021-01-19 23:59:48', NULL, NULL, NULL),
(472, 472, 'Brgy. ID', '1.00', '100.00', '2021-01-20 00:00:36', NULL, NULL, NULL),
(473, 473, 'Brgy. ID', '1.00', '400.00', '2021-01-20 00:01:20', NULL, NULL, NULL),
(474, 474, 'Brgy. ID', '1.00', '250.00', '2021-01-20 00:03:39', NULL, NULL, NULL),
(475, 475, 'Brgy. ID', '1.00', '200.00', '2021-01-20 00:04:34', NULL, NULL, NULL),
(476, 476, 'Business Clearance', '1.00', '500.00', '2021-01-20 00:06:07', NULL, NULL, NULL),
(477, 477, 'Brgy. ID', '1.00', '250.00', '2021-01-20 00:07:23', NULL, NULL, NULL),
(478, 478, 'Brgy. ID', '1.00', '250.00', '2021-01-20 00:08:32', NULL, NULL, NULL),
(479, 479, 'Brgy. ID', '1.00', '100.00', '2021-01-20 00:09:40', NULL, NULL, NULL),
(480, 480, 'Brgy. ID', '1.00', '100.00', '2021-01-20 00:10:54', NULL, NULL, NULL),
(481, 481, 'Brgy. ID', '1.00', '100.00', '2021-01-20 00:31:38', NULL, NULL, NULL),
(482, 482, 'Brgy. ID', '1.00', '250.00', '2021-01-20 00:32:33', NULL, NULL, NULL),
(483, 483, 'Brgy. ID', '1.00', '50.00', '2021-01-20 00:33:42', NULL, NULL, NULL),
(484, 484, 'Brgy. ID', '1.00', '50.00', '2021-01-20 00:34:39', NULL, NULL, NULL),
(485, 485, 'Brgy. ID', '1.00', '50.00', '2021-01-20 00:35:21', NULL, NULL, NULL),
(486, 486, 'Brgy. ID', '1.00', '300.00', '2021-01-20 00:36:26', NULL, NULL, NULL),
(487, 487, 'Brgy. ID', '1.00', '100.00', '2021-01-20 00:37:33', NULL, NULL, NULL),
(488, 488, 'Brgy. ID', '1.00', '150.00', '2021-01-20 00:39:27', NULL, NULL, NULL),
(489, 489, 'Court Rental', '1.00', '100.00', '2021-01-20 00:40:00', NULL, NULL, NULL),
(490, 490, 'Brgy. ID', '1.00', '50.00', '2021-01-20 00:40:28', NULL, NULL, NULL),
(491, 491, 'Brgy. ID', '1.00', '50.00', '2021-01-20 00:41:49', NULL, NULL, NULL),
(492, 492, 'Delivery Fee', '1.00', '400.00', '2021-01-20 00:42:25', NULL, NULL, NULL),
(493, 493, 'Brgy. ID', '1.00', '300.00', '2021-01-20 00:43:35', NULL, NULL, NULL),
(494, 494, 'Brgy. ID', '1.00', '200.00', '2021-01-20 00:44:16', NULL, NULL, NULL),
(495, 495, 'Brgy. ID', '1.00', '50.00', '2021-01-20 00:45:05', NULL, NULL, NULL),
(496, 496, 'Brgy. ID', '1.00', '200.00', '2021-01-21 23:16:58', NULL, NULL, NULL),
(497, 497, 'Brgy. ID', '1.00', '50.00', '2021-01-21 23:17:50', NULL, NULL, NULL),
(498, 498, 'Brgy. ID', '1.00', '50.00', '2021-01-21 23:18:38', NULL, NULL, NULL),
(499, 499, 'Brgy. ID', '1.00', '200.00', '2021-01-21 23:20:45', NULL, NULL, NULL),
(500, 500, 'Brgy. ID', '0.00', '150.00', '2021-01-21 23:21:39', '2021-01-21 23:25:00', NULL, NULL),
(501, 501, 'Brgy. ID', '0.00', '200.00', '2021-01-21 23:22:50', '2021-01-21 23:25:58', NULL, NULL),
(502, 502, 'Brgy. ID', '1.00', '100.00', '2021-01-21 23:27:03', NULL, NULL, NULL),
(503, 503, 'Brgy. Clearance', '1.00', '100.00', '2021-01-21 23:28:19', NULL, NULL, NULL),
(504, 504, 'Brgy. ID', '1.00', '100.00', '2021-01-21 23:29:38', NULL, NULL, NULL),
(505, 505, 'Brgy. ID', '1.00', '100.00', '2021-01-22 01:20:13', NULL, NULL, NULL),
(506, 506, 'Brgy. ID', '1.00', '200.00', '2021-01-22 01:22:46', NULL, NULL, NULL),
(507, 507, 'Brgy. ID', '1.00', '50.00', '2021-01-22 01:24:49', NULL, NULL, NULL),
(508, 508, 'Brgy. Clearance', '1.00', '50.00', '2021-01-22 01:26:26', NULL, NULL, NULL),
(509, 509, 'Brgy. ID', '1.00', '250.00', '2021-01-22 01:27:50', NULL, NULL, NULL),
(510, 510, 'Delivery Fee', '1.00', '200.00', '2021-01-22 01:30:29', NULL, NULL, NULL),
(511, 511, 'Business Clearance', '1.00', '500.00', '2021-01-22 01:32:10', NULL, NULL, NULL),
(512, 512, 'Brgy. ID', '1.00', '50.00', '2021-01-22 01:33:27', NULL, NULL, NULL),
(513, 513, 'Brgy. ID', '1.00', '300.00', '2021-01-22 01:34:29', NULL, NULL, NULL),
(514, 514, 'Delivery Fee', '1.00', '400.00', '2021-01-22 01:35:30', NULL, NULL, NULL),
(515, 515, 'Brgy. ID', '1.00', '50.00', '2021-01-26 17:35:39', NULL, NULL, NULL),
(516, 516, 'Brgy. ID', '1.00', '50.00', '2021-01-26 17:37:32', NULL, NULL, NULL),
(517, 517, 'Brgy. ID', '1.00', '100.00', '2021-01-26 17:48:17', NULL, NULL, NULL),
(518, 518, 'Brgy. ID', '1.00', '150.00', '2021-01-26 17:54:28', NULL, NULL, NULL),
(519, 519, 'Brgy. ID', '1.00', '100.00', '2021-01-26 18:09:42', NULL, NULL, NULL),
(520, 520, 'Brgy. ID', '1.00', '100.00', '2021-01-26 18:11:02', NULL, NULL, NULL),
(521, 521, 'Brgy. ID', '1.00', '200.00', '2021-01-26 18:12:44', NULL, NULL, NULL),
(522, 522, 'Brgy. ID', '1.00', '100.00', '2021-01-26 18:14:08', NULL, NULL, NULL),
(523, 523, 'Brgy. ID', '1.00', '50.00', '2021-01-26 18:15:53', NULL, NULL, NULL),
(524, 524, 'Brgy. ID', '1.00', '50.00', '2021-01-26 18:17:19', NULL, NULL, NULL),
(525, 525, 'Brgy. ID', '1.00', '50.00', '2021-01-26 18:20:12', NULL, NULL, NULL),
(526, 526, 'Brgy. ID', '1.00', '100.00', '2021-01-26 18:22:51', NULL, NULL, NULL),
(527, 527, 'Brgy. ID', '1.00', '50.00', '2021-01-26 18:24:08', NULL, NULL, NULL),
(528, 528, 'Brgy. ID', '1.00', '50.00', '2021-01-26 18:25:25', NULL, NULL, NULL),
(529, 529, 'Brgy. ID', '1.00', '250.00', '2021-01-26 18:26:54', NULL, NULL, NULL),
(530, 530, 'Brgy. ID', '1.00', '50.00', '2021-01-26 18:28:43', NULL, NULL, NULL),
(531, 531, 'Brgy. ID', '1.00', '50.00', '2021-01-26 18:30:17', NULL, NULL, NULL),
(532, 532, 'Brgy. ID', '1.00', '300.00', '2021-01-26 18:32:18', NULL, NULL, NULL),
(533, 533, 'Brgy. ID', '0.00', '250.00', '2021-01-26 18:34:21', '2021-01-26 18:38:24', NULL, NULL),
(534, 534, 'Brgy. ID', '1.00', '50.00', '2021-01-26 18:39:51', NULL, NULL, NULL),
(535, 535, 'Brgy. ID', '1.00', '100.00', '2021-01-26 18:41:16', NULL, NULL, NULL),
(536, 536, 'Brgy. ID', '1.00', '300.00', '2021-01-26 18:46:20', NULL, NULL, NULL),
(537, 537, 'Brgy. Clearance', '1.00', '100.00', '2021-01-26 18:48:37', NULL, NULL, NULL),
(538, 538, 'Brgy. Clearance', '1.00', '50.00', '2021-01-26 18:50:21', NULL, NULL, NULL),
(539, 539, 'Brgy. Clearance', '1.00', '150.00', '2021-01-26 18:52:02', NULL, NULL, NULL),
(540, 540, 'Brgy. ID', '1.00', '50.00', '2021-01-26 18:54:43', NULL, NULL, NULL),
(541, 541, 'Brgy. ID', '1.00', '50.00', '2021-01-26 18:57:50', NULL, NULL, NULL),
(542, 542, 'Brgy. ID', '1.00', '50.00', '2021-01-26 18:58:56', NULL, NULL, NULL),
(543, 543, 'Brgy. ID', '1.00', '100.00', '2021-01-26 19:00:44', NULL, NULL, NULL),
(544, 544, 'Brgy. ID', '1.00', '250.00', '2021-01-26 19:03:59', NULL, NULL, NULL),
(545, 545, 'Brgy. ID', '1.00', '400.00', '2021-01-26 19:05:24', NULL, NULL, NULL),
(546, 546, 'Brgy. Clearance', '1.00', '50.00', '2021-01-26 19:07:28', NULL, NULL, NULL),
(547, 547, 'Brgy. ID', '1.00', '350.00', '2021-01-26 19:09:52', NULL, NULL, NULL),
(548, 548, 'Brgy. ID', '1.00', '50.00', '2021-01-26 19:11:16', NULL, NULL, NULL),
(549, 549, 'Delivery Fee', '1.00', '200.00', '2021-01-26 19:13:20', NULL, NULL, NULL),
(550, 550, 'Delivery Fee', '1.00', '200.00', '2021-01-26 19:15:20', NULL, NULL, NULL),
(551, 551, 'Brgy. ID', '1.00', '50.00', '2021-01-26 19:16:56', NULL, NULL, NULL),
(552, 552, 'Brgy. ID', '1.00', '560.00', '2021-01-26 19:18:38', NULL, NULL, NULL),
(553, 553, 'Brgy. ID', '1.00', '50.00', '2021-01-26 19:20:11', NULL, NULL, NULL),
(554, 554, 'Delivery Fee', '1.00', '200.00', '2021-01-26 19:20:57', NULL, NULL, NULL),
(555, 555, 'Brgy. ID', '1.00', '50.00', '2021-01-26 19:22:09', NULL, NULL, NULL),
(556, 556, 'Brgy. ID', '0.00', '50.00', '2021-01-26 19:23:25', '2021-01-26 19:25:29', NULL, NULL),
(557, 557, 'Brgy. ID', '1.00', '350.00', '2021-01-26 19:26:44', NULL, NULL, NULL),
(558, 558, 'Brgy. ID', '1.00', '50.00', '2021-01-26 19:29:05', NULL, NULL, NULL),
(559, 559, 'Brgy. ID', '1.00', '150.00', '2021-01-26 19:30:15', NULL, NULL, NULL),
(560, 560, 'Brgy. ID', '1.00', '100.00', '2021-01-26 19:31:13', NULL, NULL, NULL),
(561, 561, 'Brgy. ID', '1.00', '250.00', '2021-01-26 19:32:32', NULL, NULL, NULL),
(562, 562, 'Brgy. ID', '1.00', '100.00', '2021-01-26 19:33:23', NULL, NULL, NULL),
(563, 563, 'Brgy. ID', '1.00', '560.00', '2021-01-26 19:34:35', NULL, NULL, NULL),
(564, 564, 'Brgy. ID', '1.00', '104.00', '2021-01-26 19:36:19', NULL, NULL, NULL),
(565, 565, 'Brgy. Clearance', '1.00', '200.00', '2021-01-26 19:37:34', NULL, NULL, NULL),
(566, 566, 'Brgy. ID', '1.00', '50.00', '2021-01-26 19:39:41', NULL, NULL, NULL),
(567, 567, 'Brgy. ID', '1.00', '50.00', '2021-01-26 19:41:43', NULL, NULL, NULL),
(568, 568, 'Brgy. ID', '1.00', '50.00', '2021-01-26 19:42:57', NULL, NULL, NULL),
(569, 569, 'Brgy. ID', '1.00', '50.00', '2021-01-26 19:45:04', NULL, NULL, NULL),
(570, 570, 'Brgy. ID', '1.00', '50.00', '2021-01-26 19:46:00', NULL, NULL, NULL),
(571, 571, 'Brgy. ID', '1.00', '50.00', '2021-01-26 19:47:11', NULL, NULL, NULL),
(572, 572, 'Brgy. ID', '1.00', '100.00', '2021-01-26 19:48:21', NULL, NULL, NULL),
(573, 573, 'Delivery Fee', '1.00', '200.00', '2021-01-26 19:56:02', NULL, NULL, NULL),
(574, 574, 'Brgy. ID', '1.00', '50.00', '2021-01-26 19:57:37', NULL, NULL, NULL),
(575, 575, 'Delivery Fee', '1.00', '200.00', '2021-01-26 19:58:15', NULL, NULL, NULL),
(576, 576, 'kalingang Q.C. Financial Assistant', '1.00', '0.00', '2021-01-26 20:02:10', NULL, NULL, NULL),
(577, 577, 'Brgy. ID', '1.00', '50.00', '2021-01-26 20:04:03', NULL, NULL, NULL),
(578, 578, 'Brgy. ID', '1.00', '200.00', '2021-01-26 20:05:12', NULL, NULL, NULL),
(579, 579, 'Brgy. ID', '1.00', '50.00', '2021-01-26 20:06:30', NULL, NULL, NULL);
INSERT INTO `invoice_items` (`id`, `invoice_id`, `description`, `quantity`, `unit_price`, `created_at`, `updated_at`, `deleted_at`, `created_by`) VALUES
(580, 580, 'Brgy. ID', '1.00', '50.00', '2021-01-26 20:07:31', NULL, NULL, NULL),
(581, 581, 'Brgy. ID', '1.00', '400.00', '2021-01-26 20:10:06', NULL, NULL, NULL),
(582, 582, 'Brgy. ID', '1.00', '200.00', '2021-01-26 20:11:18', NULL, NULL, NULL),
(583, 583, 'Brgy. ID', '1.00', '50.00', '2021-01-26 20:12:21', NULL, NULL, NULL),
(584, 584, 'Brgy. ID', '1.00', '150.00', '2021-01-26 20:13:33', NULL, NULL, NULL),
(585, 585, 'Brgy. ID', '1.00', '150.00', '2021-01-26 20:14:37', NULL, NULL, NULL),
(586, 586, 'Delivery Fee', '1.00', '200.00', '2021-01-26 20:15:21', NULL, NULL, NULL),
(587, 587, 'Brgy. ID', '1.00', '100.00', '2021-01-26 20:16:52', NULL, NULL, NULL),
(588, 588, 'Delivery Fee', '1.00', '1000.00', '2021-01-26 20:17:30', NULL, NULL, NULL),
(589, 589, 'Delivery Fee', '1.00', '1000.00', '2021-01-26 20:18:03', NULL, NULL, NULL),
(590, 590, 'Delivery Fee', '1.00', '1000.00', '2021-01-26 20:18:34', NULL, NULL, NULL),
(591, 591, 'Delivery Fee', '1.00', '1000.00', '2021-01-26 20:19:06', NULL, NULL, NULL),
(592, 592, 'Delivery Fee', '1.00', '1000.00', '2021-01-26 20:19:34', NULL, NULL, NULL),
(593, 593, 'Delivery Fee', '1.00', '200.00', '2021-01-26 20:20:09', NULL, NULL, NULL),
(594, 594, 'Delivery Fee', '1.00', '200.00', '2021-01-26 20:20:48', NULL, NULL, NULL),
(595, 595, 'Brgy. ID', '1.00', '50.00', '2021-01-26 21:26:18', NULL, NULL, NULL),
(596, 596, 'Delivery Fee', '1.00', '200.00', '2021-01-26 21:27:15', NULL, NULL, NULL),
(597, 597, 'Brgy. ID', '1.00', '50.00', '2021-01-26 21:29:03', NULL, NULL, NULL),
(598, 598, 'kalingang Q.C. Financial Assistant', '1.00', '0.00', '2021-01-26 21:30:12', NULL, NULL, NULL),
(599, 599, 'kalingang Q.C. Financial Assistant', '0.00', '14000.00', '2021-01-26 21:30:59', '2021-01-26 21:33:45', NULL, NULL),
(600, 600, 'kalingang Q.C. Financial Assistant', '1.00', '2000.00', '2021-01-26 21:32:58', NULL, NULL, NULL),
(601, 601, 'kalingang Q.C. Financial Assistant', '1.00', '2000.00', '2021-01-26 21:34:47', NULL, NULL, NULL),
(602, 602, 'Brgy. ID', '1.00', '200.00', '2021-01-26 21:36:20', NULL, NULL, NULL),
(603, 603, 'Brgy. ID', '1.00', '350.00', '2021-01-26 21:39:41', NULL, NULL, NULL),
(604, 604, 'Brgy. ID', '1.00', '230.00', '2021-01-26 21:41:14', NULL, NULL, NULL),
(605, 605, 'Delivery Fee', '1.00', '200.00', '2021-01-26 21:41:48', NULL, NULL, NULL),
(606, 606, 'Delivery Fee', '1.00', '200.00', '2021-01-26 21:42:32', NULL, NULL, NULL),
(607, 607, 'Delivery Fee', '1.00', '200.00', '2021-01-26 21:43:10', NULL, NULL, NULL),
(608, 608, 'Brgy. Clearance', '1.00', '50.00', '2021-01-26 21:44:15', NULL, NULL, NULL),
(609, 609, 'Brgy. Clearance', '1.00', '50.00', '2021-01-26 21:45:24', NULL, NULL, NULL),
(610, 610, 'Delivery Fee', '1.00', '200.00', '2021-01-26 21:46:23', NULL, NULL, NULL),
(611, 611, 'Delivery Fee', '1.00', '1000.00', '2021-01-26 21:47:01', NULL, NULL, NULL),
(612, 612, 'Delivery Fee', '1.00', '200.00', '2021-01-26 21:49:10', NULL, NULL, NULL),
(613, 613, 'Brgy. ID', '1.00', '100.00', '2021-01-26 21:50:29', NULL, NULL, NULL),
(614, 614, 'Brgy. ID', '1.00', '50.00', '2021-01-26 21:52:33', NULL, NULL, NULL),
(615, 615, 'Delivery Fee', '0.00', '200.00', '2021-01-26 21:59:14', '2021-01-26 22:02:35', NULL, NULL),
(616, 616, 'kalingang Q.C. Financial Assistant', '1.00', '4000.00', '2021-01-26 22:01:17', NULL, NULL, NULL),
(617, 617, 'kalingang Q.C. Financial Assistant', '1.00', '6000.00', '2021-01-26 22:03:41', NULL, NULL, NULL),
(618, 618, 'Delivery Fee', '1.00', '200.00', '2021-01-26 22:04:32', NULL, NULL, NULL),
(619, 619, 'Utility Clearance', '1.00', '100.00', '2021-01-26 22:10:16', NULL, NULL, NULL),
(620, 620, 'Delivery Fee', '1.00', '200.00', '2021-01-26 22:11:01', NULL, NULL, NULL),
(621, 621, 'Delivery Fee', '1.00', '1000.00', '2021-01-26 22:11:35', NULL, NULL, NULL),
(622, 622, 'Brgy. Clearance', '1.00', '50.00', '2021-01-26 22:12:35', NULL, NULL, NULL),
(623, 623, 'Delivery Fee', '1.00', '200.00', '2021-01-26 22:13:22', NULL, NULL, NULL),
(624, 624, 'Brgy. ID', '1.00', '100.00', '2021-01-26 22:14:39', NULL, NULL, NULL),
(625, 625, 'Brgy. ID', '1.00', '100.00', '2021-01-26 22:15:45', NULL, NULL, NULL),
(626, 626, 'Brgy. ID', '1.00', '300.00', '2021-01-26 22:17:07', NULL, NULL, NULL),
(627, 627, 'Delivery Fee', '1.00', '200.00', '2021-01-26 22:17:37', NULL, NULL, NULL),
(628, 628, 'Delivery Fee', '1.00', '200.00', '2021-01-26 22:18:13', NULL, NULL, NULL),
(629, 629, 'Delivery Fee', '1.00', '200.00', '2021-01-26 22:19:11', NULL, NULL, NULL),
(630, 630, 'Brgy. ID', '1.00', '100.00', '2021-01-26 22:20:34', NULL, NULL, NULL),
(631, 631, 'Delivery Fee', '1.00', '200.00', '2021-01-26 22:21:28', NULL, NULL, NULL),
(632, 632, 'Brgy. ID', '0.00', '50.00', '2021-01-26 22:25:30', '2021-01-26 22:30:49', NULL, NULL),
(633, 633, 'Brgy. ID', '0.00', '100.00', '2021-01-26 22:27:56', '2021-01-26 22:31:11', NULL, NULL),
(634, 634, 'Brgy. ID', '0.00', '50.00', '2021-01-26 22:29:18', '2021-01-26 22:30:05', NULL, NULL),
(635, 635, 'Delivery Fee', '1.00', '200.00', '2021-01-26 22:32:36', NULL, NULL, NULL),
(636, 636, 'Delivery Fee', '1.00', '200.00', '2021-01-26 22:34:22', NULL, NULL, NULL),
(637, 637, 'Delivery Fee', '1.00', '200.00', '2021-01-26 22:35:25', NULL, NULL, NULL),
(638, 638, 'Brgy. ID', '1.00', '50.00', '2021-01-26 22:37:27', NULL, NULL, NULL),
(639, 639, 'Brgy. ID', '1.00', '100.00', '2021-01-26 22:39:08', NULL, NULL, NULL),
(640, 640, 'Delivery Fee', '1.00', '200.00', '2021-01-26 22:39:58', NULL, NULL, NULL),
(641, 641, 'Contruction Clearance', '1.00', '2000.00', '2021-01-26 22:41:48', NULL, NULL, NULL),
(642, 642, 'Delivery Fee', '1.00', '200.00', '2021-01-26 22:42:29', NULL, NULL, NULL),
(643, 643, 'Brgy. ID', '1.00', '100.00', '2021-01-26 22:44:43', NULL, NULL, NULL),
(644, 644, 'Brgy. ID', '1.00', '50.00', '2021-01-26 22:46:03', NULL, NULL, NULL),
(645, 645, 'Brgy. Clearance', '1.00', '500.00', '2021-01-26 22:47:17', NULL, NULL, NULL),
(646, 646, 'Brgy. ID', '1.00', '250.00', '2021-01-26 22:47:59', NULL, NULL, NULL),
(647, 647, 'Delivery Fee', '1.00', '200.00', '2021-01-26 22:48:42', NULL, NULL, NULL),
(648, 648, 'Brgy. ID', '1.00', '350.00', '2021-01-26 22:49:19', NULL, NULL, NULL),
(649, 649, 'Delivery Fee', '1.00', '200.00', '2021-01-26 22:50:08', NULL, NULL, NULL),
(650, 650, 'Business Clearance', '1.00', '500.00', '2021-01-26 22:53:42', NULL, NULL, NULL),
(651, 651, 'Brgy. ID', '1.00', '50.00', '2021-01-26 22:58:18', NULL, NULL, NULL),
(652, 652, 'Brgy. ID', '1.00', '50.00', '2021-01-26 22:59:26', NULL, NULL, NULL),
(653, 653, 'Delivery Fee', '1.00', '200.00', '2021-01-26 23:03:58', NULL, NULL, NULL),
(654, 654, 'Brgy. ID', '1.00', '250.00', '2021-01-26 23:05:04', NULL, NULL, NULL),
(655, 655, 'Brgy. ID', '1.00', '260.00', '2021-01-26 23:07:00', NULL, NULL, NULL),
(656, 656, 'Brgy. ID', '1.00', '500.00', '2021-01-26 23:09:12', NULL, NULL, NULL),
(657, 657, 'Brgy. ID', '1.00', '50.00', '2021-01-26 23:10:23', NULL, NULL, NULL),
(658, 658, 'Brgy. ID', '1.00', '100.00', '2021-01-26 23:11:40', NULL, NULL, NULL),
(659, 659, 'Delivery Fee', '1.00', '200.00', '2021-01-26 23:12:20', NULL, NULL, NULL),
(660, 660, 'Brgy. ID', '1.00', '250.00', '2021-01-26 23:13:13', NULL, NULL, NULL),
(661, 661, 'Brgy. ID', '1.00', '100.00', '2021-01-26 23:15:54', NULL, NULL, NULL),
(662, 662, 'Delivery Fee', '1.00', '200.00', '2021-01-26 23:19:14', NULL, NULL, NULL),
(663, 663, 'Delivery Fee', '1.00', '200.00', '2021-01-26 23:20:01', NULL, NULL, NULL),
(664, 664, 'Brgy. ID', '1.00', '150.00', '2021-01-26 23:21:00', NULL, NULL, NULL),
(665, 665, 'Delivery Fee', '1.00', '200.00', '2021-01-26 23:47:58', NULL, NULL, NULL),
(666, 666, 'Delivery Fee', '1.00', '200.00', '2021-01-26 23:49:37', NULL, NULL, NULL),
(667, 667, 'Delivery Fee', '1.00', '200.00', '2021-01-26 23:50:24', NULL, NULL, NULL),
(668, 668, 'Brgy. ID', '1.00', '150.00', '2021-01-26 23:54:04', NULL, NULL, NULL),
(669, 669, 'Delivery Fee', '1.00', '200.00', '2021-01-26 23:56:23', NULL, NULL, NULL),
(670, 670, 'Delivery Fee', '1.00', '200.00', '2021-01-26 23:58:07', NULL, NULL, NULL),
(671, 671, 'Delivery Fee', '1.00', '200.00', '2021-01-26 23:58:42', NULL, NULL, NULL),
(672, 672, 'Delivery Fee', '1.00', '200.00', '2021-01-27 00:00:10', NULL, NULL, NULL),
(673, 673, 'Delivery Fee', '1.00', '200.00', '2021-01-27 00:00:41', NULL, NULL, NULL),
(674, 674, 'Brgy. ID', '1.00', '50.00', '2021-01-27 00:01:56', NULL, NULL, NULL),
(675, 675, 'Delivery Fee', '1.00', '200.00', '2021-01-27 00:02:28', NULL, NULL, NULL),
(676, 676, 'Brgy. ID', '1.00', '200.00', '2021-01-27 00:03:13', NULL, NULL, NULL),
(677, 677, 'Brgy. ID', '1.00', '100.00', '2021-01-27 00:04:46', NULL, NULL, NULL),
(678, 678, 'Brgy. ID', '1.00', '50.00', '2021-01-27 00:05:41', NULL, NULL, NULL),
(679, 679, 'Delivery Fee', '1.00', '200.00', '2021-01-27 00:06:30', NULL, NULL, NULL),
(680, 680, 'Delivery Fee', '1.00', '200.00', '2021-01-27 00:07:07', NULL, NULL, NULL),
(681, 681, 'Delivery Fee', '1.00', '200.00', '2021-01-27 00:07:46', NULL, NULL, NULL),
(682, 682, 'Delivery Fee', '1.00', '200.00', '2021-01-27 00:08:25', NULL, NULL, NULL),
(683, 683, 'Delivery Fee', '1.00', '200.00', '2021-01-27 00:08:57', NULL, NULL, NULL),
(684, 684, 'Delivery Fee', '1.00', '200.00', '2021-01-27 00:09:33', NULL, NULL, NULL),
(685, 685, 'Delivery Fee', '1.00', '200.00', '2021-01-27 00:10:04', NULL, NULL, NULL),
(686, 686, 'Delivery Fee', '1.00', '200.00', '2021-01-27 00:10:37', NULL, NULL, NULL),
(687, 687, 'Delivery Fee', '1.00', '200.00', '2021-01-27 00:11:50', NULL, NULL, NULL),
(688, 688, 'Brgy. Clearance', '1.00', '50.00', '2021-01-27 00:26:24', NULL, NULL, NULL),
(689, 689, 'Brgy. Clearance', '1.00', '50.00', '2021-01-27 00:27:37', NULL, NULL, NULL),
(690, 690, 'Delivery Fee', '1.00', '200.00', '2021-01-27 00:28:09', NULL, NULL, NULL),
(691, 691, 'Brgy. ID', '1.00', '150.00', '2021-01-27 00:38:54', NULL, NULL, NULL),
(692, 692, 'Brgy. ID', '1.00', '50.00', '2021-01-27 00:40:05', NULL, NULL, NULL),
(693, 693, 'Conference Room', '0.00', '1200.00', '2021-01-27 00:43:05', '2021-01-27 00:44:34', NULL, NULL),
(694, 694, 'Delivery Fee', '0.00', '200.00', '2021-01-27 00:43:44', '2021-01-27 00:45:22', NULL, NULL),
(695, 695, 'Delivery Fee', '1.00', '200.00', '2021-01-27 00:47:17', NULL, NULL, NULL),
(696, 696, 'Delivery Fee', '1.00', '200.00', '2021-01-27 00:48:41', NULL, NULL, NULL),
(697, 697, 'Delivery Fee', '1.00', '200.00', '2021-01-27 00:50:47', NULL, NULL, NULL),
(698, 698, 'Delivery Fee', '1.00', '200.00', '2021-01-27 00:51:37', NULL, NULL, NULL),
(699, 699, 'Delivery Fee', '1.00', '200.00', '2021-01-27 00:52:42', NULL, NULL, NULL),
(700, 700, 'Brgy. ID', '1.00', '100.00', '2021-01-27 00:53:40', NULL, NULL, NULL),
(701, 701, 'Delivery Fee', '1.00', '200.00', '2021-01-27 00:55:38', NULL, NULL, NULL),
(702, 702, 'Delivery Fee', '1.00', '200.00', '2021-01-27 00:56:48', NULL, NULL, NULL),
(703, 703, 'Delivery Fee', '1.00', '200.00', '2021-01-27 00:57:23', NULL, NULL, NULL),
(704, 704, 'Delivery Fee', '1.00', '400.00', '2021-01-27 00:57:59', NULL, NULL, NULL),
(705, 705, 'Delivery Fee', '1.00', '200.00', '2021-01-27 00:58:41', NULL, NULL, NULL),
(706, 706, 'Delivery Fee', '1.00', '200.00', '2021-01-27 00:59:13', NULL, NULL, NULL),
(707, 707, 'Donation', '1.00', '110880.00', '2021-01-27 01:02:41', NULL, NULL, NULL),
(708, 708, 'Delivery Fee', '1.00', '1000.00', '2021-01-27 01:03:27', NULL, NULL, NULL),
(709, 709, 'Brgy. Clearance', '1.00', '100.00', '2021-01-27 01:05:19', NULL, NULL, NULL),
(710, 710, 'Delivery Fee', '1.00', '200.00', '2021-01-27 01:06:18', NULL, NULL, NULL),
(711, 711, 'Brgy. Clearance', '1.00', '100.00', '2021-01-27 01:07:41', NULL, NULL, NULL),
(712, 712, 'Brgy. Clearance', '1.00', '50.00', '2021-01-27 01:08:41', NULL, NULL, NULL),
(713, 713, 'Brgy. Clearance', '1.00', '100.00', '2021-01-27 01:09:25', NULL, NULL, NULL),
(714, 714, 'Delivery Fee', '1.00', '200.00', '2021-01-27 01:10:06', NULL, NULL, NULL),
(715, 715, 'Delivery Fee', '1.00', '200.00', '2021-02-04 23:52:01', NULL, NULL, NULL),
(716, 716, 'Delivery Fee', '1.00', '400.00', '2021-02-05 00:02:44', NULL, NULL, NULL),
(717, 717, 'Delivery Fee', '1.00', '100.00', '2021-02-05 00:04:15', NULL, NULL, NULL),
(718, 718, 'Brgy. ID', '1.00', '100.00', '2021-02-05 00:07:42', NULL, NULL, NULL),
(719, 719, 'Delivery Fee', '1.00', '200.00', '2021-02-05 00:08:27', NULL, NULL, NULL),
(720, 720, 'Delivery Fee', '1.00', '200.00', '2021-02-05 00:08:56', NULL, NULL, NULL),
(721, 721, 'Delivery Fee', '1.00', '200.00', '2021-02-05 00:10:17', NULL, NULL, NULL),
(722, 722, 'Brgy. ID', '1.00', '50.00', '2021-02-05 00:11:41', NULL, NULL, NULL),
(723, 723, 'Conference Room', '1.00', '2400.00', '2021-02-05 00:13:29', NULL, NULL, NULL),
(724, 724, 'Brgy. ID', '1.00', '50.00', '2021-02-05 00:20:34', NULL, NULL, NULL),
(725, 725, 'Brgy. ID', '1.00', '50.00', '2021-02-05 00:23:57', NULL, NULL, NULL),
(726, 726, 'Delivery Fee', '1.00', '200.00', '2021-02-05 00:26:35', NULL, NULL, NULL),
(727, 727, 'Delivery Fee', '1.00', '200.00', '2021-02-05 00:27:04', NULL, NULL, NULL),
(728, 728, 'Delivery Fee', '1.00', '200.00', '2021-02-05 00:27:44', NULL, NULL, NULL),
(729, 729, 'Delivery Fee', '1.00', '200.00', '2021-02-05 00:28:21', NULL, NULL, NULL),
(730, 730, 'Utility Clearance', '1.00', '500.00', '2021-02-05 00:35:33', NULL, NULL, NULL),
(731, 731, 'Utility Clearance', '1.00', '100.00', '2021-02-05 00:36:48', NULL, NULL, NULL),
(732, 732, 'Delivery Fee', '1.00', '200.00', '2021-02-05 00:37:27', NULL, NULL, NULL),
(733, 733, 'Brgy. Clearance', '1.00', '50.00', '2021-02-05 00:40:39', NULL, NULL, NULL),
(734, 734, 'Business Clearance', '1.00', '500.00', '2021-02-05 00:48:43', NULL, NULL, NULL),
(735, 735, 'Brgy. Clearance', '1.00', '100.00', '2021-02-05 00:50:26', NULL, NULL, NULL),
(736, 736, 'Delivery Fee', '1.00', '200.00', '2021-02-05 00:51:53', NULL, NULL, NULL),
(737, 737, 'Delivery Fee', '1.00', '200.00', '2021-02-05 00:55:11', NULL, NULL, NULL),
(738, 738, 'Delivery Fee', '1.00', '1000.00', '2021-02-05 00:56:01', NULL, NULL, NULL),
(739, 739, 'Delivery Fee', '1.00', '200.00', '2021-02-05 00:56:33', NULL, NULL, NULL),
(740, 740, 'Delivery Fee', '1.00', '200.00', '2021-02-05 00:57:28', NULL, NULL, NULL),
(741, 741, 'Delivery Fee', '1.00', '200.00', '2021-02-05 00:57:54', NULL, NULL, NULL),
(742, 742, 'Delivery Fee', '1.00', '200.00', '2021-02-05 00:58:24', NULL, NULL, NULL),
(743, 743, 'Delivery Fee', '1.00', '200.00', '2021-02-05 00:58:58', NULL, NULL, NULL),
(744, 744, 'Brgy. Clearance', '1.00', '50.00', '2021-02-05 01:00:09', NULL, NULL, NULL),
(745, 745, 'Delivery Fee', '1.00', '200.00', '2021-02-05 01:00:38', NULL, NULL, NULL),
(746, 746, 'Delivery Fee', '1.00', '200.00', '2021-02-05 01:01:09', NULL, NULL, NULL),
(747, 747, 'Delivery Fee', '1.00', '200.00', '2021-02-05 01:01:41', NULL, NULL, NULL),
(748, 748, 'Delivery Fee', '1.00', '200.00', '2021-02-05 01:02:14', NULL, NULL, NULL),
(749, 749, 'Delivery Fee', '1.00', '200.00', '2021-02-05 01:02:38', NULL, NULL, NULL),
(750, 750, 'Brgy. Clearance', '1.00', '100.00', '2021-02-05 01:05:54', NULL, NULL, NULL),
(751, 751, 'Refund', '1.00', '1750.00', '2021-02-05 01:07:02', NULL, NULL, NULL),
(752, 752, 'Brgy. ID', '1.00', '200.00', '2021-02-05 01:08:00', NULL, NULL, NULL),
(753, 753, 'Delivery Fee', '1.00', '200.00', '2021-02-05 01:08:42', NULL, NULL, NULL),
(754, 754, 'Delivery Fee', '1.00', '200.00', '2021-02-05 01:09:11', NULL, NULL, NULL),
(755, 755, 'Brgy. Clearance', '1.00', '150.00', '2021-02-05 01:10:02', NULL, NULL, NULL),
(756, 756, 'Delivery Fee', '1.00', '200.00', '2021-02-05 01:10:44', NULL, NULL, NULL),
(757, 757, 'Delivery Fee', '1.00', '200.00', '2021-02-05 01:11:12', NULL, NULL, NULL),
(758, 758, 'Delivery Fee', '1.00', '200.00', '2021-02-05 01:11:38', NULL, NULL, NULL),
(759, 759, 'Delivery Fee', '1.00', '200.00', '2021-02-05 01:12:05', NULL, NULL, NULL),
(760, 760, 'Delivery Fee', '1.00', '200.00', '2021-02-05 01:12:44', NULL, NULL, NULL),
(761, 761, 'Delivery Fee', '1.00', '200.00', '2021-02-05 01:13:15', NULL, NULL, NULL),
(762, 762, 'Delivery Fee', '1.00', '200.00', '2021-02-05 01:14:00', NULL, NULL, NULL),
(763, 763, 'Delivery Fee', '1.00', '200.00', '2021-02-05 01:14:43', NULL, NULL, NULL),
(764, 764, 'Delivery Fee', '0.00', '200.00', '2021-02-05 01:15:22', '2021-02-07 17:33:49', NULL, NULL),
(765, 765, 'Delivery Fee', '1.00', '800.00', '2021-02-07 17:44:09', NULL, NULL, NULL),
(766, 766, 'Delivery Fee', '1.00', '200.00', '2021-02-07 17:45:40', NULL, NULL, NULL),
(767, 767, 'Delivery Fee', '1.00', '200.00', '2021-02-07 17:46:19', NULL, NULL, NULL),
(768, 768, 'Delivery Fee', '1.00', '200.00', '2021-02-07 17:46:54', NULL, NULL, NULL),
(769, 769, 'RPTS', '1.00', '1199954.63', '2021-02-07 17:49:50', NULL, NULL, NULL),
(770, 770, 'Delivery Fee', '1.00', '600.00', '2021-02-07 17:52:33', NULL, NULL, NULL),
(771, 771, 'Brgy. ID', '1.00', '50.00', '2021-02-07 17:55:18', NULL, NULL, NULL),
(772, 772, 'Brgy. ID', '1.00', '300.00', '2021-02-07 17:56:42', NULL, NULL, NULL),
(773, 773, 'Brgy. ID', '1.00', '50.00', '2021-02-07 17:57:56', NULL, NULL, NULL),
(774, 774, 'Brgy. ID', '1.00', '100.00', '2021-02-07 18:00:00', NULL, NULL, NULL),
(775, 775, 'Delivery Fee', '1.00', '200.00', '2021-02-07 18:02:02', NULL, NULL, NULL),
(776, 776, 'Delivery Fee', '1.00', '200.00', '2021-02-07 18:02:39', NULL, NULL, NULL),
(777, 777, 'Brgy. ID', '1.00', '50.00', '2021-02-07 18:04:51', NULL, NULL, NULL),
(778, 778, 'Delivery Fee', '1.00', '200.00', '2021-02-07 18:05:47', NULL, NULL, NULL),
(779, 779, 'Delivery Fee', '1.00', '200.00', '2021-02-07 18:07:49', NULL, NULL, NULL),
(780, 780, 'Delivery Fee', '1.00', '200.00', '2021-02-07 18:08:37', NULL, NULL, NULL),
(781, 781, 'Delivery Fee', '1.00', '200.00', '2021-02-07 18:09:24', NULL, NULL, NULL),
(782, 782, 'Brgy. ID', '1.00', '50.00', '2021-02-07 18:10:33', NULL, NULL, NULL),
(783, 783, 'Delivery Fee', '1.00', '1000.00', '2021-02-07 18:11:47', NULL, NULL, NULL),
(784, 784, 'Brgy. ID', '1.00', '100.00', '2021-02-07 18:19:04', NULL, NULL, NULL),
(785, 785, 'Delivery Fee', '1.00', '200.00', '2021-02-07 18:19:42', NULL, NULL, NULL),
(786, 786, 'Brgy. ID', '1.00', '100.00', '2021-02-07 18:20:43', NULL, NULL, NULL),
(787, 787, 'Brgy. ID', '1.00', '50.00', '2021-02-07 18:21:39', NULL, NULL, NULL),
(788, 788, 'Brgy. ID', '1.00', '50.00', '2021-02-07 18:24:26', NULL, NULL, NULL),
(789, 789, 'Brgy. ID', '1.00', '50.00', '2021-02-07 18:26:44', NULL, NULL, NULL),
(790, 790, 'Brgy. ID', '1.00', '50.00', '2021-02-07 18:27:55', NULL, NULL, NULL),
(791, 791, 'Brgy. ID', '1.00', '100.00', '2021-02-07 18:29:14', NULL, NULL, NULL),
(792, 792, 'Brgy. ID', '1.00', '50.00', '2021-02-07 18:30:16', NULL, NULL, NULL),
(793, 793, 'Brgy. ID', '1.00', '100.00', '2021-02-07 18:32:08', NULL, NULL, NULL),
(794, 794, 'Brgy. ID', '1.00', '50.00', '2021-02-07 18:35:09', NULL, NULL, NULL),
(795, 795, 'Brgy. ID', '1.00', '50.00', '2021-02-07 18:37:17', NULL, NULL, NULL),
(796, 796, 'Brgy. ID', '1.00', '100.00', '2021-02-07 18:38:13', NULL, NULL, NULL),
(797, 797, 'Brgy. ID', '1.00', '100.00', '2021-02-07 18:39:20', NULL, NULL, NULL),
(798, 798, 'Brgy. ID', '1.00', '50.00', '2021-02-07 18:41:22', NULL, NULL, NULL),
(799, 799, 'Delivery Fee', '1.00', '200.00', '2021-02-07 18:41:57', NULL, NULL, NULL),
(800, 800, 'Delivery Fee', '1.00', '200.00', '2021-02-07 18:42:42', NULL, NULL, NULL),
(801, 801, 'Brgy. ID', '1.00', '50.00', '2021-02-07 18:43:52', NULL, NULL, NULL),
(802, 802, 'Brgy. ID', '1.00', '350.00', '2021-02-07 18:49:11', NULL, NULL, NULL),
(803, 803, 'Brgy. ID', '1.00', '150.00', '2021-02-07 18:53:00', NULL, NULL, NULL),
(804, 804, 'Brgy. ID', '1.00', '100.00', '2021-02-07 18:54:35', NULL, NULL, NULL),
(805, 805, 'Brgy. ID', '1.00', '50.00', '2021-02-07 18:55:42', NULL, NULL, NULL),
(806, 806, 'Brgy. ID', '1.00', '50.00', '2021-02-07 18:57:07', NULL, NULL, NULL),
(807, 807, 'Brgy. ID', '1.00', '100.00', '2021-02-07 18:58:28', NULL, NULL, NULL),
(808, 808, 'Brgy. ID', '1.00', '100.00', '2021-02-07 19:00:12', NULL, NULL, NULL),
(809, 809, 'Brgy. ID', '1.00', '150.00', '2021-02-07 19:02:15', NULL, NULL, NULL),
(810, 810, 'Brgy. ID', '1.00', '100.00', '2021-02-07 19:04:45', NULL, NULL, NULL),
(811, 811, 'Brgy. ID', '1.00', '50.00', '2021-02-07 19:06:40', NULL, NULL, NULL),
(812, 812, 'Brgy. ID', '1.00', '50.00', '2021-02-07 19:11:21', NULL, NULL, NULL),
(813, 813, 'Brgy. ID', '1.00', '0.00', '2021-02-07 19:13:30', NULL, NULL, NULL),
(814, 814, 'Brgy. ID', '1.00', '150.00', '2021-02-07 19:14:43', NULL, NULL, NULL),
(815, 815, 'Delivery Fee', '1.00', '200.00', '2021-02-07 20:56:40', NULL, NULL, NULL),
(816, 816, 'Delivery Fee', '1.00', '200.00', '2021-02-07 20:57:11', NULL, NULL, NULL),
(817, 817, 'Brgy. ID', '1.00', '50.00', '2021-02-07 21:13:49', NULL, NULL, NULL),
(818, 818, 'Brgy. ID', '1.00', '50.00', '2021-02-07 21:15:01', NULL, NULL, NULL),
(819, 819, 'Brgy. ID', '1.00', '100.00', '2021-02-07 21:16:21', NULL, NULL, NULL),
(820, 820, 'Delivery Fee', '1.00', '200.00', '2021-02-07 21:17:48', NULL, NULL, NULL),
(821, 821, 'Brgy. ID', '1.00', '100.00', '2021-02-07 21:18:44', NULL, NULL, NULL),
(822, 822, 'Brgy. ID', '1.00', '50.00', '2021-02-07 21:19:56', NULL, NULL, NULL),
(823, 823, 'Delivery Fee', '1.00', '400.00', '2021-02-07 21:22:53', NULL, NULL, NULL),
(824, 824, 'Brgy. ID', '1.00', '50.00', '2021-02-07 21:23:58', NULL, NULL, NULL),
(825, 825, 'Brgy. ID', '1.00', '50.00', '2021-02-07 21:26:00', NULL, NULL, NULL),
(826, 826, 'Delivery Fee', '1.00', '1000.00', '2021-02-07 21:26:49', NULL, NULL, NULL),
(827, 827, 'Brgy. ID', '1.00', '50.00', '2021-02-07 21:29:13', NULL, NULL, NULL),
(828, 828, 'Brgy. ID', '1.00', '100.00', '2021-02-07 21:32:47', NULL, NULL, NULL),
(829, 829, 'Brgy. ID', '1.00', '50.00', '2021-02-07 21:33:37', NULL, NULL, NULL),
(830, 830, 'Brgy. ID', '1.00', '100.00', '2021-02-07 21:34:56', NULL, NULL, NULL),
(831, 831, 'Brgy. ID', '1.00', '50.00', '2021-02-07 21:36:11', NULL, NULL, NULL),
(832, 832, 'Brgy. ID', '1.00', '50.00', '2021-02-07 21:37:05', NULL, NULL, NULL),
(833, 833, 'Brgy. ID', '1.00', '50.00', '2021-02-07 21:41:07', NULL, NULL, NULL),
(834, 834, 'Brgy. ID', '1.00', '100.00', '2021-02-07 21:42:19', NULL, NULL, NULL),
(835, 835, 'Delivery Fee', '1.00', '200.00', '2021-02-07 21:43:22', NULL, NULL, NULL),
(836, 836, 'Brgy. ID', '1.00', '350.00', '2021-02-07 21:48:05', NULL, NULL, NULL),
(837, 837, 'Brgy. ID', '1.00', '50.00', '2021-02-07 21:49:09', NULL, NULL, NULL),
(838, 838, 'Brgy. ID', '1.00', '100.00', '2021-02-07 21:50:13', NULL, NULL, NULL),
(839, 839, 'Brgy. ID', '1.00', '250.00', '2021-02-07 21:52:16', NULL, NULL, NULL),
(840, 840, 'Brgy. ID', '1.00', '150.00', '2021-02-07 21:53:13', NULL, NULL, NULL),
(841, 841, 'Brgy. ID', '1.00', '100.00', '2021-02-07 21:54:41', NULL, NULL, NULL),
(842, 842, 'Brgy. ID', '1.00', '50.00', '2021-02-07 21:55:41', NULL, NULL, NULL),
(843, 843, 'Utility Clearance', '1.00', '100.00', '2021-02-07 22:15:21', NULL, NULL, NULL),
(844, 844, 'Brgy. ID', '1.00', '100.00', '2021-02-07 22:16:26', NULL, NULL, NULL),
(845, 845, 'Brgy. ID', '1.00', '50.00', '2021-02-07 22:18:53', NULL, NULL, NULL),
(846, 846, 'Brgy. ID', '1.00', '250.00', '2021-02-07 22:20:52', NULL, NULL, NULL),
(847, 847, 'Delivery Fee', '1.00', '200.00', '2021-02-07 22:23:45', NULL, NULL, NULL),
(848, 848, 'Brgy. ID', '1.00', '50.00', '2021-02-07 22:26:04', NULL, NULL, NULL),
(849, 849, 'Delivery Fee', '1.00', '400.00', '2021-02-07 22:26:39', NULL, NULL, NULL),
(850, 850, 'Brgy. ID', '1.00', '50.00', '2021-02-07 22:30:09', NULL, NULL, NULL),
(851, 851, 'Brgy. ID', '1.00', '50.00', '2021-02-07 22:32:33', NULL, NULL, NULL),
(852, 852, 'Brgy. ID', '1.00', '50.00', '2021-02-07 22:33:24', NULL, NULL, NULL),
(853, 853, 'Brgy. ID', '1.00', '50.00', '2021-02-07 22:36:01', NULL, NULL, NULL),
(854, 854, 'Delivery Fee', '1.00', '400.00', '2021-02-07 22:37:19', NULL, NULL, NULL),
(855, 855, 'Brgy. ID', '1.00', '50.00', '2021-02-07 22:38:16', NULL, NULL, NULL),
(856, 856, 'Brgy. ID', '1.00', '50.00', '2021-02-07 22:39:25', NULL, NULL, NULL),
(857, 857, 'Delivery Fee', '1.00', '200.00', '2021-02-07 22:40:00', NULL, NULL, NULL),
(858, 858, 'Brgy. ID', '1.00', '50.00', '2021-02-07 22:41:04', NULL, NULL, NULL),
(859, 859, 'Brgy. ID', '1.00', '200.00', '2021-02-07 22:41:58', NULL, NULL, NULL),
(860, 860, 'Brgy. ID', '1.00', '50.00', '2021-02-07 22:42:29', NULL, NULL, NULL),
(861, 861, 'Brgy. ID', '1.00', '50.00', '2021-02-07 22:43:23', NULL, NULL, NULL),
(862, 862, 'Brgy. ID', '1.00', '50.00', '2021-02-07 22:44:23', NULL, NULL, NULL),
(863, 863, 'Delivery Fee', '1.00', '200.00', '2021-02-07 22:44:54', NULL, NULL, NULL),
(864, 864, 'Delivery Fee', '1.00', '200.00', '2021-02-07 22:45:40', NULL, NULL, NULL),
(865, 865, 'Brgy. ID', '1.00', '50.00', '2021-02-07 22:59:32', NULL, NULL, NULL),
(866, 866, 'Brgy. ID', '1.00', '100.00', '2021-02-07 23:00:22', NULL, NULL, NULL),
(867, 867, 'Brgy. ID', '1.00', '100.00', '2021-02-07 23:01:33', NULL, NULL, NULL),
(868, 868, 'Brgy. ID', '1.00', '150.00', '2021-02-07 23:04:27', NULL, NULL, NULL),
(869, 869, 'Brgy. ID', '1.00', '50.00', '2021-02-07 23:07:01', NULL, NULL, NULL),
(870, 870, 'Brgy. ID', '1.00', '50.00', '2021-02-07 23:09:06', NULL, NULL, NULL),
(871, 871, 'Brgy. ID', '1.00', '50.00', '2021-02-07 23:10:06', NULL, NULL, NULL),
(872, 872, 'Delivery Fee', '1.00', '800.00', '2021-02-07 23:15:09', NULL, NULL, NULL),
(873, 873, 'Brgy. ID', '1.00', '50.00', '2021-02-07 23:16:42', NULL, NULL, NULL),
(874, 874, 'Brgy. ID', '1.00', '50.00', '2021-02-07 23:20:03', NULL, NULL, NULL),
(875, 875, 'Delivery Fee', '1.00', '200.00', '2021-02-07 23:20:37', NULL, NULL, NULL),
(876, 876, 'Brgy. ID', '1.00', '50.00', '2021-02-07 23:21:40', NULL, NULL, NULL),
(877, 877, 'Brgy. ID', '1.00', '50.00', '2021-02-07 23:22:37', NULL, NULL, NULL),
(878, 878, 'Delivery Fee', '1.00', '200.00', '2021-02-07 23:23:49', NULL, NULL, NULL),
(879, 879, 'Brgy. ID', '1.00', '50.00', '2021-02-07 23:30:11', NULL, NULL, NULL),
(880, 880, 'Brgy. ID', '1.00', '50.00', '2021-02-07 23:32:09', NULL, NULL, NULL),
(881, 881, 'Violation', '1.00', '1500.00', '2021-02-07 23:33:15', NULL, NULL, NULL),
(882, 882, 'Brgy. ID', '1.00', '150.00', '2021-02-07 23:33:53', NULL, NULL, NULL),
(883, 883, 'Brgy. ID', '1.00', '100.00', '2021-02-07 23:34:49', NULL, NULL, NULL),
(884, 884, 'Brgy. ID', '1.00', '100.00', '2021-02-07 23:35:37', NULL, NULL, NULL),
(885, 885, 'Brgy. ID', '1.00', '150.00', '2021-02-07 23:36:30', NULL, NULL, NULL),
(886, 886, 'Brgy. ID', '1.00', '100.00', '2021-02-07 23:37:23', NULL, NULL, NULL),
(887, 887, 'Brgy. ID', '1.00', '100.00', '2021-02-07 23:38:39', NULL, NULL, NULL),
(888, 888, 'Delivery Fee', '1.00', '200.00', '2021-02-07 23:39:41', NULL, NULL, NULL),
(889, 889, 'Brgy. ID', '1.00', '100.00', '2021-02-07 23:40:50', NULL, NULL, NULL),
(890, 890, 'Brgy. ID', '1.00', '50.00', '2021-02-07 23:43:08', NULL, NULL, NULL),
(891, 891, 'Brgy. ID', '1.00', '100.00', '2021-02-07 23:44:02', NULL, NULL, NULL),
(892, 892, 'Brgy. ID', '1.00', '50.00', '2021-02-07 23:44:53', NULL, NULL, NULL),
(893, 893, 'Utility Clearance', '1.00', '100.00', '2021-02-07 23:46:00', NULL, NULL, NULL),
(894, 894, 'Brgy. ID', '1.00', '50.00', '2021-02-07 23:47:03', NULL, NULL, NULL),
(895, 895, 'Brgy. ID', '1.00', '50.00', '2021-02-07 23:48:03', NULL, NULL, NULL),
(896, 896, 'Brgy. ID', '1.00', '50.00', '2021-02-07 23:48:38', NULL, NULL, NULL),
(897, 897, 'Brgy. ID', '1.00', '50.00', '2021-02-07 23:49:48', NULL, NULL, NULL),
(898, 898, 'Utility Clearance', '1.00', '100.00', '2021-02-07 23:50:57', NULL, NULL, NULL),
(899, 899, 'Brgy. ID', '1.00', '200.00', '2021-02-07 23:51:58', NULL, NULL, NULL),
(900, 900, 'Brgy. ID', '1.00', '100.00', '2021-02-07 23:53:00', NULL, NULL, NULL),
(901, 901, 'Brgy. ID', '1.00', '50.00', '2021-02-07 23:53:58', NULL, NULL, NULL),
(902, 902, 'Brgy. ID', '1.00', '100.00', '2021-02-07 23:56:11', NULL, NULL, NULL),
(903, 903, 'Brgy. Clearance', '1.00', '100.00', '2021-02-07 23:57:32', NULL, NULL, NULL),
(904, 904, 'Brgy. ID', '1.00', '100.00', '2021-02-07 23:58:25', NULL, NULL, NULL),
(905, 905, 'Delivery Fee', '1.00', '200.00', '2021-02-07 23:59:07', NULL, NULL, NULL),
(906, 906, 'Delivery Fee', '1.00', '200.00', '2021-02-08 00:01:43', NULL, NULL, NULL),
(907, 907, 'Delivery Fee', '1.00', '200.00', '2021-02-08 00:02:25', NULL, NULL, NULL),
(908, 908, 'Brgy. Clearance', '1.00', '50.00', '2021-02-08 00:03:26', NULL, NULL, NULL),
(909, 909, 'Brgy. ID', '1.00', '50.00', '2021-02-08 00:04:53', NULL, NULL, NULL),
(910, 910, 'Brgy. ID', '1.00', '50.00', '2021-02-08 00:07:45', NULL, NULL, NULL),
(911, 911, 'Delivery Fee', '1.00', '200.00', '2021-02-08 00:13:10', NULL, NULL, NULL),
(912, 912, 'Delivery Fee', '1.00', '1000.00', '2021-02-08 00:16:10', NULL, NULL, NULL),
(913, 913, 'Brgy. ID', '1.00', '50.00', '2021-02-08 00:23:55', NULL, NULL, NULL),
(914, 914, 'Brgy. Clearance', '1.00', '100.00', '2021-02-08 00:26:22', NULL, NULL, NULL),
(915, 915, 'Brgy. ID', '1.00', '50.00', '2021-02-08 00:29:55', NULL, NULL, NULL),
(916, 916, 'Brgy. ID', '1.00', '100.00', '2021-02-08 00:34:59', NULL, NULL, NULL),
(917, 917, 'Delivery Fee', '1.00', '200.00', '2021-02-08 00:35:29', NULL, NULL, NULL),
(918, 918, 'Brgy. ID', '0.00', '50.00', '2021-02-08 00:47:49', '2021-02-08 00:50:54', NULL, NULL),
(919, 919, 'Business Clearance', '1.00', '1000.00', '2021-02-08 00:53:37', NULL, NULL, NULL),
(920, 920, 'Brgy. Clearance', '1.00', '100.00', '2021-02-08 00:54:17', NULL, NULL, NULL),
(921, 921, 'Delivery Fee', '1.00', '200.00', '2021-02-08 00:59:34', NULL, NULL, NULL),
(922, 922, 'Delivery Fee', '1.00', '200.00', '2021-02-08 01:00:03', NULL, NULL, NULL),
(923, 923, 'Delivery Fee', '1.00', '200.00', '2021-02-08 01:00:44', NULL, NULL, NULL),
(924, 924, 'Brgy. ID', '1.00', '50.00', '2021-02-08 01:01:53', NULL, NULL, NULL),
(925, 925, 'Brgy. ID', '1.00', '0.00', '2021-02-09 17:49:29', NULL, NULL, NULL),
(926, 926, 'Delivery Fee', '1.00', '200.00', '2021-02-09 17:49:56', NULL, NULL, NULL),
(927, 927, 'Brgy. ID', '1.00', '50.00', '2021-02-09 17:51:34', NULL, NULL, NULL),
(928, 928, 'Brgy. ID', '1.00', '50.00', '2021-02-09 17:52:37', NULL, NULL, NULL),
(929, 929, 'Delivery Fee', '1.00', '200.00', '2021-02-09 17:53:07', NULL, NULL, NULL),
(930, 930, 'Brgy. ID', '1.00', '50.00', '2021-02-09 17:56:50', NULL, NULL, NULL),
(931, 931, 'Brgy. ID', '1.00', '100.00', '2021-02-09 17:57:51', NULL, NULL, NULL),
(932, 932, 'Delivery Fee', '1.00', '200.00', '2021-02-09 17:58:23', NULL, NULL, NULL),
(933, 933, 'Delivery Fee', '1.00', '200.00', '2021-02-09 17:59:21', NULL, NULL, NULL),
(934, 934, 'Brgy. ID', '1.00', '50.00', '2021-02-09 18:00:26', NULL, NULL, NULL),
(935, 935, 'Business Clearance', '1.00', '500.00', '2021-02-09 18:01:42', NULL, NULL, NULL),
(936, 936, 'Brgy. ID', '1.00', '0.00', '2021-02-09 18:03:05', NULL, NULL, NULL),
(937, 937, 'Brgy. ID', '0.00', '0.00', '2021-02-09 18:03:35', '2021-02-09 18:04:09', NULL, NULL),
(938, 938, 'Delivery Fee', '1.00', '0.00', '2021-02-09 18:05:05', NULL, NULL, NULL),
(939, 939, 'Delivery Fee', '1.00', '200.00', '2021-02-09 18:05:43', NULL, NULL, NULL),
(940, 940, 'Brgy. ID', '1.00', '100.00', '2021-02-09 18:07:33', NULL, NULL, NULL),
(941, 941, 'Delivery Fee', '1.00', '1000.00', '2021-02-09 18:08:03', NULL, NULL, NULL),
(942, 942, 'Delivery Fee', '1.00', '200.00', '2021-02-09 18:08:32', NULL, NULL, NULL),
(943, 943, 'Delivery Fee', '1.00', '200.00', '2021-02-09 18:09:50', NULL, NULL, NULL),
(944, 944, 'Delivery Fee', '1.00', '800.00', '2021-02-09 18:11:01', NULL, NULL, NULL),
(945, 945, 'Delivery Fee', '1.00', '2000.00', '2021-02-09 18:11:54', NULL, NULL, NULL),
(946, 946, 'Delivery Fee', '1.00', '200.00', '2021-02-09 18:12:22', NULL, NULL, NULL),
(947, 947, 'Delivery Fee', '1.00', '200.00', '2021-02-09 18:13:37', NULL, NULL, NULL),
(948, 948, 'Delivery Fee', '1.00', '200.00', '2021-02-09 18:15:38', NULL, NULL, NULL),
(949, 949, 'Delivery Fee', '1.00', '200.00', '2021-02-09 18:16:06', NULL, NULL, NULL),
(950, 950, 'Delivery Fee', '1.00', '600.00', '2021-02-09 18:16:36', NULL, NULL, NULL),
(951, 951, 'Brgy. Clearance', '1.00', '50.00', '2021-02-09 18:17:54', NULL, NULL, NULL),
(952, 952, 'Delivery Fee', '1.00', '1000.00', '2021-02-09 18:18:36', NULL, NULL, NULL),
(953, 953, 'Delivery Fee', '1.00', '200.00', '2021-02-09 18:19:07', NULL, NULL, NULL),
(954, 954, 'Delivery Fee', '1.00', '200.00', '2021-02-09 18:21:04', NULL, NULL, NULL),
(955, 955, 'Delivery Fee', '1.00', '200.00', '2021-02-09 18:21:28', NULL, NULL, NULL),
(956, 956, 'Brgy. ID', '1.00', '100.00', '2021-02-09 18:24:01', NULL, NULL, NULL),
(957, 957, 'Delivery Fee', '1.00', '200.00', '2021-02-09 18:24:30', NULL, NULL, NULL),
(958, 958, 'Brgy. Clearance', '1.00', '50.00', '2021-02-09 18:25:05', NULL, NULL, NULL),
(959, 959, 'Delivery Fee', '1.00', '200.00', '2021-02-09 18:26:03', NULL, NULL, NULL),
(960, 960, 'Brgy. Clearance', '1.00', '100.00', '2021-02-09 18:27:01', NULL, NULL, NULL),
(961, 961, 'Delivery Fee', '1.00', '200.00', '2021-02-09 18:27:35', NULL, NULL, NULL),
(962, 962, 'Delivery Fee', '1.00', '400.00', '2021-02-09 18:28:05', NULL, NULL, NULL),
(963, 963, 'Delivery Fee', '1.00', '200.00', '2021-02-09 18:28:43', NULL, NULL, NULL),
(964, 964, 'Delivery Fee', '1.00', '200.00', '2021-02-09 18:29:18', NULL, NULL, NULL),
(965, 965, 'Delivery Fee', '1.00', '0.00', '2021-02-09 18:40:55', NULL, NULL, NULL),
(966, 966, 'Delivery Fee', '1.00', '200.00', '2021-02-09 18:41:33', NULL, NULL, NULL),
(967, 967, 'Delivery Fee', '1.00', '200.00', '2021-02-09 18:42:29', NULL, NULL, NULL),
(968, 968, 'Brgy. ID', '1.00', '50.00', '2021-02-09 18:43:22', NULL, NULL, NULL),
(969, 969, 'Brgy. ID', '1.00', '50.00', '2021-02-09 18:44:20', NULL, NULL, NULL),
(970, 970, 'Delivery Fee', '1.00', '200.00', '2021-02-09 18:45:01', NULL, NULL, NULL),
(971, 971, 'Brgy. ID', '1.00', '100.00', '2021-02-09 18:46:26', NULL, NULL, NULL),
(972, 972, 'Brgy. ID', '1.00', '50.00', '2021-02-09 18:47:37', NULL, NULL, NULL),
(973, 973, 'Brgy. ID', '1.00', '50.00', '2021-02-09 18:49:08', NULL, NULL, NULL),
(974, 974, 'Delivery Fee', '1.00', '200.00', '2021-02-09 18:49:38', NULL, NULL, NULL),
(975, 975, 'Delivery Fee', '1.00', '200.00', '2021-02-09 18:50:20', NULL, NULL, NULL),
(976, 976, 'Delivery Fee', '1.00', '1000.00', '2021-02-09 18:51:08', NULL, NULL, NULL),
(977, 977, 'Delivery Fee', '1.00', '200.00', '2021-02-09 18:51:55', NULL, NULL, NULL),
(978, 978, 'Delivery Fee', '1.00', '200.00', '2021-02-09 18:52:58', NULL, NULL, NULL),
(979, 979, 'Delivery Fee', '1.00', '600.00', '2021-02-09 18:53:39', NULL, NULL, NULL),
(980, 980, 'Delivery Fee', '1.00', '200.00', '2021-02-09 18:54:12', NULL, NULL, NULL),
(981, 981, 'Brgy. ID', '1.00', '50.00', '2021-02-09 18:55:33', NULL, NULL, NULL),
(982, 982, 'Delivery Fee', '1.00', '200.00', '2021-02-09 18:56:01', NULL, NULL, NULL),
(983, 983, 'Delivery Fee', '1.00', '200.00', '2021-02-09 18:56:30', NULL, NULL, NULL),
(984, 984, 'Brgy. ID', '1.00', '50.00', '2021-02-09 18:57:18', NULL, NULL, NULL),
(985, 985, 'Delivery Fee', '1.00', '600.00', '2021-02-09 19:05:30', NULL, NULL, NULL),
(986, 986, 'Brgy. ID', '1.00', '50.00', '2021-02-09 19:06:24', NULL, NULL, NULL),
(987, 987, 'Delivery Fee', '1.00', '200.00', '2021-02-09 19:07:15', NULL, NULL, NULL),
(988, 988, 'Brgy. ID', '1.00', '50.00', '2021-02-09 21:15:24', NULL, NULL, NULL),
(989, 989, 'Brgy. ID', '1.00', '50.00', '2021-02-09 21:18:13', NULL, NULL, NULL),
(990, 990, 'Delivery Fee', '1.00', '200.00', '2021-02-09 21:31:53', NULL, NULL, NULL),
(991, 991, 'Delivery Fee', '1.00', '200.00', '2021-02-09 21:32:19', NULL, NULL, NULL),
(992, 992, 'Brgy. ID', '1.00', '50.00', '2021-02-09 21:33:15', NULL, NULL, NULL),
(993, 993, 'Delivery Fee', '1.00', '200.00', '2021-02-09 21:35:06', NULL, NULL, NULL),
(994, 994, 'Delivery Fee', '1.00', '400.00', '2021-02-09 21:36:11', NULL, NULL, NULL),
(995, 995, 'Delivery Fee', '1.00', '200.00', '2021-02-09 21:37:10', NULL, NULL, NULL),
(996, 996, 'Delivery Fee', '1.00', '200.00', '2021-02-09 21:40:59', NULL, NULL, NULL),
(997, 997, 'Delivery Fee', '1.00', '200.00', '2021-02-09 21:41:30', NULL, NULL, NULL),
(998, 998, 'Violation', '1.00', '500.00', '2021-02-09 21:42:10', NULL, NULL, NULL),
(999, 999, 'Brgy. Clearance', '1.00', '50.00', '2021-02-09 21:45:39', NULL, NULL, NULL),
(1000, 1000, 'Delivery Fee', '1.00', '200.00', '2021-02-09 21:46:14', NULL, NULL, NULL),
(1001, 1001, 'Conference Room', '1.00', '4400.00', '2021-02-09 21:47:21', NULL, NULL, NULL),
(1002, 1002, 'Conference Room', '1.00', '0.00', '2021-02-09 21:47:51', NULL, NULL, NULL),
(1003, 1003, 'Delivery Fee', '1.00', '1000.00', '2021-02-09 21:48:26', NULL, NULL, NULL),
(1004, 1004, 'Delivery Fee', '1.00', '200.00', '2021-02-09 21:49:09', NULL, NULL, NULL),
(1005, 1005, 'Brgy. ID', '1.00', '100.00', '2021-02-09 21:51:03', NULL, NULL, NULL),
(1006, 1006, 'Delivery Fee', '1.00', '200.00', '2021-02-09 21:51:37', NULL, NULL, NULL),
(1007, 1007, 'Brgy. ID', '1.00', '50.00', '2021-02-09 21:52:33', NULL, NULL, NULL),
(1008, 1008, 'Utility Clearance', '1.00', '100.00', '2021-02-09 21:53:20', NULL, NULL, NULL),
(1009, 1009, 'Utility Clearance', '1.00', '100.00', '2021-02-09 21:54:10', NULL, NULL, NULL),
(1010, 1010, 'Brgy. ID', '1.00', '200.00', '2021-02-09 21:55:10', NULL, NULL, NULL),
(1011, 1011, 'Delivery Fee', '1.00', '200.00', '2021-02-09 21:55:37', NULL, NULL, NULL),
(1012, 1012, 'Delivery Fee', '1.00', '200.00', '2021-02-09 21:56:13', NULL, NULL, NULL),
(1013, 1013, 'Delivery Fee', '1.00', '1000.00', '2021-02-09 21:56:43', NULL, NULL, NULL),
(1014, 1014, 'Brgy. Clearance', '1.00', '50.00', '2021-02-09 21:57:22', NULL, NULL, NULL),
(1015, 1015, 'Business Clearance', '1.00', '500.00', '2021-02-09 22:10:50', NULL, NULL, NULL),
(1016, 1016, 'Brgy. Clearance', '1.00', '100.00', '2021-02-09 22:11:28', NULL, NULL, NULL),
(1017, 1017, 'Delivery Fee', '1.00', '200.00', '2021-02-09 22:13:30', NULL, NULL, NULL),
(1018, 1018, 'Brgy. ID', '1.00', '100.00', '2021-02-09 22:15:21', NULL, NULL, NULL),
(1019, 1019, 'Delivery Fee', '1.00', '200.00', '2021-02-09 22:16:09', NULL, NULL, NULL),
(1020, 1020, 'Brgy. ID', '1.00', '50.00', '2021-02-09 22:17:03', NULL, NULL, NULL),
(1021, 1021, 'Delivery Fee', '1.00', '200.00', '2021-02-09 22:17:51', NULL, NULL, NULL),
(1022, 1022, 'Delivery Fee', '1.00', '200.00', '2021-02-09 22:18:22', NULL, NULL, NULL),
(1023, 1023, 'Delivery Fee', '1.00', '200.00', '2021-02-09 22:19:14', NULL, NULL, NULL),
(1024, 1024, 'Brgy. Clearance', '1.00', '50.00', '2021-02-09 22:20:08', NULL, NULL, NULL),
(1025, 1025, 'Delivery Fee', '1.00', '1000.00', '2021-02-09 22:21:14', NULL, NULL, NULL),
(1026, 1026, 'Delivery Fee', '1.00', '200.00', '2021-02-09 22:22:36', NULL, NULL, NULL),
(1027, 1027, 'Delivery Fee', '1.00', '200.00', '2021-02-09 22:23:28', NULL, NULL, NULL),
(1028, 1028, 'Delivery Fee', '1.00', '200.00', '2021-02-09 22:23:58', NULL, NULL, NULL),
(1029, 1029, 'Delivery Fee', '1.00', '200.00', '2021-02-09 22:24:30', NULL, NULL, NULL),
(1030, 1030, 'Delivery Fee', '1.00', '200.00', '2021-02-09 22:25:03', NULL, NULL, NULL),
(1031, 1031, 'Delivery Fee', '1.00', '200.00', '2021-02-09 22:25:34', NULL, NULL, NULL),
(1032, 1032, 'Delivery Fee', '1.00', '200.00', '2021-02-09 22:26:10', NULL, NULL, NULL),
(1033, 1033, 'Conference Room', '1.00', '3200.00', '2021-02-09 22:27:38', NULL, NULL, NULL),
(1034, 1034, 'Delivery Fee', '1.00', '200.00', '2021-02-09 22:28:07', NULL, NULL, NULL),
(1035, 1035, 'Utility Clearance', '1.00', '100.00', '2021-02-09 22:29:02', NULL, NULL, NULL),
(1036, 1036, 'Delivery Fee', '1.00', '200.00', '2021-02-09 22:29:42', NULL, NULL, NULL),
(1037, 1037, 'Delivery Fee', '1.00', '200.00', '2021-02-09 22:30:15', NULL, NULL, NULL),
(1038, 1038, 'Delivery Fee', '1.00', '1000.00', '2021-02-09 22:31:11', NULL, NULL, NULL),
(1039, 1039, 'Delivery Fee', '1.00', '400.00', '2021-02-09 22:43:16', NULL, NULL, NULL),
(1040, 1040, 'Delivery Fee', '1.00', '400.00', '2021-02-09 22:43:57', NULL, NULL, NULL),
(1041, 1041, 'Delivery Fee', '1.00', '200.00', '2021-02-09 23:29:16', NULL, NULL, NULL),
(1042, 1042, 'Delivery Fee', '1.00', '200.00', '2021-02-09 23:30:31', NULL, NULL, NULL),
(1043, 1043, 'Delivery Fee', '1.00', '200.00', '2021-02-09 23:31:39', NULL, NULL, NULL),
(1044, 1044, 'Delivery Fee', '1.00', '200.00', '2021-02-09 23:32:20', NULL, NULL, NULL),
(1045, 1045, 'Brgy. ID', '1.00', '100.00', '2021-02-09 23:33:32', NULL, NULL, NULL),
(1046, 1046, 'Utility Clearance', '1.00', '100.00', '2021-02-09 23:34:44', NULL, NULL, NULL),
(1047, 1047, 'Brgy. Clearance', '1.00', '50.00', '2021-02-09 23:35:54', NULL, NULL, NULL),
(1048, 1048, 'Brgy. Clearance', '1.00', '50.00', '2021-02-09 23:43:32', NULL, NULL, NULL),
(1049, 1049, 'Delivery Fee', '1.00', '400.00', '2021-02-09 23:53:09', NULL, NULL, NULL),
(1050, 1050, 'Delivery Fee', '1.00', '1000.00', '2021-02-09 23:53:44', NULL, NULL, NULL),
(1051, 1051, 'Delivery Fee', '1.00', '1000.00', '2021-02-09 23:54:19', NULL, NULL, NULL),
(1052, 1052, 'Delivery Fee', '1.00', '200.00', '2021-02-09 23:55:12', NULL, NULL, NULL),
(1053, 1053, 'Brgy. Clearance', '1.00', '100.00', '2021-02-09 23:56:41', NULL, NULL, NULL),
(1054, 1054, 'Delivery Fee', '1.00', '200.00', '2021-02-09 23:57:25', NULL, NULL, NULL),
(1055, 1055, 'Delivery Fee', '1.00', '1000.00', '2021-02-09 23:58:01', NULL, NULL, NULL),
(1056, 1056, 'Delivery Fee', '1.00', '200.00', '2021-02-09 23:58:58', NULL, NULL, NULL),
(1057, 1057, 'Utility Clearance', '1.00', '100.00', '2021-02-10 00:11:04', NULL, NULL, NULL),
(1058, 1058, 'Brgy. Clearance', '1.00', '100.00', '2021-02-10 00:13:06', NULL, NULL, NULL),
(1059, 1059, 'Delivery Fee', '1.00', '200.00', '2021-02-10 00:16:44', NULL, NULL, NULL),
(1060, 1060, 'Brgy. Clearance', '1.00', '100.00', '2021-02-10 00:17:24', NULL, NULL, NULL),
(1061, 1061, 'Delivery Fee', '1.00', '1400.00', '2021-02-10 00:18:02', NULL, NULL, NULL),
(1062, 1062, 'Delivery Fee', '1.00', '200.00', '2021-02-10 00:21:12', NULL, NULL, NULL),
(1063, 1063, 'Violation', '1.00', '2000.00', '2021-02-10 00:23:27', NULL, NULL, NULL),
(1064, 1064, 'Delivery Fee', '0.00', '200.00', '2021-02-10 00:24:05', '2021-02-14 16:52:43', NULL, NULL),
(1065, 1065, 'Brgy. Clearance', '1.00', '100.00', '2021-02-14 16:47:01', NULL, '2021-02-14 16:49:13', NULL),
(1066, 1066, 'Rental for Chainsaw', '1.00', '500.00', '2021-02-14 16:56:45', NULL, NULL, NULL),
(1067, 1067, 'Brgy. ID', '1.00', '1000.00', '2021-02-14 17:00:46', NULL, NULL, NULL),
(1068, 1068, 'Brgy. Clearance', '1.00', '50.00', '2021-02-14 17:03:46', NULL, NULL, NULL),
(1069, 1069, 'Brgy. ID', '1.00', '50.00', '2021-02-14 17:08:11', NULL, NULL, NULL),
(1070, 1070, 'Delivery Fee', '1.00', '200.00', '2021-02-14 17:10:20', NULL, NULL, NULL),
(1071, 1071, 'Delivery Fee', '1.00', '600.00', '2021-02-14 17:10:53', NULL, NULL, NULL),
(1072, 1072, 'Delivery Fee', '1.00', '200.00', '2021-02-14 17:12:12', NULL, NULL, NULL),
(1073, 1073, 'Brgy. Clearance', '1.00', '50.00', '2021-02-14 17:12:47', NULL, NULL, NULL),
(1074, 1074, 'Delivery Fee', '1.00', '200.00', '2021-02-14 17:13:38', NULL, NULL, NULL),
(1075, 1075, 'Delivery Fee', '1.00', '1000.00', '2021-02-14 17:14:10', NULL, NULL, NULL),
(1076, 1076, 'Delivery Fee', '1.00', '200.00', '2021-02-14 17:15:21', NULL, NULL, NULL),
(1077, 1077, 'Delivery Fee', '1.00', '200.00', '2021-02-14 17:15:47', NULL, NULL, NULL),
(1078, 1078, 'Delivery Fee', '1.00', '400.00', '2021-02-14 17:16:15', NULL, NULL, NULL),
(1079, 1079, 'Brgy. ID', '1.00', '50.00', '2021-02-14 17:20:51', NULL, NULL, NULL),
(1080, 1080, 'Utility Clearance', '1.00', '100.00', '2021-02-14 17:27:35', NULL, NULL, NULL),
(1081, 1081, 'Delivery Fee', '1.00', '200.00', '2021-02-14 17:37:05', NULL, NULL, NULL),
(1082, 1082, 'Delivery Fee', '1.00', '200.00', '2021-02-14 17:37:40', NULL, NULL, NULL),
(1083, 1083, 'Delivery Fee', '1.00', '200.00', '2021-02-14 17:38:34', NULL, NULL, NULL),
(1084, 1084, 'Delivery Fee', '1.00', '200.00', '2021-02-14 17:39:32', NULL, NULL, NULL),
(1085, 1085, 'Brgy. Clearance', '1.00', '50.00', '2021-02-14 17:40:13', NULL, NULL, NULL),
(1086, 1086, 'Delivery Fee', '1.00', '10000.00', '2021-02-14 17:40:59', NULL, NULL, NULL),
(1087, 1087, 'Delivery Fee', '1.00', '200.00', '2021-02-14 17:41:36', NULL, NULL, NULL),
(1088, 1088, 'Delivery Fee', '1.00', '200.00', '2021-02-14 17:42:05', NULL, NULL, NULL),
(1089, 1089, 'Delivery Fee', '1.00', '1000.00', '2021-02-14 17:43:28', NULL, NULL, NULL),
(1090, 1090, 'Brgy. ID', '1.00', '200.00', '2021-02-14 17:46:08', NULL, NULL, NULL),
(1091, 1091, 'Delivery Fee', '1.00', '200.00', '2021-02-14 17:46:38', NULL, NULL, NULL),
(1092, 1092, 'Brgy. Clearance', '1.00', '50.00', '2021-02-14 17:48:10', NULL, NULL, NULL),
(1093, 1093, 'Delivery Fee', '1.00', '1200.00', '2021-02-14 17:49:06', NULL, NULL, NULL),
(1094, 1094, 'Brgy. Clearance', '1.00', '50.00', '2021-02-14 17:50:55', NULL, NULL, NULL),
(1095, 1095, 'Delivery Fee', '1.00', '2000.00', '2021-02-14 17:53:20', NULL, NULL, NULL),
(1096, 1096, 'Delivery Fee', '1.00', '200.00', '2021-02-14 17:53:50', NULL, NULL, NULL),
(1097, 1097, 'Shooting', '1.00', '20000.00', '2021-02-14 18:43:09', NULL, NULL, NULL),
(1098, 1098, 'Delivery Fee', '1.00', '200.00', '2021-02-14 18:44:19', NULL, NULL, NULL),
(1099, 1099, 'Delivery Fee', '1.00', '200.00', '2021-02-14 18:44:57', NULL, NULL, NULL),
(1100, 1100, 'Delivery Fee', '1.00', '1000.00', '2021-02-14 18:45:41', NULL, NULL, NULL),
(1101, 1101, 'Delivery Fee', '1.00', '1000.00', '2021-02-14 18:46:10', NULL, NULL, NULL),
(1102, 1102, 'Delivery Fee', '1.00', '200.00', '2021-02-14 19:03:59', NULL, NULL, NULL),
(1103, 1103, 'Delivery Fee', '1.00', '200.00', '2021-02-14 19:04:31', NULL, NULL, NULL),
(1104, 1104, 'Delivery Fee', '1.00', '200.00', '2021-02-14 19:05:06', NULL, NULL, NULL),
(1105, 1105, 'Delivery Fee', '1.00', '200.00', '2021-02-14 19:06:00', NULL, NULL, NULL),
(1106, 1106, 'Delivery Fee', '1.00', '200.00', '2021-02-14 19:28:51', NULL, NULL, NULL),
(1107, 1107, 'Brgy. Clearance', '1.00', '50.00', '2021-02-14 19:29:40', NULL, NULL, NULL),
(1108, 1108, 'Delivery Fee', '1.00', '200.00', '2021-02-14 19:30:10', NULL, NULL, NULL),
(1109, 1109, 'Delivery Fee', '1.00', '200.00', '2021-02-14 19:30:38', NULL, NULL, NULL),
(1110, 1110, 'Delivery Fee', '1.00', '200.00', '2021-02-14 19:31:10', NULL, NULL, NULL),
(1111, 1111, 'Delivery Fee', '1.00', '200.00', '2021-02-14 19:31:49', NULL, NULL, NULL),
(1112, 1112, 'Delivery Fee', '1.00', '200.00', '2021-02-14 19:32:17', NULL, NULL, NULL),
(1113, 1113, 'Delivery Fee', '1.00', '200.00', '2021-02-14 19:32:46', NULL, NULL, NULL),
(1114, 1114, 'Delivery Fee', '1.00', '200.00', '2021-02-14 19:33:52', NULL, NULL, NULL),
(1115, 1115, 'Delivery Fee', '1.00', '1000.00', '2021-02-14 19:34:22', NULL, NULL, NULL),
(1116, 1116, 'Delivery Fee', '1.00', '200.00', '2021-02-14 21:18:16', NULL, NULL, NULL),
(1117, 1117, 'Brgy. Clearance', '1.00', '50.00', '2021-02-14 21:29:07', NULL, NULL, NULL),
(1118, 1118, 'Delivery Fee', '1.00', '200.00', '2021-02-14 21:31:32', NULL, NULL, NULL),
(1119, 1119, 'Delivery Fee', '1.00', '600.00', '2021-02-14 21:32:03', NULL, NULL, NULL),
(1120, 1120, 'Brgy. ID', '1.00', '50.00', '2021-02-14 21:33:10', NULL, NULL, NULL),
(1121, 1121, 'Court Rental', '1.00', '600.00', '2021-02-14 21:35:19', NULL, NULL, NULL),
(1122, 1122, 'Delivery Fee', '1.00', '200.00', '2021-02-14 21:36:35', NULL, NULL, NULL),
(1123, 1123, 'Delivery Fee', '1.00', '1000.00', '2021-02-14 21:37:05', NULL, NULL, NULL),
(1124, 1124, 'Delivery Fee', '1.00', '200.00', '2021-02-14 21:37:35', NULL, NULL, NULL),
(1125, 1125, 'Brgy. Clearance', '1.00', '50.00', '2021-02-14 21:38:29', NULL, NULL, NULL),
(1126, 1126, 'Brgy. Clearance', '1.00', '50.00', '2021-02-14 21:42:39', NULL, NULL, NULL),
(1127, 1127, 'Delivery Fee', '1.00', '1000.00', '2021-02-14 21:52:40', NULL, NULL, NULL),
(1128, 1128, 'Brgy. ID', '1.00', '200.00', '2021-02-14 21:56:36', NULL, NULL, NULL),
(1129, 1129, 'Brgy. Clearance', '1.00', '50.00', '2021-02-14 21:57:29', NULL, NULL, NULL),
(1130, 1130, 'Brgy. Clearance', '1.00', '50.00', '2021-02-14 21:58:20', NULL, NULL, NULL),
(1131, 1131, 'Brgy. Clearance', '1.00', '50.00', '2021-02-14 22:00:44', NULL, NULL, NULL),
(1132, 1132, 'Delivery Fee', '1.00', '200.00', '2021-02-14 22:01:20', NULL, NULL, NULL),
(1133, 1133, 'Utility Clearance', '1.00', '100.00', '2021-02-14 22:02:06', NULL, NULL, NULL),
(1134, 1134, 'Delivery Fee', '1.00', '200.00', '2021-02-14 22:03:11', NULL, NULL, NULL),
(1135, 1135, 'Conference Room', '1.00', '3200.00', '2021-02-14 22:03:58', NULL, NULL, NULL),
(1136, 1136, 'Utility Clearance', '1.00', '14870.00', '2021-02-14 22:05:32', NULL, NULL, NULL),
(1137, 1137, 'Delivery Fee', '1.00', '1000.00', '2021-02-14 22:06:08', NULL, NULL, NULL),
(1138, 1138, 'Court Rental', '1.00', '900.00', '2021-02-14 22:07:16', NULL, NULL, NULL),
(1139, 1139, 'Delivery Fee', '1.00', '1000.00', '2021-02-14 22:09:09', NULL, NULL, NULL),
(1140, 1140, 'Delivery Fee', '1.00', '1000.00', '2021-02-14 22:10:21', NULL, NULL, NULL),
(1141, 1141, 'Brgy. Clearance', '1.00', '50.00', '2021-02-14 22:11:40', NULL, NULL, NULL),
(1142, 1142, 'RPTS', '1.00', '173063.85', '2021-02-14 22:14:10', NULL, NULL, NULL),
(1143, 1143, 'Delivery Fee', '1.00', '400.00', '2021-02-14 22:14:44', NULL, NULL, NULL),
(1144, 1144, 'Delivery Fee', '1.00', '200.00', '2021-02-14 22:21:32', NULL, NULL, NULL),
(1145, 1145, 'Delivery Fee', '1.00', '200.00', '2021-02-14 22:22:38', NULL, NULL, NULL),
(1146, 1146, 'Delivery Fee', '1.00', '200.00', '2021-02-14 22:23:25', NULL, NULL, NULL),
(1147, 1147, 'Brgy. Clearance', '1.00', '50.00', '2021-02-14 22:41:56', NULL, NULL, NULL),
(1148, 1148, 'Delivery Fee', '1.00', '400.00', '2021-02-14 22:43:00', NULL, NULL, NULL),
(1149, 1149, 'Court Rental', '1.00', '750.00', '2021-02-14 22:43:33', NULL, NULL, NULL),
(1150, 1150, 'Delivery Fee', '1.00', '200.00', '2021-02-14 22:44:26', NULL, NULL, NULL),
(1151, 1151, 'Business Clearance', '1.00', '500.00', '2021-02-14 22:47:33', NULL, NULL, NULL),
(1152, 1152, 'Brgy. Clearance', '1.00', '50.00', '2021-02-14 22:48:11', NULL, NULL, NULL),
(1153, 1153, 'Delivery Fee', '1.00', '200.00', '2021-02-14 22:48:39', NULL, NULL, NULL),
(1154, 1154, 'Brgy. Clearance', '1.00', '50.00', '2021-02-14 22:50:07', NULL, NULL, NULL),
(1155, 1155, 'Court Rental', '1.00', '300.00', '2021-02-14 22:50:49', NULL, NULL, NULL),
(1156, 1156, 'Utility Clearance', '1.00', '100.00', '2021-02-14 22:51:29', NULL, NULL, NULL),
(1157, 1157, 'Delivery Fee', '1.00', '200.00', '2021-02-14 22:51:54', NULL, NULL, NULL),
(1158, 1158, 'Delivery Fee', '1.00', '200.00', '2021-02-14 22:52:38', NULL, NULL, NULL),
(1159, 1159, 'Delivery Fee', '1.00', '1000.00', '2021-02-14 22:56:54', NULL, NULL, NULL),
(1160, 1160, 'Complaint Fee', '1.00', '200.00', '2021-02-14 23:02:33', NULL, NULL, NULL),
(1161, 1161, 'Delivery Fee', '1.00', '200.00', '2021-02-14 23:03:08', NULL, NULL, NULL),
(1162, 1162, 'Delivery Fee', '1.00', '200.00', '2021-02-14 23:03:43', NULL, NULL, NULL),
(1163, 1163, 'Delivery Fee', '1.00', '200.00', '2021-02-14 23:04:36', NULL, NULL, NULL),
(1164, 1164, 'Court Rental', '1.00', '1500.00', '2021-02-14 23:10:17', NULL, NULL, NULL);
INSERT INTO `invoice_items` (`id`, `invoice_id`, `description`, `quantity`, `unit_price`, `created_at`, `updated_at`, `deleted_at`, `created_by`) VALUES
(1165, 1165, 'Utility Clearance', '1.00', '100.00', '2021-02-14 23:11:05', NULL, NULL, NULL),
(1166, 1166, 'Delivery Fee', '1.00', '1000.00', '2021-02-14 23:27:49', NULL, NULL, NULL),
(1167, 1167, 'Delivery Fee', '1.00', '200.00', '2021-02-14 23:28:43', NULL, NULL, NULL),
(1168, 1168, 'Contruction Clearance', '1.00', '1000.00', '2021-02-14 23:29:25', NULL, NULL, NULL),
(1169, 1169, 'Delivery Fee', '1.00', '200.00', '2021-02-14 23:29:55', NULL, NULL, NULL),
(1170, 1170, 'Delivery Fee', '1.00', '400.00', '2021-02-14 23:31:03', NULL, NULL, NULL),
(1171, 1171, 'Complaint Fee', '1.00', '200.00', '2021-02-14 23:32:02', NULL, NULL, NULL),
(1172, 1172, 'Delivery Fee', '1.00', '200.00', '2021-02-14 23:33:04', NULL, NULL, NULL),
(1173, 1173, 'Delivery Fee', '1.00', '200.00', '2021-02-14 23:33:47', NULL, NULL, NULL),
(1174, 1174, 'Brgy. Clearance', '1.00', '50.00', '2021-02-14 23:34:22', NULL, NULL, NULL),
(1175, 1175, 'Delivery Fee', '1.00', '200.00', '2021-02-14 23:36:11', NULL, NULL, NULL),
(1176, 1176, 'Delivery Fee', '1.00', '200.00', '2021-02-14 23:36:39', NULL, NULL, NULL),
(1177, 1177, 'Court Rental', '1.00', '900.00', '2021-02-14 23:38:02', NULL, NULL, NULL),
(1178, 1178, 'Delivery Fee', '1.00', '200.00', '2021-02-14 23:38:44', NULL, NULL, NULL),
(1179, 1179, 'Brgy. Clearance', '1.00', '50.00', '2021-02-14 23:39:26', NULL, NULL, NULL),
(1180, 1180, 'Delivery Fee', '1.00', '200.00', '2021-02-14 23:40:55', NULL, NULL, NULL),
(1181, 1181, 'Delivery Fee', '1.00', '200.00', '2021-02-14 23:41:33', NULL, NULL, NULL),
(1182, 1182, 'Delivery Fee', '1.00', '200.00', '2021-02-14 23:42:17', NULL, NULL, NULL),
(1183, 1183, 'Court Rental', '1.00', '900.00', '2021-02-14 23:42:52', NULL, NULL, NULL),
(1184, 1184, 'Brgy. Clearance', '1.00', '50.00', '2021-02-14 23:55:53', NULL, NULL, NULL),
(1185, 1185, 'Brgy. Clearance', '1.00', '50.00', '2021-02-14 23:56:40', NULL, NULL, NULL),
(1186, 1186, 'Brgy. Clearance', '1.00', '50.00', '2021-02-14 23:57:16', NULL, NULL, NULL),
(1187, 1187, 'Brgy. Clearance', '1.00', '50.00', '2021-02-15 00:02:10', NULL, NULL, NULL),
(1188, 1188, 'Delivery Fee', '1.00', '200.00', '2021-02-15 00:02:45', NULL, NULL, NULL),
(1189, 1189, 'Court Rental', '1.00', '100.00', '2021-02-15 00:05:59', NULL, NULL, NULL),
(1190, 1190, 'Brgy. Clearance', '1.00', '50.00', '2021-02-15 00:07:32', NULL, NULL, NULL),
(1191, 1191, 'Delivery Fee', '1.00', '200.00', '2021-02-15 00:08:28', NULL, NULL, NULL),
(1192, 1192, 'Delivery Fee', '1.00', '200.00', '2021-02-15 00:09:04', NULL, NULL, NULL),
(1193, 1193, 'Delivery Fee', '1.00', '200.00', '2021-02-15 00:11:22', NULL, NULL, NULL),
(1194, 1194, 'Utility Clearance', '1.00', '100.00', '2021-02-15 00:12:06', NULL, NULL, NULL),
(1195, 1195, 'Brgy. Clearance', '1.00', '50.00', '2021-02-15 00:13:01', NULL, NULL, NULL),
(1196, 1196, 'Court Rental', '1.00', '900.00', '2021-02-15 00:13:31', NULL, NULL, NULL),
(1197, 1197, 'Delivery Fee', '1.00', '200.00', '2021-02-15 00:14:04', NULL, NULL, NULL),
(1198, 1198, 'Brgy. Clearance', '1.00', '50.00', '2021-02-15 00:14:57', NULL, NULL, NULL),
(1199, 1199, 'Brgy. Clearance', '1.00', '50.00', '2021-02-15 00:16:12', NULL, NULL, NULL),
(1200, 1200, 'Delivery Fee', '1.00', '200.00', '2021-02-15 00:17:02', NULL, NULL, NULL),
(1201, 1201, 'Brgy. Clearance', '1.00', '50.00', '2021-02-15 00:18:55', NULL, NULL, NULL),
(1202, 1202, 'Brgy. Clearance', '1.00', '50.00', '2021-02-15 00:19:33', NULL, NULL, NULL),
(1203, 1203, 'Utility Clearance', '1.00', '100.00', '2021-02-15 00:23:19', NULL, NULL, NULL),
(1204, 1204, 'Brgy. Clearance', '1.00', '50.00', '2021-02-15 00:24:19', NULL, NULL, NULL),
(1205, 1205, 'Delivery Fee', '1.00', '200.00', '2021-02-15 00:25:28', NULL, NULL, NULL),
(1206, 1206, 'Delivery Fee', '1.00', '200.00', '2021-02-15 00:26:37', NULL, NULL, NULL),
(1207, 1207, 'Delivery Fee', '1.00', '600.00', '2021-02-15 00:27:07', NULL, NULL, NULL),
(1208, 1208, 'Delivery Fee', '1.00', '200.00', '2021-02-15 00:27:34', NULL, NULL, NULL),
(1209, 1209, 'Delivery Fee', '1.00', '600.00', '2021-02-15 00:28:04', NULL, NULL, NULL),
(1210, 1210, 'Brgy. ID', '1.00', '50.00', '2021-02-15 00:29:41', NULL, NULL, NULL),
(1211, 1211, 'Delivery Fee', '1.00', '200.00', '2021-02-15 00:30:10', NULL, NULL, NULL),
(1212, 1212, 'Delivery Fee', '1.00', '200.00', '2021-02-15 00:30:39', NULL, NULL, NULL),
(1213, 1213, 'Delivery Fee', '1.00', '200.00', '2021-02-15 00:31:07', NULL, NULL, NULL),
(1214, 1214, 'Delivery Fee', '1.00', '200.00', '2021-02-15 00:31:30', NULL, NULL, NULL),
(1215, 1215, 'Delivery Fee', '1.00', '400.00', '2021-02-15 00:34:38', NULL, NULL, NULL),
(1216, 1216, 'Brgy. Clearance', '0.00', '50.00', '2021-02-16 17:17:18', '2021-02-16 17:19:22', NULL, NULL),
(1217, 1217, 'Court Rental', '1.00', '600.00', '2021-02-16 17:19:00', NULL, NULL, NULL),
(1218, 1218, 'Delivery Fee', '1.00', '200.00', '2021-02-16 17:20:08', NULL, NULL, NULL),
(1219, 1219, 'Delivery Fee', '1.00', '400.00', '2021-02-16 17:20:46', NULL, NULL, NULL),
(1220, 1220, 'Delivery Fee', '1.00', '200.00', '2021-02-16 17:21:12', NULL, NULL, NULL),
(1221, 1221, 'Activity Area', '1.00', '8000.00', '2021-02-16 17:33:20', NULL, NULL, NULL),
(1222, 1222, 'Delivery Fee', '1.00', '200.00', '2021-02-16 17:33:51', NULL, NULL, NULL),
(1223, 1223, 'Delivery Fee', '1.00', '200.00', '2021-02-16 17:34:23', NULL, NULL, NULL),
(1224, 1224, 'Court Rental', '1.00', '1350.00', '2021-02-16 17:34:55', NULL, NULL, NULL),
(1225, 1225, 'Delivery Fee', '1.00', '200.00', '2021-02-16 17:35:28', NULL, NULL, NULL),
(1226, 1226, 'Activity Area', '1.00', '8000.00', '2021-02-16 17:35:59', NULL, NULL, NULL),
(1227, 1227, 'Delivery Fee', '1.00', '200.00', '2021-02-16 17:36:34', NULL, NULL, NULL),
(1228, 1228, 'Refund', '1.00', '15000.00', '2021-02-16 17:37:34', NULL, NULL, NULL),
(1229, 1229, 'Delivery Fee', '1.00', '200.00', '2021-02-16 17:38:06', NULL, NULL, NULL),
(1230, 1230, 'Delivery Fee', '1.00', '200.00', '2021-02-16 17:38:36', NULL, NULL, NULL),
(1231, 1231, 'Delivery Fee', '1.00', '200.00', '2021-02-16 17:39:10', NULL, NULL, NULL),
(1232, 1232, 'Brgy. Clearance', '1.00', '50.00', '2021-02-16 17:39:56', NULL, NULL, NULL),
(1233, 1233, 'Delivery Fee', '1.00', '200.00', '2021-02-16 17:40:27', NULL, NULL, NULL),
(1234, 1234, 'Delivery Fee', '1.00', '200.00', '2021-02-16 17:41:15', NULL, NULL, NULL),
(1235, 1235, 'Delivery Fee', '1.00', '400.00', '2021-02-16 17:42:49', NULL, NULL, NULL),
(1236, 1236, 'Delivery Fee', '1.00', '200.00', '2021-02-16 17:43:28', NULL, NULL, NULL),
(1237, 1237, 'Delivery Fee', '1.00', '200.00', '2021-02-16 17:44:00', NULL, NULL, NULL),
(1238, 1238, 'Delivery Fee', '1.00', '200.00', '2021-02-16 17:44:33', NULL, NULL, NULL),
(1239, 1239, 'Court Rental', '1.00', '1350.00', '2021-02-16 17:45:31', NULL, NULL, NULL),
(1240, 1240, 'Delivery Fee', '1.00', '200.00', '2021-02-16 17:46:05', NULL, NULL, NULL),
(1241, 1241, 'Brgy. Clearance', '1.00', '50.00', '2021-02-16 17:46:40', NULL, NULL, NULL),
(1242, 1242, 'Conference Room', '1.00', '4800.00', '2021-02-16 17:47:40', NULL, NULL, NULL),
(1243, 1243, 'Delivery Fee', '1.00', '200.00', '2021-02-16 17:48:12', NULL, NULL, NULL),
(1244, 1244, 'Court Rental', '1.00', '100.00', '2021-02-16 17:49:31', NULL, NULL, NULL),
(1245, 1245, 'Delivery Fee', '1.00', '200.00', '2021-02-16 17:50:23', NULL, NULL, NULL),
(1246, 1246, 'Brgy. Clearance', '1.00', '50.00', '2021-02-16 17:51:22', NULL, NULL, NULL),
(1247, 1247, 'Brgy. Clearance', '1.00', '50.00', '2021-02-16 17:51:51', NULL, NULL, NULL),
(1248, 1248, 'Delivery Fee', '1.00', '200.00', '2021-02-16 17:52:27', NULL, NULL, NULL),
(1249, 1249, 'Delivery Fee', '1.00', '200.00', '2021-02-16 17:52:57', NULL, NULL, NULL),
(1250, 1250, 'Delivery Fee', '1.00', '200.00', '2021-02-16 17:53:31', NULL, NULL, NULL),
(1251, 1251, 'Court Rental', '1.00', '450.00', '2021-02-16 17:54:13', NULL, NULL, NULL),
(1252, 1252, 'Brgy. Clearance', '1.00', '50.00', '2021-02-16 17:56:06', NULL, NULL, NULL),
(1253, 1253, 'Delivery Fee', '1.00', '200.00', '2021-02-16 17:57:02', NULL, NULL, NULL),
(1254, 1254, 'Delivery Fee', '1.00', '200.00', '2021-02-16 17:58:30', NULL, NULL, NULL),
(1255, 1255, 'Court Rental', '1.00', '900.00', '2021-02-16 17:59:32', NULL, NULL, NULL),
(1256, 1256, 'Damage Post', '1.00', '10000.00', '2021-02-16 18:27:11', NULL, NULL, NULL),
(1257, 1257, 'Brgy. ID', '1.00', '50.00', '2021-02-16 18:28:22', NULL, NULL, NULL),
(1258, 1258, 'Brgy. Clearance', '1.00', '50.00', '2021-02-16 18:29:00', NULL, NULL, NULL),
(1259, 1259, 'Utility Clearance', '1.00', '100.00', '2021-02-16 18:29:51', NULL, NULL, NULL),
(1260, 1260, 'Delivery Fee', '1.00', '200.00', '2021-02-16 18:30:17', NULL, NULL, NULL),
(1261, 1261, 'Closure business', '0.00', '50.00', '2021-02-16 18:46:07', '2021-02-16 18:48:45', NULL, NULL),
(1262, 1262, 'Brgy. Clearance', '1.00', '50.00', '2021-02-16 18:52:44', NULL, NULL, NULL),
(1263, 1263, 'Delivery Fee', '1.00', '1000.00', '2021-02-16 18:53:57', NULL, NULL, NULL),
(1264, 1264, 'Business Clearance', '1.00', '500.00', '2021-02-16 18:55:25', NULL, NULL, NULL),
(1265, 1265, 'Delivery Fee', '1.00', '200.00', '2021-02-16 18:56:17', NULL, NULL, NULL),
(1266, 1266, 'Delivery Fee', '1.00', '200.00', '2021-02-16 18:57:56', NULL, NULL, NULL),
(1267, 1267, 'Court Rental', '1.00', '200.00', '2021-02-16 18:59:28', NULL, NULL, NULL),
(1268, 1268, 'Brgy. Clearance', '1.00', '50.00', '2021-02-16 19:01:48', NULL, NULL, NULL),
(1269, 1269, 'Brgy. Clearance', '1.00', '50.00', '2021-02-16 19:09:46', NULL, NULL, NULL),
(1270, 1270, 'Delivery Fee', '1.00', '200.00', '2021-02-16 19:11:51', NULL, NULL, NULL),
(1271, 1271, 'Brgy. Clearance', '1.00', '50.00', '2021-02-16 19:12:32', NULL, NULL, NULL),
(1272, 1272, 'Brgy. Clearance', '1.00', '100.00', '2021-02-16 19:15:16', NULL, NULL, NULL),
(1273, 1273, 'Brgy. ID', '1.00', '50.00', '2021-02-16 19:17:43', NULL, NULL, NULL),
(1274, 1274, 'Brgy. Clearance', '1.00', '50.00', '2021-02-16 19:19:23', NULL, NULL, NULL),
(1275, 1275, 'Brgy. Clearance', '1.00', '50.00', '2021-02-16 19:20:29', NULL, NULL, NULL),
(1276, 1276, 'Brgy. Clearance', '1.00', '50.00', '2021-02-16 19:21:53', NULL, NULL, NULL),
(1277, 1277, 'Court Rental', '1.00', '1350.00', '2021-02-16 19:23:00', NULL, NULL, NULL),
(1278, 1278, 'Complaint Fee', '1.00', '200.00', '2021-02-16 19:24:50', NULL, NULL, NULL),
(1279, 1279, 'Brgy. Clearance', '1.00', '50.00', '2021-02-16 19:26:23', NULL, NULL, NULL),
(1280, 1280, 'Business Clearance', '1.00', '500.00', '2021-02-16 19:27:19', NULL, NULL, NULL),
(1281, 1281, 'Delivery Fee', '1.00', '200.00', '2021-02-16 19:27:44', NULL, NULL, NULL),
(1282, 1282, 'Delivery Fee', '1.00', '1000.00', '2021-02-16 19:28:17', NULL, NULL, NULL),
(1283, 1283, 'Brgy. Clearance', '1.00', '100.00', '2021-02-16 19:29:03', NULL, NULL, NULL),
(1284, 1284, 'Business Clearance', '1.00', '500.00', '2021-02-16 19:41:45', NULL, NULL, NULL);

-- --------------------------------------------------------

--
-- Table structure for table `migrations`
--

CREATE TABLE `migrations` (
  `id` int(10) UNSIGNED NOT NULL,
  `migration` varchar(191) COLLATE utf8mb4_unicode_ci NOT NULL,
  `batch` int(11) NOT NULL,
  `created_by` bigint(20) UNSIGNED DEFAULT NULL
) ENGINE=InnoDB DEFAULT CHARSET=utf8mb4 COLLATE=utf8mb4_unicode_ci;

--
-- Dumping data for table `migrations`
--

INSERT INTO `migrations` (`id`, `migration`, `batch`, `created_by`) VALUES
(1, '2014_10_12_000000_create_users_table', 1, NULL),
(2, '2014_10_12_100000_create_password_resets_table', 1, NULL),
(3, '2019_08_19_000000_create_failed_jobs_table', 1, NULL),
(4, '2020_01_15_133304_create_categories_table', 1, NULL),
(5, '2020_01_15_133918_create_suppliers_table', 1, NULL),
(6, '2020_01_15_134253_create_inventory_statuses_table', 1, NULL),
(7, '2020_01_15_134442_create_signatories_table', 1, NULL),
(8, '2020_01_17_032311_create_units_table', 1, NULL),
(9, '2020_01_19_145224_create_account_groups_table', 1, NULL),
(10, '2020_01_19_145515_create_account_ledgers_table', 1, NULL),
(11, '2020_01_19_150634_create_roles_table', 1, NULL),
(12, '2020_01_19_150635_create_assigned_users_table', 1, NULL),
(13, '2020_01_19_150636_create_r_o_a_s_table', 1, NULL),
(14, '2020_01_19_150956_create_disbursement_vouchers_table', 1, NULL),
(15, '2020_01_19_151459_create_budget_allocations_table', 1, NULL),
(16, '2020_01_19_151704_create_budget_allocation_items_table', 1, NULL),
(17, '2020_01_19_152635_create_inventory_names_table', 1, NULL),
(18, '2020_01_19_152636_create_inventories_table', 1, NULL),
(19, '2020_01_19_153116_create_purchase_requests_table', 1, NULL),
(20, '2020_01_19_153354_create_purchase_request_items_table', 1, NULL),
(21, '2020_01_19_154236_create_canvasses_table', 1, NULL),
(22, '2020_01_19_154713_create_canvass_items_table', 1, NULL),
(23, '2020_01_20_014724_create_purchase_orders_table', 1, NULL),
(24, '2020_01_20_020915_create_receivings_table', 1, NULL),
(25, '2020_01_20_021521_create_receiving_items_table', 1, NULL),
(26, '2020_01_20_022455_create_assets_table', 1, NULL),
(27, '2020_01_20_023715_create_assigned_supplies_table', 1, NULL),
(28, '2020_01_20_023729_create_assigned_supply_items_table', 1, NULL),
(29, '2020_01_22_011156_create_budget_allocation_groups_table', 1, NULL),
(30, '2020_01_22_015254_create_invoices_table', 1, NULL),
(31, '2020_01_22_015626_create_invoice_items_table', 1, NULL),
(32, '2020_01_22_075833_create_documents_table', 1, NULL),
(33, '2020_01_22_080054_create_signatory_templates_table', 1, NULL),
(34, '2020_01_22_080331_create_template_signees_table', 1, NULL),
(35, '2020_01_24_071258_create_modules_table', 1, NULL),
(36, '2020_02_23_061317_create_banks_table', 1, NULL),
(37, '2020_02_23_061444_create_payment_methods_table', 1, NULL),
(38, '2020_02_23_061455_create_payments_table', 1, NULL),
(39, '2020_02_26_024958_create_payrolls_table', 1, NULL),
(40, '2020_02_26_025230_create_payroll_items_table', 1, NULL),
(41, '2020_02_26_025734_create_cedulas_table', 1, NULL),
(42, '2020_03_04_085329_add_column_disbursement_vouchers', 1, NULL),
(43, '2020_03_06_012435_create_transactions_table', 1, NULL),
(44, '2020_03_24_015935_create_version_table', 1, NULL),
(45, '2020_05_20_015044_create__o_r__pad', 1, NULL),
(46, '2020_05_20_060935_change__r_o_a', 1, NULL),
(47, '2020_05_22_021114_add_column_roas', 1, NULL),
(48, '2020_05_28_054854_add_disbursement_vouchers', 1, NULL),
(49, '2020_06_01_063912_create__d_v__p_a_d', 1, NULL),
(50, '2020_06_04_072427_create_cedula_pad', 1, NULL),
(51, '2020_06_04_072432_add_column_cedula', 1, NULL),
(52, '2020_06_04_091139_add_remarks_to_inventories_table', 1, NULL),
(53, '2020_06_05_092557_add_column_cedulas', 1, NULL),
(54, '2020_06_16_013147_add_column__d_v', 1, NULL),
(55, '2020_06_16_081727_add_column__assets', 1, NULL),
(56, '2020_06_18_044343_add_column_general_users', 1, NULL),
(57, '2020_06_25_040922_change_column_cedula', 1, NULL),
(58, '2020_07_03_095418_add_column_po', 1, NULL),
(59, '2020_07_08_054358_change_table_pr_item', 1, NULL),
(60, '2020_07_08_054501_change_table_can_item', 1, NULL),
(61, '2020_07_09_031446_change_table_recei_item', 1, NULL),
(62, '2020_07_13_075912_change_table_invotory', 1, NULL),
(63, '2021_02_26_024351_add_column_created_by', 1, NULL),
(64, '2021_01_06_035027_add_column_voucher_no_in_disbursement_vouchers', 2, NULL),
(65, '2021_01_06_050657_add_column_pr_no_in_purchase_requests', 2, NULL),
(66, '2021_01_06_053705_add_column_po_no_in_purchase_orders', 2, NULL),
(67, '2021_01_07_015153_add_column_paid_into_in_payments', 2, NULL);

-- --------------------------------------------------------

--
-- Table structure for table `modules`
--

CREATE TABLE `modules` (
  `id` bigint(20) UNSIGNED NOT NULL,
  `module_id` bigint(20) UNSIGNED DEFAULT NULL,
  `name` varchar(191) COLLATE utf8mb4_unicode_ci NOT NULL,
  `is_enabled` tinyint(4) NOT NULL DEFAULT 1,
  `icon` varchar(191) COLLATE utf8mb4_unicode_ci DEFAULT NULL,
  `route` varchar(191) COLLATE utf8mb4_unicode_ci DEFAULT '#',
  `created_at` timestamp NULL DEFAULT NULL,
  `updated_at` timestamp NULL DEFAULT NULL,
  `deleted_at` timestamp NULL DEFAULT NULL,
  `created_by` bigint(20) UNSIGNED DEFAULT NULL
) ENGINE=InnoDB DEFAULT CHARSET=utf8mb4 COLLATE=utf8mb4_unicode_ci;

--
-- Dumping data for table `modules`
--

INSERT INTO `modules` (`id`, `module_id`, `name`, `is_enabled`, `icon`, `route`, `created_at`, `updated_at`, `deleted_at`, `created_by`) VALUES
(1, NULL, 'Dashboard', 1, 'fa fa-dashboard', '/home', '2020-03-03 10:12:17', '2020-03-03 10:12:17', NULL, NULL),
(2, NULL, 'Accounting', 1, 'fa fa-money', '#submenu2', '2020-03-03 10:12:17', '2020-03-03 10:12:17', NULL, NULL),
(3, NULL, 'Procurement', 1, 'fa fa-tasks', '#procurement', '2020-03-03 10:12:17', '2020-03-03 10:12:17', NULL, NULL),
(4, NULL, 'Inventory', 1, 'fa fa-cubes', '#receiving', '2020-03-03 10:12:17', '2020-03-03 10:12:17', NULL, NULL),
(5, NULL, 'Setup', 1, 'fa  fa-cog', '#setup', '2020-03-03 10:12:17', '2020-03-03 10:12:17', NULL, NULL),
(6, 2, 'Chart of Accounts', 1, NULL, '/accounting/chart-account', '2020-03-03 10:12:17', '2020-03-03 10:12:17', NULL, NULL),
(7, 2, 'Transactions', 1, NULL, '#transactions', '2020-03-03 10:12:17', '2020-03-03 10:12:17', NULL, NULL),
(8, 2, 'Budget Allocation', 1, NULL, '/accounting/budget-allocation', '2020-03-03 10:12:17', '2020-03-03 10:12:17', NULL, NULL),
(9, 26, 'ROA/DV', 1, NULL, '/accounting/disbursement-voucher', '2020-03-03 10:12:17', '2020-03-03 10:12:17', NULL, NULL),
(10, 27, 'OR', 1, NULL, '/accounting/invoice', '2020-03-03 10:12:17', '2020-03-03 10:12:17', NULL, NULL),
(11, 3, 'Purchase Request', 1, NULL, '/procurement/purchase-request', '2020-03-03 10:12:17', '2020-03-03 10:12:17', NULL, NULL),
(12, 3, 'Canvassing', 1, NULL, '/procurement/canvassing', '2020-03-03 10:12:17', '2020-03-03 10:12:17', NULL, NULL),
(13, 3, 'Purchase Order', 1, NULL, '/procurement/purchase-order', '2020-03-03 10:12:17', '2020-03-03 10:12:17', NULL, NULL),
(14, 4, 'Receiving', 1, NULL, '/inventory/receiving', '2020-03-03 10:12:17', '2020-03-03 10:12:17', NULL, NULL),
(15, 4, 'Capital Expenditures', 1, NULL, '/inventory/office-equipment', '2020-03-03 10:12:17', '2020-03-03 10:12:17', NULL, NULL),
(16, 4, 'Operational Expenditures', 1, NULL, '/inventory/consumable', '2020-03-03 10:12:17', '2020-03-03 10:12:17', NULL, NULL),
(17, 4, 'Assign Assets & Supplies', 1, NULL, '/inventory/assign-equipment', '2020-03-03 10:12:17', '2020-03-03 10:12:17', NULL, NULL),
(18, 5, 'Account', 1, NULL, '/setup/account', '2020-03-03 10:12:17', '2020-03-03 10:12:17', NULL, NULL),
(19, 5, 'Categories', 1, NULL, '/setup/category', '2020-03-03 10:12:17', '2020-03-03 10:12:17', NULL, NULL),
(20, 5, 'Suppliers', 1, NULL, '/setup/supplier', '2020-03-03 10:12:17', '2020-03-03 10:12:17', NULL, NULL),
(21, 5, 'Inventory Status', 1, NULL, '/setup/inventory-status', '2020-03-03 10:12:17', '2020-03-03 10:12:17', NULL, NULL),
(22, 5, 'Signatories', 0, NULL, '#signatories', '2020-03-03 10:12:17', '2020-03-03 10:12:17', '2020-03-26 10:37:00', NULL),
(23, 22, 'New Signatory', 1, NULL, '/setup/signatory', '2020-03-03 10:12:17', '2020-03-03 10:12:17', NULL, NULL),
(24, 22, 'Signatory Templates', 1, NULL, '/setup/template-signatories', '2020-03-03 10:12:17', '2020-03-03 10:12:17', NULL, NULL),
(25, 4, 'Create Inventory', 1, NULL, '/inventory/new-inventory', '2020-03-03 10:12:17', '2020-03-03 10:12:17', NULL, NULL),
(26, 7, 'Bills', 1, NULL, '#bills', '2020-03-03 10:12:17', '2020-03-03 10:12:17', NULL, NULL),
(27, 7, 'Invoice', 1, NULL, '#invoice', '2020-03-03 10:12:17', '2020-03-03 10:12:17', NULL, NULL),
(28, 26, 'Payroll', 1, NULL, '/accounting/payroll', '2020-03-03 10:12:17', '2020-03-03 10:12:17', NULL, NULL),
(29, 27, 'Cedula', 1, NULL, '/accounting/cedula', '2020-03-03 10:12:17', '2020-03-03 10:12:17', NULL, NULL),
(30, NULL, 'Reports', 1, 'fa fa-file', '/reports', '2020-03-03 10:12:17', '2020-03-03 10:12:17', NULL, NULL),
(31, 2, 'Banks', 1, NULL, '/accounting/bank', '2020-04-02 08:37:12', '2020-04-02 08:37:12', NULL, NULL);

-- --------------------------------------------------------

--
-- Table structure for table `or_pad`
--

CREATE TABLE `or_pad` (
  `id` bigint(20) UNSIGNED NOT NULL,
  `or_pad_start` bigint(20) UNSIGNED NOT NULL,
  `or_pad_quantity` bigint(20) UNSIGNED NOT NULL,
  `deleted_at` timestamp NULL DEFAULT NULL,
  `created_at` timestamp NULL DEFAULT NULL,
  `updated_at` timestamp NULL DEFAULT NULL,
  `created_by` bigint(20) UNSIGNED DEFAULT NULL
) ENGINE=InnoDB DEFAULT CHARSET=utf8mb4 COLLATE=utf8mb4_unicode_ci;

--
-- Dumping data for table `or_pad`
--

INSERT INTO `or_pad` (`id`, `or_pad_start`, `or_pad_quantity`, `deleted_at`, `created_at`, `updated_at`, `created_by`) VALUES
(1, 9000, 50, NULL, '2020-11-05 00:52:23', NULL, NULL);

-- --------------------------------------------------------

--
-- Table structure for table `password_resets`
--

CREATE TABLE `password_resets` (
  `email` varchar(191) COLLATE utf8mb4_unicode_ci NOT NULL,
  `token` varchar(191) COLLATE utf8mb4_unicode_ci NOT NULL,
  `created_at` timestamp NULL DEFAULT NULL,
  `created_by` bigint(20) UNSIGNED DEFAULT NULL
) ENGINE=InnoDB DEFAULT CHARSET=utf8mb4 COLLATE=utf8mb4_unicode_ci;

-- --------------------------------------------------------

--
-- Table structure for table `payments`
--

CREATE TABLE `payments` (
  `id` bigint(20) UNSIGNED NOT NULL,
  `bank_id` bigint(20) UNSIGNED NOT NULL,
  `payment_id` bigint(20) UNSIGNED NOT NULL,
  `payable_type` varchar(191) COLLATE utf8mb4_unicode_ci NOT NULL,
  `payable_id` bigint(20) NOT NULL,
  `paid_into` varchar(191) COLLATE utf8mb4_unicode_ci DEFAULT NULL,
  `date_received` date NOT NULL,
  `amount_received` decimal(12,2) NOT NULL,
  `is_cancelled` tinyint(1) NOT NULL,
  `created_at` timestamp NULL DEFAULT NULL,
  `updated_at` timestamp NULL DEFAULT NULL,
  `deleted_at` timestamp NULL DEFAULT NULL,
  `created_by` bigint(20) UNSIGNED DEFAULT NULL
) ENGINE=InnoDB DEFAULT CHARSET=utf8mb4 COLLATE=utf8mb4_unicode_ci;

--
-- Dumping data for table `payments`
--

INSERT INTO `payments` (`id`, `bank_id`, `payment_id`, `payable_type`, `payable_id`, `paid_into`, `date_received`, `amount_received`, `is_cancelled`, `created_at`, `updated_at`, `deleted_at`, `created_by`) VALUES
(1, 1, 2, 'App\\Invoice', 5, NULL, '2020-11-05', '9600.00', 0, '2020-11-04 16:47:33', NULL, NULL, NULL),
(2, 1, 2, 'App\\Invoice', 6, NULL, '2020-11-05', '200.00', 0, '2020-11-04 16:50:17', NULL, NULL, NULL),
(3, 1, 2, 'App\\Invoice', 7, 'Barangay Blue Ridge B', '2020-01-02', '200.00', 0, '2021-01-19 14:32:38', NULL, NULL, NULL),
(4, 1, 2, 'App\\Invoice', 449, 'Barangay Blue Ridge B', '2020-06-09', '126837.00', 0, '2021-01-19 14:33:48', NULL, NULL, NULL),
(5, 1, 2, 'App\\Invoice', 448, 'Barangay Blue Ridge B', '2020-06-04', '50.00', 0, '2021-01-19 14:35:22', NULL, NULL, NULL),
(6, 1, 2, 'App\\Invoice', 447, 'Barangay Blue Ridge B', '2020-06-03', '50.00', 0, '2021-01-19 14:36:20', NULL, NULL, NULL),
(7, 1, 2, 'App\\Invoice', 446, 'Barangay Blue Ridge B', '2020-06-03', '300.00', 0, '2021-01-19 14:37:10', NULL, NULL, NULL),
(8, 1, 2, 'App\\Invoice', 445, 'Barangay Blue Ridge B', '2020-05-22', '50.00', 0, '2021-01-19 14:37:51', NULL, NULL, NULL),
(9, 1, 2, 'App\\Invoice', 451, 'Barangay Blue Ridge B', '2020-06-10', '5636.00', 0, '2021-01-19 15:02:31', NULL, NULL, NULL),
(10, 1, 2, 'App\\Invoice', 452, 'Barangay Blue Ridge B', '2020-06-10', '4000.00', 0, '2021-01-19 15:03:15', NULL, NULL, NULL),
(11, 1, 2, 'App\\Invoice', 453, 'Barangay Blue Ridge B', '2020-06-09', '200.00', 0, '2021-01-19 15:05:20', NULL, NULL, NULL),
(12, 1, 2, 'App\\Invoice', 454, 'Barangay Blue Ridge B', '2020-06-09', '50.00', 0, '2021-01-19 15:09:06', NULL, NULL, NULL),
(13, 1, 2, 'App\\Invoice', 455, 'Barangay Blue Ridge B', '2020-06-09', '360000.00', 0, '2021-01-19 15:27:49', NULL, NULL, NULL),
(14, 1, 2, 'App\\Invoice', 8, 'Barangay Blue Ridge B', '2020-01-02', '200.00', 0, '2021-01-19 15:40:59', NULL, NULL, NULL),
(15, 1, 2, 'App\\Invoice', 456, 'Barangay Blue Ridge B', '2020-06-14', '24000.00', 0, '2021-01-19 15:42:13', NULL, NULL, NULL),
(16, 1, 2, 'App\\Invoice', 457, 'Barangay Blue Ridge B', '2020-06-15', '26000.00', 0, '2021-01-19 15:42:58', NULL, NULL, NULL),
(17, 1, 2, 'App\\Invoice', 458, 'Barangay Blue Ridge B', '2020-06-15', '200.00', 0, '2021-01-19 15:43:33', NULL, NULL, NULL),
(18, 1, 2, 'App\\Invoice', 459, 'Barangay Blue Ridge B', '2020-06-15', '100.00', 0, '2021-01-19 15:45:25', NULL, NULL, NULL),
(19, 1, 2, 'App\\Invoice', 460, 'Barangay Blue Ridge B', '2020-01-17', '50.00', 0, '2021-01-19 15:52:07', NULL, NULL, NULL),
(20, 1, 2, 'App\\Invoice', 9, 'Barangay Blue Ridge B', '2020-01-02', '100.00', 0, '2021-01-19 16:11:48', NULL, NULL, NULL),
(21, 1, 2, 'App\\Invoice', 10, 'Barangay Blue Ridge B', '2020-01-02', '100.00', 0, '2021-01-19 16:12:30', NULL, NULL, NULL),
(22, 1, 2, 'App\\Invoice', 11, 'Barangay Blue Ridge B', '2020-01-01', '200.00', 0, '2021-01-19 16:12:58', NULL, NULL, NULL),
(23, 1, 2, 'App\\Invoice', 12, 'Barangay Blue Ridge B', '2020-01-02', '400.00', 0, '2021-01-19 16:13:30', NULL, NULL, NULL),
(24, 1, 2, 'App\\Invoice', 13, 'Barangay Blue Ridge B', '2020-01-06', '200.00', 0, '2021-01-19 16:13:59', NULL, NULL, NULL),
(25, 1, 2, 'App\\Invoice', 14, 'Barangay Blue Ridge B', '2020-01-02', '500.00', 0, '2021-01-19 16:14:33', NULL, NULL, NULL),
(26, 1, 2, 'App\\Invoice', 15, 'Barangay Blue Ridge B', '2020-01-06', '800.00', 0, '2021-01-19 16:27:05', NULL, NULL, NULL),
(27, 1, 3, 'App\\DisbursementVoucher', 1, 'Manila Water', '2020-01-22', '13334.97', 0, '2021-01-21 02:10:54', NULL, NULL, NULL),
(28, 1, 3, 'App\\DisbursementVoucher', 22, 'MERALCO', '2020-01-14', '3536.99', 0, '2021-01-25 22:38:03', NULL, NULL, NULL),
(29, 1, 3, 'App\\DisbursementVoucher', 40, 'Augusto D. Ilagan', '2020-06-19', '3400.00', 0, '2021-02-01 22:20:33', NULL, NULL, NULL),
(30, 1, 2, 'App\\Payroll', 1, 'Doctor Mallari, Iniego, Monzon, Rodas', '2021-01-11', '18000.00', 0, '2021-02-17 00:26:04', NULL, NULL, NULL),
(31, 1, 2, 'App\\Invoice', 514, 'Barangay Blue Ridge B.', '2020-10-14', '400.00', 0, '2021-03-02 22:41:09', NULL, NULL, NULL),
(32, 1, 3, 'App\\DisbursementVoucher', 50, 'Gregory Lim', '2020-04-15', '25189.00', 0, '2021-03-02 22:46:40', NULL, NULL, NULL),
(33, 1, 3, 'App\\DisbursementVoucher', 11, 'Michell V. Meniano', '2020-01-24', '14385.14', 0, '2021-03-02 22:49:00', NULL, NULL, NULL),
(34, 1, 3, 'App\\DisbursementVoucher', 5, 'Infinus  Corporation', '2020-01-08', '212566.96', 0, '2021-03-04 18:24:28', NULL, NULL, NULL),
(35, 1, 3, 'App\\DisbursementVoucher', 56, 'MICHELL V. MENIANO', '2021-02-08', '3252.00', 0, '2021-03-04 20:02:11', NULL, NULL, NULL),
(36, 1, 3, 'App\\DisbursementVoucher', 57, 'MERALCO', '2021-02-22', '18093.64', 0, '2021-03-04 22:26:23', NULL, NULL, NULL),
(37, 1, 3, 'App\\DisbursementVoucher', 2, 'MERALCO', '2020-01-08', '5744.45', 0, '2021-03-04 22:59:27', NULL, NULL, NULL),
(38, 1, 3, 'App\\DisbursementVoucher', 58, 'MICHELL V. MENIANO', '2020-06-15', '14668.11', 0, '2021-03-04 23:04:25', NULL, NULL, NULL),
(39, 1, 3, 'App\\DisbursementVoucher', 3, 'MERALCO', '2020-01-14', '19787.81', 0, '2021-03-08 16:31:42', NULL, NULL, NULL),
(40, 1, 3, 'App\\DisbursementVoucher', 9, 'Yolanda M. Legara', '2020-01-22', '24560.00', 0, '2021-03-08 16:33:07', NULL, NULL, NULL),
(41, 1, 3, 'App\\DisbursementVoucher', 4, 'Jose Azarcon', '2020-01-24', '10000.00', 0, '2021-03-08 16:34:11', NULL, NULL, NULL),
(42, 1, 2, 'App\\DisbursementVoucher', 6, 'Michell V. Meniano', '2020-01-24', '4390.00', 0, '2021-03-08 16:35:25', NULL, NULL, NULL),
(43, 1, 3, 'App\\DisbursementVoucher', 7, 'Michell V. Meniano', '2020-01-24', '1515.00', 0, '2021-03-08 16:48:19', NULL, NULL, NULL),
(44, 1, 3, 'App\\DisbursementVoucher', 62, 'EastWest Bank', '2021-02-08', '1899.00', 0, '2021-03-10 00:28:03', NULL, NULL, NULL),
(45, 1, 3, 'App\\DisbursementVoucher', 63, 'BPI', '2021-02-22', '1682.58', 0, '2021-03-10 01:22:43', NULL, NULL, NULL),
(46, 1, 3, 'App\\DisbursementVoucher', 64, 'BDO', '2021-01-06', '10500.00', 0, '2021-03-10 19:23:23', NULL, NULL, NULL),
(47, 1, 3, 'App\\DisbursementVoucher', 65, 'The SM Store-Savemore Araneta', '2021-02-09', '16430.47', 0, '2021-03-10 22:24:36', NULL, NULL, NULL),
(48, 1, 3, 'App\\DisbursementVoucher', 54, 'MICHELL V. MENIANO', '2020-05-08', '11854.75', 0, '2021-03-10 23:53:59', NULL, NULL, NULL),
(49, 1, 3, 'App\\DisbursementVoucher', 53, 'Innove Communications, Inc.', '2020-05-08', '1899.00', 0, '2021-03-17 00:30:29', NULL, NULL, NULL),
(50, 1, 3, 'App\\DisbursementVoucher', 76, 'Augusto D. Ilagan', '2021-02-08', '3610.00', 0, '2021-03-22 01:01:46', NULL, NULL, NULL),
(51, 1, 3, 'App\\DisbursementVoucher', 86, 'MICHELL V. MENIANO', '2021-02-08', '3902.00', 0, '2021-03-24 22:01:31', NULL, NULL, NULL);

-- --------------------------------------------------------

--
-- Table structure for table `payment_methods`
--

CREATE TABLE `payment_methods` (
  `id` bigint(20) UNSIGNED NOT NULL,
  `name` varchar(191) COLLATE utf8mb4_unicode_ci NOT NULL,
  `created_at` timestamp NULL DEFAULT NULL,
  `updated_at` timestamp NULL DEFAULT NULL,
  `deleted_at` timestamp NULL DEFAULT NULL,
  `created_by` bigint(20) UNSIGNED DEFAULT NULL
) ENGINE=InnoDB DEFAULT CHARSET=utf8mb4 COLLATE=utf8mb4_unicode_ci;

--
-- Dumping data for table `payment_methods`
--

INSERT INTO `payment_methods` (`id`, `name`, `created_at`, `updated_at`, `deleted_at`, `created_by`) VALUES
(1, 'Bank Transfer', '2020-05-13 09:09:59', '2020-05-13 09:09:59', NULL, NULL),
(2, 'Cash', '2020-05-13 09:09:59', '2020-05-13 09:09:59', NULL, NULL),
(3, 'Check', '2020-05-13 09:09:59', '2020-05-13 09:09:59', NULL, NULL),
(4, 'Credit Card', '2020-05-13 09:09:59', '2020-05-13 09:09:59', NULL, NULL);

-- --------------------------------------------------------

--
-- Table structure for table `payrolls`
--

CREATE TABLE `payrolls` (
  `id` bigint(20) UNSIGNED NOT NULL,
  `barangay` varchar(191) COLLATE utf8mb4_unicode_ci NOT NULL,
  `treasurer` varchar(191) COLLATE utf8mb4_unicode_ci NOT NULL,
  `city_municipality` varchar(191) COLLATE utf8mb4_unicode_ci NOT NULL,
  `province` varchar(191) COLLATE utf8mb4_unicode_ci NOT NULL,
  `payroll_number` varchar(191) COLLATE utf8mb4_unicode_ci NOT NULL,
  `ledger_id` bigint(20) UNSIGNED NOT NULL,
  `date_from` date NOT NULL,
  `date_to` date NOT NULL,
  `due_date` date DEFAULT NULL,
  `created_at` timestamp NULL DEFAULT NULL,
  `updated_at` timestamp NULL DEFAULT NULL,
  `deleted_at` timestamp NULL DEFAULT NULL,
  `created_by` bigint(20) UNSIGNED DEFAULT NULL
) ENGINE=InnoDB DEFAULT CHARSET=utf8mb4 COLLATE=utf8mb4_unicode_ci;

--
-- Dumping data for table `payrolls`
--

INSERT INTO `payrolls` (`id`, `barangay`, `treasurer`, `city_municipality`, `province`, `payroll_number`, `ledger_id`, `date_from`, `date_to`, `due_date`, `created_at`, `updated_at`, `deleted_at`, `created_by`) VALUES
(1, 'Blue Ridge B', 'MICHELL V. MENIANO', 'Quezon City', 'Metro Manila', '2021-01-001', 8, '2021-01-04', '2021-01-25', '2021-01-04', '2021-02-17 00:23:20', '2021-02-17 00:24:00', NULL, 1);

-- --------------------------------------------------------

--
-- Table structure for table `payroll_items`
--

CREATE TABLE `payroll_items` (
  `id` bigint(20) UNSIGNED NOT NULL,
  `payroll_id` bigint(20) UNSIGNED NOT NULL,
  `name` varchar(191) COLLATE utf8mb4_unicode_ci NOT NULL,
  `position` varchar(191) COLLATE utf8mb4_unicode_ci DEFAULT NULL,
  `salary` decimal(14,2) DEFAULT NULL,
  `honoraria` decimal(14,2) DEFAULT NULL,
  `other_benefits` decimal(14,2) DEFAULT NULL,
  `bir` decimal(14,2) DEFAULT NULL,
  `created_at` timestamp NULL DEFAULT NULL,
  `updated_at` timestamp NULL DEFAULT NULL,
  `deleted_at` timestamp NULL DEFAULT NULL,
  `created_by` bigint(20) UNSIGNED DEFAULT NULL
) ENGINE=InnoDB DEFAULT CHARSET=utf8mb4 COLLATE=utf8mb4_unicode_ci;

--
-- Dumping data for table `payroll_items`
--

INSERT INTO `payroll_items` (`id`, `payroll_id`, `name`, `position`, `salary`, `honoraria`, `other_benefits`, `bir`, `created_at`, `updated_at`, `deleted_at`, `created_by`) VALUES
(1, 1, 'Dr. Francis Martin F. Rodas', 'Part time Doctor', '0.00', '2000.00', '0.00', '0.00', '2021-02-17 00:23:20', '2021-02-17 00:24:00', NULL, NULL),
(2, 1, 'Dr. Oliver Arni Mallari', 'Part time Doctor', '0.00', '2000.00', '0.00', '0.00', '2021-02-17 00:23:20', '2021-02-17 00:24:00', NULL, NULL),
(3, 1, 'Dra. Margarita V. Monzon', 'Part time Doctor', '0.00', '2000.00', '0.00', '0.00', '2021-02-17 00:23:20', '2021-02-17 00:24:00', NULL, NULL),
(4, 1, 'Dra. Corie Iniego', 'Part time Doctor', '0.00', '2000.00', '0.00', '0.00', '2021-02-17 00:23:20', '2021-02-17 00:24:00', NULL, NULL),
(5, 1, 'Dr. Francis Martin F. Rodas', 'Part time Doctor', '0.00', '2000.00', '0.00', '0.00', '2021-02-17 00:23:20', '2021-02-17 00:24:00', NULL, NULL),
(6, 1, 'Dra. Margarita V. Monzon', 'Part time Doctor', '0.00', '2000.00', '0.00', '0.00', '2021-02-17 00:23:20', '2021-02-17 00:24:00', NULL, NULL),
(7, 1, 'Dra. Corie Iniego', 'Part time Doctor', '0.00', '2000.00', '0.00', '0.00', '2021-02-17 00:23:21', '2021-02-17 00:24:00', NULL, NULL),
(8, 1, 'Dr. Francis Martin F. Rodas', 'Part time Doctor', '0.00', '2000.00', '0.00', '0.00', '2021-02-17 00:23:21', '2021-02-17 00:24:00', NULL, NULL),
(9, 1, 'Dr. Oliver Arni Mallari', 'Part time Doctor', '0.00', '2000.00', '0.00', '0.00', '2021-02-17 00:23:21', '2021-02-17 00:24:01', NULL, NULL);

-- --------------------------------------------------------

--
-- Table structure for table `purchase_orders`
--

CREATE TABLE `purchase_orders` (
  `id` bigint(20) UNSIGNED NOT NULL,
  `pr_id` bigint(20) UNSIGNED NOT NULL,
  `canvass_id` bigint(20) UNSIGNED NOT NULL,
  `po_no` varchar(191) COLLATE utf8mb4_unicode_ci DEFAULT NULL,
  `po_date` date NOT NULL,
  `procurement_mode` varchar(191) COLLATE utf8mb4_unicode_ci NOT NULL,
  `delivery_term` varchar(191) COLLATE utf8mb4_unicode_ci NOT NULL,
  `place_of_delivery` varchar(191) COLLATE utf8mb4_unicode_ci NOT NULL,
  `payment_term` varchar(191) COLLATE utf8mb4_unicode_ci NOT NULL,
  `delivery_date` date NOT NULL,
  `created_at` timestamp NULL DEFAULT NULL,
  `updated_at` timestamp NULL DEFAULT NULL,
  `deleted_at` timestamp NULL DEFAULT NULL,
  `created_by` bigint(20) UNSIGNED DEFAULT NULL
) ENGINE=InnoDB DEFAULT CHARSET=utf8mb4 COLLATE=utf8mb4_unicode_ci;

--
-- Dumping data for table `purchase_orders`
--

INSERT INTO `purchase_orders` (`id`, `pr_id`, `canvass_id`, `po_no`, `po_date`, `procurement_mode`, `delivery_term`, `place_of_delivery`, `payment_term`, `delivery_date`, `created_at`, `updated_at`, `deleted_at`, `created_by`) VALUES
(1, 1, 1, NULL, '2020-01-22', 'Shopping', 'ASAP', 'Barangay Blue Ridge B', 'COD', '2020-01-24', '2020-03-20 08:00:28', '2020-03-20 08:00:28', NULL, NULL),
(2, 3, 4, NULL, '2020-01-24', 'Negotiated Procurement', 'na', 'Barangay Blue Ridge B', 'COD', '2020-05-14', '2020-05-14 04:01:10', '2020-05-14 04:01:10', NULL, NULL),
(3, 5, 13, NULL, '2020-01-27', 'Shopping', 'ASAP', 'Barangay Blue Ridge B', 'COD', '2020-01-27', '2020-05-14 07:57:50', '2020-05-14 07:57:50', NULL, NULL),
(4, 4, 10, NULL, '2020-01-22', 'Shopping', 'ASAP', 'Barangay Blue Ridge B', 'COD', '2020-01-24', '2020-05-14 08:00:02', '2020-05-14 08:00:02', NULL, NULL),
(5, 4, 16, NULL, '2020-01-25', 'Negotiated Procurement', 'ASAP', 'Barangay Blue Ridge B', 'COD', '2020-01-24', '2020-05-14 08:05:28', '2020-05-14 08:05:28', NULL, NULL),
(6, 4, 19, NULL, '2020-01-25', 'Negotiated Procurement', 'ASAP', 'Barangay Blue Ridge B', 'COD', '2020-01-24', '2020-05-14 08:07:04', '2020-05-14 08:07:04', NULL, NULL),
(7, 9, 25, NULL, '2020-03-16', 'Shopping', 'ASAP', 'Barangay Blue Ridge B', 'Check', '2020-11-16', '2020-11-04 19:30:42', '2020-11-04 19:30:42', NULL, NULL),
(8, 11, 28, '2020-06-153A', '2020-05-26', 'Shopping', 'ASAP', 'Barangay Blue Ridge B', 'Cash', '2020-05-26', '2021-01-06 20:03:39', '2021-01-06 20:07:20', '2021-01-06 20:07:20', NULL),
(9, 11, 31, '2020-06-153A', '2020-05-26', 'Shopping', 'ASAP', 'Barangay Blue Ridge B', 'Cash', '2020-05-26', '2021-01-06 20:16:07', '2021-01-06 20:16:07', NULL, NULL),
(10, 11, 34, '2020-06-153B', '2020-06-02', 'Shopping', 'ASAP', 'Barangay Blue Ridge B', 'Cash', '2020-06-02', '2021-01-06 20:19:13', '2021-01-06 20:19:13', NULL, NULL),
(11, 11, 37, '2020=06-153C', '2020-05-08', 'Shopping', 'ASAP', 'Barangay Blue Ridge B', 'Cash', '2020-05-08', '2021-01-06 20:20:23', '2021-01-06 20:20:23', NULL, NULL),
(12, 12, 40, '2020-05-002A', '2020-05-11', 'Over the Counter', 'asap', 'Barangay Blue Ridge B', 'Cash', '2020-05-11', '2021-01-07 22:03:08', '2021-01-22 00:17:07', '2021-01-22 00:17:07', NULL),
(13, 12, 43, '2020-05-002B', '2020-05-11', 'Over the Counter', 'asap', 'Barangay Blue Ridge B', 'Cash', '2020-05-11', '2021-01-07 22:05:01', '2021-01-22 00:17:15', '2021-01-22 00:17:15', NULL),
(14, 12, 46, '2020-05-002C', '2020-05-11', 'Over the Counter', 'asap', 'Barangay Blue Ridge B', 'Cash', '2020-05-11', '2021-01-07 22:05:48', '2021-01-22 00:17:21', '2021-01-22 00:17:21', NULL),
(15, 15, 77, '2020-04-119', '2020-03-24', 'Over the Counter', 'asap', 'Barangay Blue Ridge B', 'Reimbursement', '2020-03-24', '2021-01-14 17:14:07', '2021-01-21 22:41:24', '2021-01-21 22:41:24', NULL),
(16, 15, 80, '2020-04-119B', '2020-04-06', 'Over the Counter', 'asap', 'Barangay Blue Ridge B', 'Cash', '2020-04-06', '2021-01-14 17:16:01', '2021-01-21 22:41:48', '2021-01-21 22:41:48', NULL),
(17, 16, 83, '2020-04-120', '2019-04-08', 'Over the Counter', 'asap', 'Barangay Blue Ridge B', 'Cash', '1970-01-01', '2021-01-14 18:51:09', '2021-01-25 19:21:35', '2021-01-25 19:21:35', NULL),
(18, 18, 86, '2020-04-122', '2020-04-07', 'Over the Counter', 'asap', 'Barangay Blue Ridge B', 'Reimbursement', '2020-04-07', '2021-01-17 18:23:55', '2021-01-25 18:31:58', '2021-01-25 18:31:58', NULL),
(19, 19, 89, '2020-05-130', '2020-05-06', 'Over the Counter', 'asap', 'Barangay Blue Ridge B', 'Cash', '1970-01-01', '2021-01-17 19:43:43', '2021-01-21 19:35:22', '2021-01-21 19:35:22', NULL),
(23, 22, 125, '2020-05-130', '2020-05-06', 'Shopping', '', 'Barangay Blue Ridge B', 'Reimbursement', '2020-05-06', '2021-01-21 20:47:40', '2021-01-21 21:08:50', NULL, NULL),
(24, 20, 92, '2020-03-085A', '2020-02-28', 'Shopping', 'ASAP', 'Barangay Blue Ridge B', 'Cash', '2020-02-28', '2021-01-21 20:47:57', '2021-02-02 01:17:55', NULL, NULL),
(25, 24, 128, '2020-05-137a', '2020-05-11', 'Shopping', 'asap', 'Barangay Blue Ridge B', 'Cash', '2020-05-11', '2021-01-22 01:40:37', '2021-01-22 01:40:37', NULL, NULL),
(26, 24, 131, '2020-05-137b', '2020-05-11', 'Shopping', 'asap', 'Barangay Blue Ridge B', 'Cash', '2020-05-11', '2021-01-22 01:41:28', '2021-01-22 01:41:28', NULL, NULL),
(27, 24, 134, '2020-05-137c', '2020-05-11', 'Shopping', 'asap', 'Barangay Blue Ridge B', 'Cash', '2020-05-11', '2021-01-22 01:42:10', '2021-01-22 01:42:10', NULL, NULL),
(28, 25, 137, '2020-04-123', '2020-04-20', 'Shopping', 'asap', 'Barangay Blue Ridge B', 'Cash', '2020-04-20', '2021-01-25 18:03:29', '2021-01-25 18:03:29', NULL, NULL),
(29, 26, 140, '2020-04-124', '2020-02-21', 'Shopping', 'ASAP', 'Barangay Blue Ridge B', 'Cash', '2020-02-21', '2021-01-25 20:23:44', '2021-01-25 20:25:26', NULL, NULL),
(30, 27, 143, '2020-04-122', '2020-04-07', 'Shopping', 'asap', 'Barangay Blue Ridge B', 'Cash', '2020-04-07', '2021-01-25 20:47:36', '2021-01-25 20:47:36', NULL, NULL),
(31, 28, 146, '2020-04-119a', '2020-04-06', 'Shopping', 'asap', 'Barangay Blue Ridge B', 'Cash', '2020-04-06', '2021-01-25 22:04:14', '2021-01-25 22:04:14', NULL, NULL),
(32, 28, 149, '2020-04-119b', '2020-04-06', 'Shopping', 'asap', 'Barangay Blue Ridge B', 'Cash', '2020-04-06', '2021-01-25 22:05:03', '2021-01-25 22:05:03', NULL, NULL),
(33, 20, 98, '2020-03-085B', '2020-02-28', 'Negotiated', 'PICK UP', 'Barangay Blue Ridge B', 'Cash', '2020-02-20', '2021-01-25 22:48:43', '2021-02-02 01:20:30', NULL, NULL),
(34, 20, 104, '2020-03-085D', '2020-02-28', 'Shopping', 'PICK UP', 'Barangay Blue Ridge B', 'Cash', '2020-02-28', '2021-01-25 23:12:47', '2021-02-02 01:23:49', NULL, NULL),
(35, 20, 113, '2020-03-085C', '2020-02-27', 'Shopping', 'PICK UP', 'Barangay Blue Ridge B', 'Cash', '2020-02-27', '2021-01-25 23:15:26', '2021-02-02 01:22:06', NULL, NULL),
(36, 14, 74, '2020-03-098A', '2020-03-04', 'Shopping', 'Pick up', 'Barangay Blue Ridge B', 'Cash', '2020-03-02', '2021-01-26 00:37:52', '2021-01-26 00:59:52', '2021-01-26 09:02:28', NULL),
(37, 14, 71, '2020-03-098B', '2020-03-02', 'Shopping', 'Pick up', 'Barangay Blue Ridge B', 'Cash', '2020-03-02', '2021-01-26 00:40:45', '2021-01-26 00:40:45', '2021-01-26 09:02:31', NULL),
(38, 14, 68, '2020-03-098C', '2020-03-04', 'Shopping', 'Pick up', 'Barangay Blue Ridge B', 'Cash', '2020-03-04', '2021-01-26 00:42:47', '2021-01-26 00:42:47', '2021-01-26 09:02:34', NULL),
(39, 29, 155, '2020-06-170a', '2020-06-12', 'Negotiated', 'PICK UP', 'Barangay Blue Ridge B', 'Cash', '2020-06-12', '2021-02-01 18:34:49', '2021-02-01 19:29:54', NULL, NULL),
(40, 29, 158, '2020-06-170B', '2020-06-03', 'Negotiated', 'PICK UP', 'Barangay Blue Ridge B', 'Check', '2020-06-12', '2021-02-01 19:33:40', '2021-02-01 19:33:40', NULL, NULL),
(41, 30, 167, '2020-02-064', '2020-02-13', 'Shopping', 'PICK UP', 'Barangay Blue Ridge B', 'Check', '2020-02-13', '2021-02-02 23:50:58', '2021-02-02 23:50:58', NULL, NULL),
(42, 14, 170, '2020-03-098D', '2020-03-06', 'Shopping', 'Pick up', 'Barangay Blue Ridge B', 'Cash', '2020-03-06', '2021-02-04 00:18:26', '2021-02-04 00:18:26', NULL, NULL),
(43, 31, 173, '2020-04-125a', '2020-04-20', 'Shopping', 'ASAP', 'Barangay Blue Ridge B', 'Cash', '2020-04-20', '2021-02-04 18:30:00', '2021-02-04 18:30:00', NULL, NULL),
(44, 31, 176, '2020-04-125b', '2020-04-20', 'Shopping', 'ASAP', 'Barangay Blue Ridge B', 'Cash', '2020-04-20', '2021-02-04 18:31:00', '2021-02-04 18:31:00', NULL, NULL),
(45, 31, 179, '2020-04-125c', '2020-04-20', 'Shopping', 'ASAP', 'Barangay Blue Ridge B', 'Cash', '2020-04-20', '2021-02-04 18:31:55', '2021-02-04 18:31:55', NULL, NULL),
(46, 31, 182, '2020-04-125d', '2020-04-20', 'Shopping', 'ASAP', 'Barangay Blue Ridge B', 'Cash', '2020-04-20', '2021-02-04 18:32:26', '2021-02-04 18:32:26', NULL, NULL),
(47, 32, 185, '2020-05-144A', '2020-03-12', 'Negotiated', 'ASAP', 'Barangay Blue Ridge B', 'Check', '2020-05-12', '2021-02-05 02:07:15', '2021-02-05 02:07:15', NULL, NULL),
(48, 32, 188, '2020-05-144B', '2020-05-18', 'Negotiated', 'ASAP', 'Barangay Blue Ridge B', 'Check', '2020-05-18', '2021-02-05 03:03:58', '2021-02-05 03:03:58', NULL, NULL),
(49, 33, 200, '2020-05-128', '2020-05-03', 'Shopping', 'PICK UP', 'Barangay Blue Ridge B', 'Check', '1970-01-01', '2021-02-10 01:16:35', '2021-02-10 01:16:35', NULL, NULL),
(50, 34, 203, '2020-05-143a', '2020-05-09', 'Negotiated', 'PICK UP', 'Barangay Blue Ridge B', 'Check', '1970-01-01', '2021-02-19 02:19:07', '2021-02-19 02:19:07', NULL, NULL),
(51, 34, 206, '2020-05-143B', '2020-05-09', 'Negotiated', 'ASAP', 'Barangay Blue Ridge B', 'Check', '1970-01-01', '2021-02-19 02:21:57', '2021-02-19 02:21:57', NULL, NULL),
(52, 35, 209, '2020-05-130', '2020-05-06', 'Over the Counter', 'ASAP', 'Barangay Blue Ridge B', 'Cash', '2020-05-06', '2021-02-21 18:06:16', '2021-02-21 18:06:16', NULL, NULL),
(53, 36, 212, '2020-04-115', '2020-04-06', 'Over the Counter', 'ASAP', 'Barangay Blue Ridge B', 'Cash', '2020-04-06', '2021-02-21 19:16:02', '2021-02-21 19:16:02', NULL, NULL),
(54, 37, 215, '2020-04-117A', '2020-04-01', 'Over the Counter', 'ASAP', 'Barangay Blue Ridge B', 'Cash', '2020-04-06', '2021-02-21 22:46:31', '2021-02-21 22:46:31', NULL, NULL),
(55, 37, 218, '2020-04-117B', '2020-04-01', 'Over the Counter', 'ASAP', 'Barangay Blue Ridge B', 'Cash', '2020-04-06', '2021-02-21 22:47:18', '2021-02-21 22:47:18', NULL, NULL),
(56, 37, 221, '2020-04-117C', '2020-04-01', 'Over the Counter', 'ASAP', 'Barangay Blue Ridge B', 'Cash', '2020-04-06', '2021-02-21 22:47:56', '2021-02-21 22:47:56', NULL, NULL),
(57, 37, 224, '2020-04-117D', '2020-04-01', 'Over the Counter', 'ASAP', 'Barangay Blue Ridge B', 'Cash', '2020-04-06', '2021-02-21 22:48:46', '2021-02-21 22:48:46', NULL, NULL),
(58, 37, 230, '2020-04-117E', '2020-04-01', 'Over the Counter', 'ASAP', 'Barangay Blue Ridge B', 'Cash', '2020-04-06', '2021-02-21 22:49:17', '2021-02-21 22:49:17', NULL, NULL),
(59, 37, 236, '2020-04-117F', '2020-04-01', 'Over the Counter', 'ASAP', 'Barangay Blue Ridge B', 'Cash', '2020-04-06', '2021-02-21 22:49:50', '2021-02-21 22:49:50', NULL, NULL),
(60, 38, 239, '2020-04-125A', '2020-04-15', 'Over the Counter', 'ASAP', 'Barangay Blue Ridge B', 'Cash', '2020-04-20', '2021-02-23 19:19:47', '2021-02-23 21:18:18', '2021-02-23 21:18:18', NULL),
(61, 38, 242, '2020-04-125B', '2020-04-20', 'Over the Counter', 'ASAP', 'Barangay Blue Ridge B', 'Cash', '2020-04-20', '2021-02-23 19:22:04', '2021-02-23 21:18:29', '2021-02-23 21:18:29', NULL),
(62, 38, 245, '2002-04-125C', '2020-04-20', 'Over the Counter', 'ASAP', 'Barangay Blue Ridge B', 'Cash', '2020-04-20', '2021-02-23 19:23:00', '2021-02-23 21:18:52', '2021-02-23 21:18:52', NULL),
(63, 38, 248, '2020-04-125D', '2020-04-20', 'Over the Counter', 'ASAP', 'Barangay Blue Ridge B', 'Cash', '2020-04-20', '2021-02-23 19:23:37', '2021-02-23 21:18:44', '2021-02-23 21:18:44', NULL),
(64, 39, 254, '2020-05-126', '2020-05-04', 'Negotiated', 'ASAP', 'Barangay Blue Ridge B', 'Check', '2020-05-08', '2021-02-25 22:34:13', '2021-02-25 22:34:13', NULL, NULL),
(65, 39, 257, '2020-05-126A', '2020-05-04', 'Negotiated', 'ASAP', 'Barangay Blue Ridge B', 'Check', '2020-05-08', '2021-02-25 22:37:19', '2021-02-25 22:37:19', NULL, NULL),
(66, 39, 260, '2020-05-126B', '2020-05-08', 'Negotiated', 'ASAP', 'Barangay Blue Ridge B', 'Check', '2020-05-08', '2021-02-26 02:28:47', '2021-02-26 02:32:42', NULL, NULL),
(67, 40, 263, '2020-05-127A', '2020-04-30', 'Shopping', 'ASAP', 'Barangay Blue Ridge B', 'Check', '2020-04-30', '2021-03-01 18:22:16', '2021-03-01 18:22:16', NULL, NULL),
(68, 40, 281, '2020-05-127A', '2020-04-24', 'Shopping', 'ASAP', 'Barangay Blue Ridge B', 'Check', '2020-05-08', '2021-03-02 18:01:57', '2021-03-02 18:05:32', '2021-03-02 18:05:32', NULL),
(69, 40, 266, '2020-05-127B', '2020-05-02', 'Over the Counter', 'ASAP', 'Barangay Blue Ridge B', 'Check', '2020-05-02', '2021-03-02 18:09:26', '2021-03-04 00:48:52', NULL, NULL),
(70, 40, 269, '2020-05-127C', '2020-04-24', 'Shopping', 'ASAP', 'Barangay Blue Ridge B', 'Check', '1970-01-01', '2021-03-02 19:24:08', '2021-03-04 00:49:29', NULL, NULL),
(71, 40, 272, '2020-05-127D', '2020-04-30', 'Shopping', 'ASAP', 'Barangay Blue Ridge B', 'Check', '2020-05-08', '2021-03-02 19:30:02', '2021-03-04 00:47:03', NULL, NULL),
(72, 40, 278, '2020-05-127E', '2020-04-30', 'Shopping', 'ASAP', 'Barangay Blue Ridge B', 'Check', '2020-05-08', '2021-03-02 19:32:16', '2021-03-04 00:53:20', NULL, NULL),
(73, 40, 275, '2020-05-127F', '2020-04-24', 'Shopping', 'PICK UP', 'Barangay Blue Ridge B', 'Check', '2021-04-30', '2021-03-02 19:49:51', '2021-03-04 00:53:58', NULL, NULL),
(74, 40, 281, '2020-05-127G', '2020-04-24', 'Shopping', 'ASAP', 'Barangay Blue Ridge B', 'Check', '2020-05-08', '2021-03-02 19:58:08', '2021-03-04 00:54:44', NULL, NULL),
(75, 40, 272, '2020-05-127D', '2020-04-30', 'Shopping', 'ASAP', 'Barangay Blue Ridge B', 'Check', '2020-05-04', '2021-03-04 00:52:41', '2021-03-04 00:52:41', NULL, NULL),
(76, 41, 284, '2021-02-011A', '2021-01-11', 'Shopping', 'ASAP', 'Barangay Blue Ridge B', 'Cash', '2021-01-11', '2021-03-04 19:34:23', '2021-03-04 19:34:23', NULL, NULL),
(77, 41, 290, '2021-02-011B', '2020-12-29', 'Shopping', 'ASAP', 'Barangay Blue Ridge B', 'Cash', '2020-12-29', '2021-03-04 19:37:43', '2021-03-09 23:02:32', NULL, NULL),
(78, 41, 287, '2021-02-011C', '2020-12-29', 'Shopping', 'ASAP', 'Barangay Blue Ridge B', 'Cash', '2020-12-29', '2021-03-04 19:40:55', '2021-03-04 19:40:55', NULL, NULL),
(79, 41, 293, '2021-02-011D', '2020-12-21', 'Shopping', 'ASAP', 'Barangay Blue Ridge B', 'Cash', '2020-12-21', '2021-03-04 19:49:43', '2021-03-04 19:49:43', NULL, NULL),
(80, 41, 296, '2021-02-011E', '2021-01-15', 'Shopping', 'ASAP', 'Barangay Blue Ridge B', 'Cash', '2021-01-15', '2021-03-04 19:50:53', '2021-03-04 19:50:53', NULL, NULL),
(81, 41, 299, '2021-02-011F', '2020-12-29', 'Shopping', 'ASAP', 'Barangay Blue Ridge B', 'Cash', '2020-12-29', '2021-03-04 19:51:32', '2021-03-04 19:51:32', NULL, NULL),
(82, 41, 308, '2021-02-011G', '2020-12-31', 'Shopping', 'ASAP', 'Barangay Blue Ridge B', 'Cash', '2020-12-31', '2021-03-04 19:52:16', '2021-03-04 19:52:16', NULL, NULL),
(83, 41, 311, '2021-02-011H', '2021-01-15', 'Shopping', 'ASAP', 'Barangay Blue Ridge B', 'Cash', '2021-01-15', '2021-03-04 19:53:43', '2021-03-04 19:53:43', NULL, NULL),
(84, 43, 329, '2020-06-164A', '2020-06-23', 'Shopping', 'ASAP', 'Barangay Blue Ridge B', 'Check', '2020-06-30', '2021-03-07 19:18:03', '2021-03-07 19:18:03', NULL, NULL),
(85, 43, 332, '2020-06-164B', '2020-06-23', 'Shopping', 'ASAP', 'Barangay Blue Ridge B', 'Check', '2020-06-30', '2021-03-07 19:23:44', '2021-03-07 19:23:44', NULL, NULL),
(86, 43, 335, '2020-06-164C', '2020-06-23', 'Shopping', 'ASAP', 'Barangay Blue Ridge B', 'Check', '2020-06-30', '2021-03-07 19:25:27', '2021-03-07 19:25:27', NULL, NULL),
(87, 43, 338, '2020-06-164D', '2020-06-23', 'Shopping', 'ASAP', 'Barangay Blue Ridge B', 'Check', '2020-06-30', '2021-03-07 19:26:44', '2021-03-07 19:26:44', NULL, NULL),
(88, 43, 341, '2020-06-164E', '2020-06-23', 'Shopping', 'ASAP', 'Barangay Blue Ridge B', 'Check', '2020-06-30', '2021-03-07 19:28:33', '2021-03-07 19:28:33', NULL, NULL),
(89, 43, 344, '2020-06-164F', '2020-06-23', 'Shopping', 'ASAP', 'Barangay Blue Ridge B', 'Check', '2020-06-30', '2021-03-07 19:30:05', '2021-03-07 19:30:05', NULL, NULL),
(90, 43, 347, '2020-06-164G', '2020-06-23', 'Shopping', 'ASAP', 'Barangay Blue Ridge B', 'Check', '2020-06-30', '2021-03-07 19:31:25', '2021-03-07 19:31:25', NULL, NULL),
(91, 43, 350, '2020-06-164H', '2020-06-23', 'Shopping', 'ASAP', 'Barangay Blue Ridge B', 'Check', '2020-06-30', '2021-03-07 19:32:38', '2021-03-07 19:32:38', NULL, NULL),
(92, 43, 353, '2020-06-164I', '2020-06-23', 'Shopping', 'ASAP', 'Barangay Blue Ridge B', 'Check', '2020-06-30', '2021-03-07 19:33:50', '2021-03-07 19:33:50', NULL, NULL),
(93, 43, 356, '2020-06-164J', '2020-06-23', 'Shopping', 'ASAP', 'Barangay Blue Ridge B', 'Check', '2020-06-30', '2021-03-07 19:35:15', '2021-03-07 19:35:15', NULL, NULL),
(94, 43, 359, '2020-06-164K', '2020-06-23', 'Shopping', 'ASAP', 'Barangay Blue Ridge B', 'Check', '2020-06-30', '2021-03-07 19:36:33', '2021-03-07 19:36:33', NULL, NULL),
(95, 43, 362, '2020-06-164L', '2020-06-23', 'Shopping', 'ASAP', 'Barangay Blue Ridge B', 'Check', '2020-06-30', '2021-03-07 19:38:04', '2021-03-07 19:38:04', NULL, NULL),
(96, 43, 365, '2020-06-164M', '2020-06-23', 'Shopping', 'ASAP', 'Barangay Blue Ridge B', 'Check', '2020-06-30', '2021-03-07 19:39:07', '2021-03-07 19:39:07', NULL, NULL),
(97, 43, 368, '2020-06-164N', '2020-06-23', 'Shopping', 'ASAP', 'Barangay Blue Ridge B', 'Check', '2020-06-30', '2021-03-07 19:40:38', '2021-03-07 19:40:38', NULL, NULL),
(98, 43, 371, '2020-06-164O', '2020-06-23', 'Shopping', 'ASAP', 'Barangay Blue Ridge B', 'Check', '2020-06-30', '2021-03-07 19:42:26', '2021-03-07 19:42:26', NULL, NULL),
(99, 43, 374, '2020-06-164P', '2020-06-23', 'Shopping', 'ASAP', 'Barangay Blue Ridge B', 'Check', '2020-06-30', '2021-03-07 19:43:30', '2021-03-07 19:43:30', NULL, NULL),
(100, 43, 377, '2020-06-164Q', '2020-06-23', 'Shopping', 'ASAP', 'Barangay Blue Ridge B', 'Check', '2020-06-30', '2021-03-07 19:44:34', '2021-03-07 19:44:34', NULL, NULL),
(101, 42, 302, '2020-06-152A', '2020-05-28', 'Shopping', 'ASAP', 'Barangay Blue Ridge B', 'Check', '2020-06-01', '2021-03-08 01:02:00', '2021-03-08 01:02:00', NULL, NULL),
(102, 42, 305, '2020-06-152B', '2020-05-28', 'Shopping', 'ASAP', 'Barangay Blue Ridge B', 'Check', '2020-05-27', '2021-03-08 01:07:32', '2021-03-08 01:07:32', NULL, NULL),
(103, 42, 326, '2020-06-152C', '2020-05-28', 'Shopping', 'ASAP', 'Barangay Blue Ridge B', 'Check', '2020-06-01', '2021-03-08 01:10:38', '2021-03-08 01:10:38', NULL, NULL),
(104, 45, 386, '2020-03-100', '2020-03-01', 'Negotiated', 'ASAP', 'Barangay Blue Ridge B', 'Check', '2020-03-06', '2021-03-08 02:05:51', '2021-03-08 02:05:51', NULL, NULL),
(105, 46, 389, '2020-06-155A', '2020-05-27', 'Shopping', 'ASAP', 'Barangay Blue Ridge B', 'Check', '2020-05-27', '2021-03-09 18:08:03', '2021-03-09 18:08:03', NULL, NULL),
(106, 47, 392, '2020-06-179A', '2020-06-19', 'Shopping', 'ASAP', 'Barangay Blue Ridge B', 'Check', '2020-06-20', '2021-03-10 00:26:11', '2021-03-10 00:26:11', NULL, NULL),
(107, 47, 395, '2020-06-179B', '2020-06-22', 'Shopping', 'ASAP', 'Barangay Blue Ridge B', 'Check', '2020-06-22', '2021-03-10 00:27:55', '2021-03-10 00:27:55', NULL, NULL),
(108, 47, 398, '2020-06-179C', '2020-06-23', 'Shopping', 'ASAP', 'Barangay Blue Ridge B', 'Check', '2020-06-23', '2021-03-10 00:29:50', '2021-03-10 00:29:50', NULL, NULL),
(109, 48, 410, '2021-02-009', '2021-01-06', 'Shopping', 'ASAP', 'Barangay Blue Ridge B', 'Cash', '2021-01-06', '2021-03-10 18:51:53', '2021-03-10 18:51:53', NULL, NULL),
(110, 50, 413, '2020-06-173A', '2020-06-15', 'Shopping', 'ASAP', 'Barangay Blue Ridge B', 'Check', '2020-06-15', '2021-03-11 23:25:34', '2021-03-11 23:25:34', NULL, NULL),
(111, 50, 416, '2020-06-173B', '2020-06-19', 'Shopping', 'ASAP', 'Barangay Blue Ridge B', 'Check', '2020-06-19', '2021-03-11 23:26:51', '2021-03-11 23:26:51', NULL, NULL),
(112, 52, 419, '2020-06-157A', '2020-06-15', 'Shopping', 'ASAP', 'Barangay Blue Ridge B', 'Check', '2020-06-15', '2021-03-14 18:14:19', '2021-03-14 18:14:19', NULL, NULL),
(113, 53, 422, '2020-06-156A', '2020-06-18', 'Shopping', 'ASAP', 'Barangay Blue Ridge B', 'Check', '2020-06-18', '2021-03-14 21:33:38', '2021-03-14 21:33:38', NULL, NULL),
(114, 54, 425, '2020-06-158A', '2020-05-31', 'Shopping', 'ASAP', 'Barangay Blue Ridge B', 'Check', '2020-06-15', '2021-03-15 00:06:50', '2021-03-15 00:30:30', NULL, NULL),
(115, 54, 428, '2020-06-158B', '2020-05-31', 'Shopping', 'ASAP', 'Barangay Blue Ridge B', 'Check', '2020-06-15', '2021-03-15 00:07:49', '2021-03-15 00:07:49', NULL, NULL),
(116, 55, 449, '2020-06-181A', '2020-06-24', 'Shopping', 'ASAP', 'Barangay Blue Ridge B', 'Check', '2020-06-24', '2021-03-16 18:32:09', '2021-03-16 18:32:09', NULL, NULL),
(117, 56, 452, '2020-06-171A', '2020-06-12', 'Shopping', 'ASAP', 'Barangay Blue Ridge B', 'Check', '2020-06-15', '2021-03-16 22:02:11', '2021-03-16 22:02:11', NULL, NULL),
(118, 51, 431, '2020-05-129A', '2020-05-03', 'Shopping', 'ASAP', 'Barangay Blue Ridge B', 'Check', '2020-05-03', '2021-03-17 20:13:18', '2021-03-17 20:13:18', NULL, NULL),
(119, 51, 434, '2020-05-129B', '2020-05-06', 'Shopping', 'PICK UP', 'Barangay Blue Ridge B', 'Check', '2020-05-06', '2021-03-18 00:57:15', '2021-03-18 04:03:31', NULL, NULL),
(120, 51, 437, '2020-05-129C', '2020-05-08', 'Shopping', 'PICK UP', 'Barangay Blue Ridge B', 'Check', '2020-05-08', '2021-03-18 04:05:37', '2021-03-18 06:30:58', NULL, NULL),
(121, 51, 440, '2020-05-129D', '2020-04-08', 'Shopping', 'ASAP', 'Barangay Blue Ridge B', 'Check', '2020-03-08', '2021-03-18 04:12:58', '2021-03-18 04:12:58', NULL, NULL),
(122, 51, 443, '2020-05-129E', '2020-05-05', 'Shopping', 'PICK UP', 'Barangay Blue Ridge B', 'Check', '2020-05-05', '2021-03-18 04:20:50', '2021-03-18 04:20:50', NULL, NULL),
(123, 51, 446, '2020-05-129F', '2020-05-05', 'Shopping', 'ASAP', 'Barangay Blue Ridge B', 'Check', '2020-05-05', '2021-03-18 04:30:50', '2021-03-18 04:30:50', NULL, NULL),
(124, 51, 455, '2020-05-129G', '2020-05-08', 'Shopping', 'PICK UP', 'Barangay Blue Ridge B', 'Check', '2020-05-08', '2021-03-18 04:36:54', '2021-03-18 04:36:54', NULL, NULL),
(125, 51, 458, '2020-05-129H', '2020-05-08', 'Shopping', 'PICK UP', 'Barangay Blue Ridge B', 'Check', '2020-05-02', '2021-03-18 04:44:23', '2021-03-18 04:44:23', NULL, NULL),
(126, 51, 461, '2020-05-129I', '2020-05-08', 'Shopping', 'ASAP', 'Barangay Blue Ridge B', 'Check', '2020-05-08', '2021-03-18 04:45:57', '2021-03-18 04:45:57', NULL, NULL),
(127, 51, 464, '2020-05-129J', '2020-05-02', 'Shopping', 'ASAP', 'Barangay Blue Ridge B', 'Check', '2020-05-08', '2021-03-18 04:58:23', '2021-03-18 04:58:23', NULL, NULL),
(128, 51, 467, '2020-05-129K', '2020-05-08', 'Shopping', 'ASAP', 'Barangay Blue Ridge B', 'Check', '2021-03-08', '2021-03-18 05:02:27', '2021-03-18 05:02:27', NULL, NULL),
(129, 51, 470, '2020-050129L', '2020-04-08', 'Shopping', 'PICK UP', 'Barangay Blue Ridge B', 'Check', '1970-01-01', '2021-03-18 05:04:32', '2021-03-18 05:04:32', NULL, NULL),
(130, 57, 473, '2020-6-159A', '2020-06-15', 'Shopping', 'ASAP', 'Barangay Blue Ridge B', 'Check', '2020-06-15', '2021-03-18 21:59:15', '2021-03-18 21:59:15', NULL, NULL),
(131, 58, 476, '2020-06-161A', '2020-06-15', 'Shopping', 'ASAP', 'Barangay Blue Ridge B', 'Check', '2020-06-15', '2021-03-18 22:48:31', '2021-03-18 22:48:31', NULL, NULL),
(132, 58, 479, '2020-06-161B', '2020-06-15', 'Shopping', 'ASAP', 'Barangay Blue Ridge B', 'Check', '2020-06-15', '2021-03-18 22:49:36', '2021-03-18 22:49:36', NULL, NULL),
(133, 60, 482, '2020-06-154A', '2020-06-03', 'Shopping', 'ASAP', 'Barangay Blue Ridge B', 'Check', '2020-06-03', '2021-03-21 19:58:44', '2021-03-21 19:58:44', '2021-03-24 02:53:31', NULL),
(134, 61, 485, '2020-06-168A', '2020-06-18', 'Shopping', 'ASAP', 'Barangay Blue Ridge B', 'Check', '2020-06-15', '2021-03-21 22:20:18', '2021-03-21 22:20:18', NULL, NULL),
(135, 59, 488, '2021-02-007A', '2020-12-15', 'Shopping', 'ASAP', 'Barangay Blue Ridge B', 'Cash', '2020-12-15', '2021-03-21 23:59:53', '2021-03-21 23:59:53', NULL, NULL),
(136, 59, 491, '2021-02-007B', '2020-12-16', 'Shopping', 'ASAP', 'Barangay Blue Ridge B', 'Cash', '2020-12-16', '2021-03-22 00:01:34', '2021-03-22 00:01:34', NULL, NULL),
(137, 59, 494, '2021-02-007C', '2020-12-16', 'Shopping', 'ASAP', 'Barangay Blue Ridge B', 'Cash', '2020-12-16', '2021-03-22 00:03:02', '2021-03-22 00:03:02', NULL, NULL),
(138, 59, 497, '2021-02-007D', '2021-01-27', 'Shopping', 'ASAP', 'Barangay Blue Ridge B', 'Cash', '2021-01-27', '2021-03-22 00:04:25', '2021-03-22 00:04:25', NULL, NULL),
(139, 59, 500, '2021-02-007E', '2021-01-27', 'Shopping', 'ASAP', 'Barangay Blue Ridge B', 'Cash', '1970-01-01', '2021-03-22 00:11:37', '2021-03-22 00:11:37', NULL, NULL),
(140, 63, 524, '2020-06-162A', '2020-06-15', 'Shopping', 'ASAP', 'Barangay Blue Ridge B', 'Check', '2020-06-15', '2021-03-24 00:06:35', '2021-03-24 00:06:35', NULL, NULL),
(141, 63, 527, '2020-06-162B', '2020-06-15', 'Shopping', 'ASAP', 'Barangay Blue Ridge B', 'Check', '2020-06-15', '2021-03-24 00:07:25', '2021-03-24 00:07:25', NULL, NULL);

-- --------------------------------------------------------

--
-- Table structure for table `purchase_requests`
--

CREATE TABLE `purchase_requests` (
  `id` bigint(20) UNSIGNED NOT NULL,
  `roa_id` bigint(20) UNSIGNED NOT NULL,
  `pr_no` varchar(191) COLLATE utf8mb4_unicode_ci DEFAULT NULL,
  `to` varchar(191) COLLATE utf8mb4_unicode_ci NOT NULL,
  `from` varchar(191) COLLATE utf8mb4_unicode_ci NOT NULL,
  `delivery_to` varchar(191) COLLATE utf8mb4_unicode_ci NOT NULL,
  `purpose` varchar(191) COLLATE utf8mb4_unicode_ci NOT NULL,
  `request_date` date NOT NULL,
  `delivery_period` date NOT NULL,
  `deleted_at` timestamp NULL DEFAULT NULL,
  `created_at` timestamp NULL DEFAULT NULL,
  `updated_at` timestamp NULL DEFAULT NULL,
  `created_by` bigint(20) UNSIGNED DEFAULT NULL
) ENGINE=InnoDB DEFAULT CHARSET=utf8mb4 COLLATE=utf8mb4_unicode_ci;

--
-- Dumping data for table `purchase_requests`
--

INSERT INTO `purchase_requests` (`id`, `roa_id`, `pr_no`, `to`, `from`, `delivery_to`, `purpose`, `request_date`, `delivery_period`, `deleted_at`, `created_at`, `updated_at`, `created_by`) VALUES
(1, 1, NULL, 'LOCAL TREASURER', 'Barangay Blue Ridge B', 'Barangay Blue Ridge B', '', '2020-01-08', '2020-01-14', NULL, '2020-03-20 07:21:25', NULL, NULL),
(2, 4, NULL, 'LOCAL TREASURER', 'Barangay Blue Ridge B', 'Barangay Blue Ridge B', '', '2019-10-21', '2019-10-16', NULL, '2020-03-23 07:51:03', NULL, NULL),
(3, 6, NULL, 'LOCAL TREASURER', 'Barangay Blue Ridge B', 'Barangay Blue Ridge B', 'Legal Service', '2020-01-15', '2020-01-24', NULL, '2020-05-14 03:32:41', NULL, NULL),
(4, 7, NULL, 'LOCAL TREASURER', 'Barangay Blue Ridge B', 'Barangay Blue Ridge B', '', '2020-01-24', '2020-01-27', NULL, '2020-05-14 08:03:13', NULL, NULL),
(5, 8, NULL, 'LOCAL TREASURER', 'Barangay Blue Ridge B', 'Barangay Blue Ridge B', 'PRINTER', '2020-01-21', '2020-01-27', NULL, '2020-05-14 07:50:28', NULL, NULL),
(6, 12, NULL, 'LOCAL TREASURER', 'Barangay Blue Ridge B', 'Barangay Blue Ridge B', 'For Chain Saw Registration', '2020-01-22', '2020-01-24', NULL, '2020-05-21 02:03:24', NULL, NULL),
(7, 15, NULL, 'LOCAL TREASURER', 'Barangay Blue Ridge B', 'Barangay Blue Ridge B', 'Toner for Xerox machine-Kyocera', '2020-02-19', '2020-02-22', NULL, '2020-09-03 19:48:55', NULL, NULL),
(8, 16, NULL, 'LOCAL TREASURER', 'Barangay Blue Ridge B', 'Barangay Blue Ridge B', 'Food and drinks for RPT Satellite Payment', '2020-02-05', '2020-02-14', NULL, '2020-09-04 20:45:40', NULL, NULL),
(9, 18, NULL, 'LOCAL TREASURER', 'Barangay Blue Ridge B', 'Barangay Blue Ridge B', 'Purchase of mistblower-small', '2020-03-18', '2020-03-25', NULL, '2020-11-04 19:23:14', NULL, NULL),
(10, 19, NULL, 'LOCAL TREASURER', 'Barangay Blue Ridge B', 'Barangay Blue Ridge B', 'Accoustic sound profing', '2020-03-04', '2020-03-12', NULL, '2020-12-14 00:07:14', NULL, NULL),
(11, 25, '2020-06-153', 'LOCAL TREASURER', 'Barangay Blue Ridge B', 'Barangay Blue Ridge B', 'Printing and Publication Expenses', '2020-06-01', '2020-06-03', NULL, '2021-01-06 19:54:13', NULL, NULL),
(12, 24, '005', 'LOCAL TREASURER', 'Barangay Blue Ridge B', 'Barangay Blue Ridge B', 'Disaster Preparedness, Prevention & Mitigation', '2020-05-05', '2020-05-11', NULL, '2021-01-08 00:45:40', NULL, NULL),
(13, 27, '2020-05-137', 'LOCAL TREASURER', 'Barangay Blue Ridge B', 'Barangay Blue Ridge B', 'Disaster Preparedness, Prevention & Mitigation', '2020-05-06', '2020-05-11', '2021-01-22 00:13:02', '2021-01-10 17:16:38', NULL, NULL),
(14, 26, '2020-03-098', 'LOCAL TREASURER', 'Barangay Blue Ridge B', 'Barangay Blue Ridge B', 'Other Maintenance and Operating Expenses', '2020-03-04', '2020-03-06', NULL, '2021-01-19 21:50:19', NULL, NULL),
(15, 30, '2020-04-119', 'LOCAL TREASURER', 'Barangay Blue Ridge B', 'Barangay Blue Ridge B', 'Disaster Preparedness, Prevention & Mitigation', '2020-04-01', '2020-04-06', '2021-01-21 22:43:35', '2021-01-14 16:52:09', NULL, NULL),
(16, 31, '2020-04-163', 'LOCAL TREASURER', 'Barangay Blue Ridge B', 'Barangay Blue Ridge B', 'Training Expenses', '2020-04-02', '2020-04-08', '2021-01-25 19:22:05', '2021-01-14 18:22:36', NULL, NULL),
(17, 32, '2020-04-150', 'LOCAL TREASURER', 'Barangay Blue Ridge B', 'Barangay Blue Ridge B', 'Printing and Publication Expenses', '2020-03-07', '2020-04-01', '2021-01-21 19:27:58', '2021-01-14 20:50:48', NULL, NULL),
(18, 33, '2020-04-122', 'LOCAL TREASURER', 'Barangay Blue Ridge B', 'Barangay Blue Ridge B', 'Repairs and Maintenance - Other Property, Plant and Equipment', '2020-04-01', '2020-04-07', '2021-01-25 18:32:29', '2021-01-17 17:55:47', NULL, NULL),
(19, 34, '2020-05-130', 'LOCAL TREASURER', 'Barangay Blue Ridge B', 'Barangay Blue Ridge B', 'Training Expenses', '2020-05-01', '2020-05-06', '2021-01-21 20:52:12', '2021-01-17 19:39:21', NULL, NULL),
(20, 21, '2020-03-085', 'LOCAL TREASURER', 'Barangay Blue Ridge B', 'Barangay Blue Ridge B', 'Repairs and Maintenance - Machinery and Equipment', '2020-02-22', '2020-02-28', NULL, '2021-01-20 20:19:44', NULL, NULL),
(22, 32, '2020-05-130', 'LOCAL TREASURER', 'Barangay Blue Ridge B', 'Barangay Blue Ridge B', 'Training Expenses', '2020-05-01', '2020-05-06', NULL, '2021-01-21 19:31:54', NULL, NULL),
(23, 28, '023', 'LOCAL TREASURER', 'Barangay Blue Ridge B', 'Barangay Blue Ridge B', 'Disaster Preparedness, Prevention & Mitigation', '2020-04-01', '2020-04-06', '2021-01-21 23:06:32', '2021-01-21 21:43:28', NULL, NULL),
(24, 36, '2020-05-137', 'LOCAL TREASURER', 'Barangay Blue Ridge B', 'Barangay Blue Ridge B', 'MOOE (Health and Nutrition)', '2020-05-06', '2020-05-11', NULL, '2021-01-22 01:25:50', NULL, NULL),
(25, 37, '2020-04-123', 'LOCAL TREASURER', 'Barangay Blue Ridge B', 'Barangay Blue Ridge B', 'Disaster Preparedness, Prevention & Mitigation', '2020-04-15', '2020-04-20', NULL, '2021-01-25 17:57:02', NULL, NULL),
(26, 38, '2020-04-124', 'LOCAL TREASURER', 'Barangay Blue Ridge B', 'Barangay Blue Ridge B', 'Disaster Preparedness, Prevention & Mitigation', '2020-04-18', '2020-04-21', NULL, '2021-01-25 18:15:55', NULL, NULL),
(27, 40, '2020--04-122', 'LOCAL TREASURER', 'Barangay Blue Ridge B', 'Barangay Blue Ridge B', 'Repairs and Maintenance - Other Property, Plant and Equipment', '2020-04-02', '2020-04-07', NULL, '2021-01-25 20:43:26', NULL, NULL),
(28, 28, '2020-04-119', 'LOCAL TREASURER', 'Barangay Blue Ridge B', 'Barangay Blue Ridge B', 'Disaster Preparedness, Prevention & Mitigation', '2020-04-06', '2020-04-06', NULL, '2021-01-25 21:46:27', NULL, NULL),
(29, 42, '2020-06-170', 'LOCAL TREASURER', 'Barangay Blue Ridge B', 'Barangay Blue Ridge B', 'Appropriation for Infrastructure (20% Devt Fund)', '2020-05-29', '2020-06-30', NULL, '2021-02-01 17:49:23', NULL, NULL),
(30, 45, '2020-02-064', 'LOCAL TREASURER', 'Barangay Blue Ridge B', 'Barangay Blue Ridge B', 'Repairs and Maintenance - Other Property, Plant and Equipment', '2020-02-13', '2020-02-13', NULL, '2021-02-02 22:05:26', NULL, NULL),
(31, 46, '2020-04-125', 'LOCAL TREASURER', 'Barangay Blue Ridge B', 'Barangay Blue Ridge B', 'Other Maintenance and Operating Expenses', '2020-04-15', '2020-04-20', NULL, '2021-02-04 17:54:37', NULL, NULL),
(32, 43, '2020-05-144', 'LOCAL TREASURER', 'Barangay Blue Ridge B', 'Barangay Blue Ridge B', 'Appropriation for Infrastructure (20% Devt Fund)', '2020-05-11', '2020-05-22', NULL, '2021-02-04 21:04:28', NULL, NULL),
(33, 50, '2020-05-128', 'LOCAL TREASURER', 'Barangay Blue Ridge B', 'Barangay Blue Ridge B', 'Other Supplies and Materials Expenses', '2020-05-03', '2020-05-08', NULL, '2021-02-10 00:31:06', NULL, NULL),
(34, 52, '2020-05-143', 'LOCAL TREASURER', 'Barangay Blue Ridge B', 'Barangay Blue Ridge B', 'Other Maintenance and Operating Expenses', '2020-05-09', '2020-05-09', NULL, '2021-02-18 00:41:03', NULL, NULL),
(35, 56, '2020-05-130', 'LOCAL TREASURER', 'Barangay Blue Ridge B', 'Barangay Blue Ridge B', 'Other Maintenance and Operating Expenses', '2020-05-01', '2020-05-06', NULL, '2021-02-21 17:58:24', NULL, NULL),
(36, 59, '2020-04-115', 'LOCAL TREASURER', 'Barangay Blue Ridge B', 'Barangay Blue Ridge B', 'Other Maintenance and Operating Expenses', '2020-04-01', '2020-04-06', NULL, '2021-02-21 19:10:15', NULL, NULL),
(37, 60, '2020-04-117', 'LOCAL TREASURER', 'Barangay Blue Ridge B', 'Barangay Blue Ridge B', 'Other General Services', '2020-04-01', '2020-04-06', NULL, '2021-02-21 21:46:27', NULL, NULL),
(38, 61, '2020-04-125', 'LOCAL TREASURER', 'Barangay Blue Ridge B', 'Barangay Blue Ridge B', 'Other Maintenance and Operating Expenses', '2020-04-18', '2020-04-20', '2021-02-23 21:20:58', '2021-02-23 18:24:49', NULL, NULL),
(39, 62, '2020-05-126', 'LOCAL TREASURER', 'Barangay Blue Ridge B', 'Barangay Blue Ridge B', 'Legal Services', '2020-05-04', '2020-05-08', NULL, '2021-02-25 23:21:18', NULL, NULL),
(40, 54, '2020-05-127', 'LOCAL TREASURER', 'Barangay Blue Ridge B', 'Barangay Blue Ridge B', 'To purchase Medicine Supplies for Covid19 preparations.', '2020-04-30', '2020-05-08', NULL, '2021-02-28 21:57:04', NULL, NULL),
(41, 66, '2021-02-011', 'LOCAL TREASURER', 'Barangay Blue Ridge B', 'Barangay Blue Ridge B', 'Legal Services', '2021-02-03', '2021-02-15', NULL, '2021-03-04 18:48:17', NULL, NULL),
(42, 64, '2020-06-152', 'Michelle V. Meniano', 'Barangay Blue Ridge B', 'Barangay Blue Ridge B', 'Training Expenses', '2020-05-27', '2020-06-15', NULL, '2021-03-11 18:28:17', NULL, NULL),
(43, 68, '2020-06-164', 'LOCAL TREASURER', 'Barangay Blue Ridge B', 'Barangay Blue Ridge B', 'Training Expenses', '2020-06-03', '2020-06-05', NULL, '2021-03-05 00:15:53', NULL, NULL),
(44, 69, '2020-05-138', 'LOCAL TREASURER', 'Barangay Blue Ridge B', 'Barangay Blue Ridge B', 'Training Expenses', '2020-05-01', '2020-05-23', NULL, '2021-03-05 02:53:09', NULL, NULL),
(45, 70, '2020-03-100', 'LOCAL TREASURER', 'Barangay Blue Ridge B', 'Barangay Blue Ridge B', 'Appropriation for Infrastructure (20% Devt Fund)', '2020-03-01', '2020-03-16', NULL, '2021-03-08 00:02:06', NULL, NULL),
(46, 75, '2020-06-155', 'Michelle V. Meniano', 'Barangay Blue Ridge B', 'Barangay Blue Ridge B', 'Repairs and Maintenance - Other Property, Plant and Equipment', '2020-05-22', '2021-03-30', NULL, '2021-03-09 17:46:31', NULL, NULL),
(47, 76, '2020-06-179', 'LOCAL TREASURER', 'Barangay Blue Ridge B', 'Barangay Blue Ridge B', 'Transportation and Delivery Expenses', '2020-06-15', '2020-06-30', NULL, '2021-03-11 21:39:52', NULL, NULL),
(48, 79, '2021-02-009', 'LOCAL TREASURER', 'Barangay Blue Ridge B', 'Barangay Blue Ridge B', 'Repairs and Maintenance - Other Property, Plant and Equipment', '2021-01-04', '2021-01-06', NULL, '2021-03-10 17:58:50', NULL, NULL),
(49, 85, '2020-06-241', 'Michelle V. Meniano', 'Barangay Blue Ridge B', 'Barangay Blue Ridge B', 'Appropriation for Infrastructure (20% Devt Fund)', '2020-06-28', '2020-06-28', NULL, '2021-03-11 20:13:32', NULL, NULL),
(50, 86, '2020-06-173', 'LOCAL TREASURER', 'Barangay Blue Ridge B', 'Barangay Blue Ridge B', 'Repairs and Maintenance - Machinery and Equipment', '2020-06-14', '2020-06-23', NULL, '2021-03-11 23:09:24', NULL, NULL),
(51, 87, '2020-05-129', 'LOCAL TREASURER', 'Barangay Blue Ridge B', 'Barangay Blue Ridge B', 'Other Maintenance and Operating Expenses', '2020-05-02', '2020-05-15', NULL, '2021-03-12 07:53:58', NULL, NULL),
(52, 88, '2020-06-157', 'LOCAL TREASURER', 'Barangay Blue Ridge B', 'Barangay Blue Ridge B', 'Appropriation for Infrastructure (20% Devt Fund)', '2020-06-10', '2020-06-15', NULL, '2021-03-14 18:11:07', NULL, NULL),
(53, 89, '2020-06-156', 'LOCAL TREASURER', 'Barangay Blue Ridge B', 'Barangay Blue Ridge B', 'Disaster Preparedness, Prevention & Mitigation', '2020-06-10', '2020-06-15', NULL, '2021-03-14 21:23:19', NULL, NULL),
(54, 90, '2020-06-158', 'LOCAL TREASURER', 'Barangay Blue Ridge B', 'Barangay Blue Ridge B', 'BCPC (less attribution from BDRRM & BADAC)', '2020-05-25', '2020-05-30', NULL, '2021-03-14 23:53:04', NULL, NULL),
(55, 91, '2020-06-181', 'LOCAL TREASURER', 'Barangay Blue Ridge B', 'Barangay Blue Ridge B', 'Repairs and Maintenance - Other Property, Plant and Equipment', '2020-06-20', '2020-06-30', NULL, '2021-03-16 18:19:04', NULL, NULL),
(56, 92, '2020-06-171', 'LOCAL TREASURER', 'Barangay Blue Ridge B', 'Barangay Blue Ridge B', 'Appropriation for Infrastructure (20% Devt Fund)', '2020-06-17', '2020-06-30', NULL, '2021-03-16 21:55:28', NULL, NULL),
(57, 95, '2020-6-159', 'LOCAL TREASURER', 'Barangay Blue Ridge B', 'Barangay Blue Ridge B', 'Legal Services', '2020-06-10', '2020-06-15', NULL, '2021-03-18 21:54:16', NULL, NULL),
(58, 96, '2020-06-161', 'LOCAL TREASURER', 'Barangay Blue Ridge B', 'Barangay Blue Ridge B', 'Appropriation for Infrastructure (20% Devt Fund)', '2020-06-10', '2020-06-15', NULL, '2021-03-18 22:23:51', NULL, NULL),
(59, 93, '2021-02-007', 'LOCAL TREASURER', 'Barangay Blue Ridge B', 'Barangay Blue Ridge B', 'Appropriation for Infrastructure (20% Devt Fund)', '2021-02-03', '2021-03-08', NULL, '2021-03-21 22:41:49', NULL, NULL),
(60, 99, '2020-06-154', 'LOCAL TREASURER', 'Barangay Blue Ridge B', 'Barangay Blue Ridge B', 'Legal Services', '2020-06-01', '2020-06-15', NULL, '2021-03-21 19:53:34', NULL, NULL),
(61, 100, '2020-06-168', 'LOCAL TREASURER', 'Barangay Blue Ridge B', 'Barangay Blue Ridge B', 'Appropriation for Infrastructure (20% Devt Fund)', '2020-06-13', '2020-06-15', NULL, '2021-03-21 21:58:27', NULL, NULL),
(62, 101, '2020-03-075', 'LOCAL TREASURER', 'Barangay Blue Ridge B', 'Barangay Blue Ridge B', 'Office Supplies Expenses', '2020-03-05', '2021-03-15', NULL, '2021-03-22 01:03:24', NULL, NULL),
(63, 102, '2020-06-162', 'LOCAL TREASURER', 'Barangay Blue Ridge B', 'Barangay Blue Ridge B', 'MOOE (Health and Nutrition)', '2020-06-10', '2020-06-15', NULL, '2021-03-24 00:01:36', NULL, NULL);

-- --------------------------------------------------------

--
-- Table structure for table `purchase_request_items`
--

CREATE TABLE `purchase_request_items` (
  `id` bigint(20) UNSIGNED NOT NULL,
  `pr_id` bigint(20) UNSIGNED NOT NULL,
  `unit_id` bigint(20) UNSIGNED NOT NULL,
  `inventory_name_id` bigint(20) UNSIGNED NOT NULL,
  `quantity` decimal(14,3) NOT NULL,
  `unit_cost` decimal(14,2) NOT NULL,
  `created_at` timestamp NULL DEFAULT NULL,
  `updated_at` timestamp NULL DEFAULT NULL,
  `deleted_at` timestamp NULL DEFAULT NULL,
  `created_by` bigint(20) UNSIGNED DEFAULT NULL
) ENGINE=InnoDB DEFAULT CHARSET=utf8mb4 COLLATE=utf8mb4_unicode_ci;

--
-- Dumping data for table `purchase_request_items`
--

INSERT INTO `purchase_request_items` (`id`, `pr_id`, `unit_id`, `inventory_name_id`, `quantity`, `unit_cost`, `created_at`, `updated_at`, `deleted_at`, `created_by`) VALUES
(1, 1, 2, 1, '4.000', '2500.00', '2020-03-20 07:21:25', '2020-03-20 07:21:25', NULL, NULL),
(2, 2, 2, 3, '7.000', '1299.75', '2020-03-23 07:51:03', '2020-03-23 07:51:03', NULL, NULL),
(3, 2, 2, 4, '1.000', '1299.75', '2020-03-23 07:51:03', '2020-03-23 07:51:03', NULL, NULL),
(4, 3, 2, 5, '1.000', '1000.00', '2020-05-14 03:32:41', '2020-05-14 03:32:41', NULL, NULL),
(5, 3, 2, 6, '1.000', '300.00', '2020-05-14 03:32:41', '2020-05-14 03:32:41', NULL, NULL),
(6, 3, 2, 7, '1.000', '900.00', '2020-05-14 03:32:41', '2020-05-14 03:32:41', NULL, NULL),
(7, 3, 2, 8, '1.000', '1500.00', '2020-05-14 03:32:41', '2020-05-14 03:32:41', NULL, NULL),
(8, 3, 2, 9, '1.000', '100.00', '2020-05-14 03:32:41', '2020-05-14 03:32:41', NULL, NULL),
(9, 3, 2, 10, '1.000', '50.00', '2020-05-14 03:32:41', '2020-05-14 03:32:41', NULL, NULL),
(10, 3, 2, 11, '1.000', '300.00', '2020-05-14 03:32:41', '2020-05-14 03:32:41', NULL, NULL),
(11, 3, 2, 12, '1.000', '190.00', '2020-05-14 03:32:41', '2020-05-14 03:32:41', NULL, NULL),
(12, 3, 2, 13, '1.000', '50.00', '2020-05-14 03:32:41', '2020-05-14 03:32:41', NULL, NULL),
(13, 4, 9, 15, '2.000', '66.00', '2020-05-14 07:45:15', '2020-05-14 07:45:15', NULL, NULL),
(14, 4, 2, 16, '6.000', '88.00', '2020-05-14 07:45:15', '2020-05-14 07:45:15', NULL, NULL),
(15, 4, 11, 17, '3.000', '235.00', '2020-05-14 07:45:15', '2020-05-14 07:45:15', NULL, NULL),
(16, 4, 1, 18, '1.000', '150.00', '2020-05-14 07:45:15', '2020-05-14 07:45:15', NULL, NULL),
(17, 5, 2, 19, '1.000', '10990.00', '2020-05-14 07:50:28', '2020-05-14 07:50:28', NULL, NULL),
(18, 6, 2, 20, '1.000', '500.00', '2020-05-21 02:03:24', '2020-05-21 02:03:24', NULL, NULL),
(19, 6, 2, 21, '1.000', '500.00', '2020-05-21 02:03:24', '2020-05-21 02:03:24', NULL, NULL),
(20, 7, 2, 22, '2.000', '7500.00', '2020-09-03 19:48:55', '2020-09-03 19:48:55', NULL, NULL),
(21, 8, 1, 23, '1.000', '659.00', '2020-09-04 20:45:40', '2020-09-04 20:45:40', NULL, NULL),
(22, 8, 2, 24, '20.000', '5.00', '2020-09-04 20:45:40', '2020-09-04 20:45:40', NULL, NULL),
(23, 8, 2, 25, '1.000', '15.00', '2020-09-04 20:45:40', '2020-09-04 20:45:40', NULL, NULL),
(24, 8, 1, 26, '1.000', '77.00', '2020-09-04 20:45:40', '2020-09-04 20:45:40', NULL, NULL),
(25, 8, 1, 27, '1.000', '103.00', '2020-09-04 20:45:40', '2020-09-04 20:45:40', NULL, NULL),
(26, 8, 1, 28, '1.000', '31.00', '2020-09-04 20:45:40', '2020-09-04 20:45:40', NULL, NULL),
(27, 8, 2, 29, '1.000', '34.00', '2020-09-04 20:45:40', '2020-09-04 20:45:40', NULL, NULL),
(28, 8, 2, 30, '1.000', '5.00', '2020-09-04 20:45:40', '2020-09-04 20:45:40', NULL, NULL),
(29, 8, 2, 31, '20.000', '10.00', '2020-09-04 20:45:40', '2020-09-04 20:45:40', NULL, NULL),
(30, 8, 2, 32, '2.000', '100.00', '2020-09-04 20:45:40', '2020-09-04 20:45:40', NULL, NULL),
(31, 8, 5, 33, '1.000', '2700.00', '2020-09-04 20:45:40', '2020-09-04 20:45:40', NULL, NULL),
(32, 8, 5, 34, '1.000', '3467.00', '2020-09-04 20:45:40', '2020-09-04 20:45:40', NULL, NULL),
(33, 8, 2, 35, '56.000', '25.00', '2020-09-04 20:45:40', '2020-09-04 20:45:40', NULL, NULL),
(34, 8, 2, 36, '500.000', '2.00', '2020-09-04 20:45:40', '2020-09-04 20:45:40', NULL, NULL),
(35, 8, 2, 37, '1.000', '9.00', '2020-09-04 20:45:40', '2020-09-04 20:45:40', NULL, NULL),
(36, 9, 2, 38, '1.000', '30000.00', '2020-11-04 19:23:14', '2020-11-04 19:23:14', NULL, NULL),
(37, 10, 2, 40, '1.000', '22500.00', '2020-12-14 00:07:14', '2020-12-14 00:07:14', NULL, NULL),
(38, 11, 2, 41, '132.000', '1.00', '2021-01-06 19:54:13', '2021-01-06 19:54:13', NULL, NULL),
(39, 11, 2, 42, '940.000', '1.50', '2021-01-06 19:54:13', '2021-01-06 19:54:13', NULL, NULL),
(40, 11, 2, 43, '5.000', '28.00', '2021-01-06 19:54:13', '2021-01-06 19:54:13', NULL, NULL),
(41, 12, 2, 44, '1.000', '2000.00', '2021-01-07 19:59:06', '2021-01-07 19:59:06', NULL, NULL),
(42, 12, 2, 45, '300.000', '3.25', '2021-01-07 19:59:06', '2021-01-07 19:59:06', NULL, NULL),
(43, 12, 2, 46, '300.000', '2.75', '2021-01-07 19:59:06', '2021-01-07 19:59:06', NULL, NULL),
(44, 12, 2, 47, '300.000', '2.00', '2021-01-07 19:59:06', '2021-01-07 19:59:06', NULL, NULL),
(45, 12, 2, 48, '300.000', '4.00', '2021-01-07 19:59:07', '2021-01-07 19:59:07', NULL, NULL),
(46, 12, 2, 49, '30.000', '18.00', '2021-01-07 19:59:07', '2021-01-07 19:59:07', NULL, NULL),
(47, 12, 2, 50, '120.000', '18.25', '2021-01-07 19:59:07', '2021-01-07 19:59:07', NULL, NULL),
(48, 13, 2, 51, '1.000', '2000.00', '2021-01-10 17:16:38', '2021-01-10 17:16:38', NULL, NULL),
(49, 13, 12, 52, '120.000', '18.25', '2021-01-10 17:16:38', '2021-01-10 17:16:38', NULL, NULL),
(50, 13, 2, 53, '300.000', '3.25', '2021-01-10 17:16:38', '2021-01-10 17:16:38', NULL, NULL),
(51, 13, 2, 54, '300.000', '2.75', '2021-01-10 17:16:38', '2021-01-10 17:16:38', NULL, NULL),
(52, 13, 2, 55, '300.000', '2.00', '2021-01-10 17:16:38', '2021-01-10 17:16:38', NULL, NULL),
(53, 13, 2, 56, '300.000', '4.00', '2021-01-10 17:16:38', '2021-01-10 17:16:38', NULL, NULL),
(54, 13, 2, 57, '30.000', '18.00', '2021-01-10 17:16:39', '2021-01-10 17:16:39', NULL, NULL),
(55, 14, 2, 58, '1.000', '800.00', '2021-01-13 17:15:10', '2021-01-13 17:15:10', NULL, NULL),
(56, 14, 9, 59, '1.000', '152.75', '2021-01-13 17:15:10', '2021-01-13 17:15:10', NULL, NULL),
(57, 14, 9, 60, '2.000', '44.75', '2021-01-13 17:15:10', '2021-01-13 17:15:10', NULL, NULL),
(58, 14, 2, 61, '1.000', '500.00', '2021-01-13 17:15:10', '2021-01-13 17:15:10', NULL, NULL),
(59, 14, 2, 62, '1.000', '40.00', '2021-01-13 17:15:10', '2021-01-13 17:15:10', NULL, NULL),
(60, 14, 15, 63, '6.000', '83.00', '2021-01-13 17:15:10', '2021-01-13 17:15:10', NULL, NULL),
(61, 14, 15, 64, '1.000', '1190.00', '2021-01-13 17:15:10', '2021-01-13 17:15:10', NULL, NULL),
(62, 14, 1, 65, '3.000', '120.00', '2021-01-13 17:15:10', '2021-01-13 17:15:10', NULL, NULL),
(63, 14, 2, 66, '1.000', '20.00', '2021-01-13 17:15:11', '2021-01-13 17:15:11', NULL, NULL),
(64, 14, 2, 67, '1.000', '50.00', '2021-01-13 17:15:11', '2021-01-13 17:15:11', NULL, NULL),
(65, 14, 1, 68, '2.000', '179.00', '2021-01-13 17:15:11', '2021-01-13 17:15:11', NULL, NULL),
(66, 14, 1, 69, '1.000', '25.00', '2021-01-13 17:15:11', '2021-01-13 17:15:11', NULL, NULL),
(67, 14, 1, 70, '1.000', '60.00', '2021-01-13 17:15:11', '2021-01-13 17:15:11', NULL, NULL),
(68, 14, 1, 71, '4.000', '148.00', '2021-01-13 17:15:11', '2021-01-13 17:15:11', NULL, NULL),
(69, 14, 1, 72, '1.000', '30.00', '2021-01-13 17:15:11', '2021-01-13 17:15:11', NULL, NULL),
(70, 14, 2, 73, '2.000', '36.00', '2021-01-13 17:15:11', '2021-01-13 17:15:11', NULL, NULL),
(71, 14, 2, 74, '5.000', '35.00', '2021-01-13 17:15:11', '2021-01-13 17:15:11', NULL, NULL),
(72, 14, 2, 75, '2.000', '35.00', '2021-01-13 17:15:11', '2021-01-13 17:15:11', NULL, NULL),
(73, 14, 2, 76, '3.000', '15.00', '2021-01-13 17:15:11', '2021-01-13 17:15:11', NULL, NULL),
(74, 14, 2, 77, '12.000', '15.00', '2021-01-13 17:15:11', '2021-01-13 17:15:11', NULL, NULL),
(75, 14, 2, 78, '12.000', '15.00', '2021-01-13 17:15:11', '2021-01-13 17:15:11', NULL, NULL),
(76, 14, 2, 79, '13.000', '12.00', '2021-01-13 17:15:11', '2021-01-13 17:15:11', NULL, NULL),
(77, 14, 2, 80, '15.000', '15.00', '2021-01-13 17:15:11', '2021-01-13 17:15:11', NULL, NULL),
(78, 14, 2, 81, '5.000', '10.00', '2021-01-13 17:15:11', '2021-01-13 17:15:11', NULL, NULL),
(79, 14, 2, 82, '6.000', '10.00', '2021-01-13 17:15:11', '2021-01-13 17:15:11', NULL, NULL),
(80, 14, 2, 83, '5.000', '10.00', '2021-01-13 17:15:11', '2021-01-13 17:15:11', NULL, NULL),
(81, 14, 2, 84, '4.000', '10.00', '2021-01-13 17:15:11', '2021-01-13 17:15:11', NULL, NULL),
(82, 14, 2, 85, '3.000', '2.00', '2021-01-13 17:15:11', '2021-01-13 17:15:11', NULL, NULL),
(83, 14, 2, 86, '2.000', '5.00', '2021-01-13 17:15:11', '2021-01-13 17:15:11', NULL, NULL),
(84, 14, 2, 87, '2.000', '12.00', '2021-01-13 17:15:11', '2021-01-13 17:15:11', NULL, NULL),
(85, 14, 2, 88, '5.000', '12.00', '2021-01-13 17:15:11', '2021-01-13 17:15:11', NULL, NULL),
(86, 14, 2, 89, '2.000', '10.00', '2021-01-13 17:15:11', '2021-01-13 17:15:11', NULL, NULL),
(87, 14, 2, 90, '2.000', '15.00', '2021-01-13 17:15:11', '2021-01-13 17:15:11', NULL, NULL),
(88, 14, 2, 91, '2.000', '10.00', '2021-01-13 17:15:11', '2021-01-13 17:15:11', NULL, NULL),
(89, 14, 2, 92, '2.000', '15.00', '2021-01-13 17:15:11', '2021-01-13 17:15:11', NULL, NULL),
(90, 14, 2, 93, '2.000', '15.00', '2021-01-13 17:15:11', '2021-01-13 17:15:11', NULL, NULL),
(91, 14, 2, 94, '2.000', '15.00', '2021-01-13 17:15:12', '2021-01-13 17:15:12', NULL, NULL),
(92, 14, 2, 95, '2.000', '8.00', '2021-01-13 17:15:12', '2021-01-13 17:15:12', NULL, NULL),
(93, 14, 2, 96, '2.000', '10.00', '2021-01-13 17:15:12', '2021-01-13 17:15:12', NULL, NULL),
(94, 14, 2, 97, '2.000', '10.00', '2021-01-13 17:15:12', '2021-01-13 17:15:12', NULL, NULL),
(95, 14, 2, 98, '2.000', '22.00', '2021-01-13 17:15:12', '2021-01-13 17:15:12', NULL, NULL),
(96, 14, 2, 99, '1.000', '35.00', '2021-01-13 17:15:12', '2021-01-13 17:15:12', NULL, NULL),
(97, 14, 2, 100, '1.000', '35.00', '2021-01-13 17:15:12', '2021-01-13 17:15:12', NULL, NULL),
(98, 14, 2, 101, '2.000', '30.00', '2021-01-13 17:15:12', '2021-01-13 17:15:12', NULL, NULL),
(99, 14, 2, 102, '1.000', '10.00', '2021-01-13 17:15:12', '2021-01-13 17:15:12', NULL, NULL),
(100, 14, 2, 103, '1.000', '8.00', '2021-01-13 17:15:12', '2021-01-13 17:15:12', NULL, NULL),
(101, 14, 2, 104, '3.000', '5.00', '2021-01-13 17:15:12', '2021-01-13 17:15:12', NULL, NULL),
(102, 14, 2, 105, '12.000', '15.00', '2021-01-13 17:15:12', '2021-01-13 17:15:12', NULL, NULL),
(103, 14, 2, 106, '6.000', '15.00', '2021-01-13 17:15:12', '2021-01-13 17:15:12', NULL, NULL),
(104, 14, 2, 107, '5.000', '15.00', '2021-01-13 17:15:12', '2021-01-13 17:15:12', NULL, NULL),
(105, 14, 2, 108, '14.000', '12.00', '2021-01-13 17:15:12', '2021-01-13 17:15:12', NULL, NULL),
(106, 14, 2, 109, '8.000', '12.00', '2021-01-13 17:15:12', '2021-01-13 17:15:12', NULL, NULL),
(107, 14, 2, 110, '6.000', '8.00', '2021-01-13 17:15:13', '2021-01-13 17:15:13', NULL, NULL),
(108, 15, 2, 111, '1.000', '5500.00', '2021-01-14 16:52:09', '2021-01-14 16:52:09', NULL, NULL),
(109, 15, 2, 112, '5.000', '668.00', '2021-01-14 16:52:09', '2021-01-14 16:52:09', NULL, NULL),
(110, 15, 2, 113, '5.000', '36.00', '2021-01-14 16:52:09', '2021-01-14 16:52:09', NULL, NULL),
(111, 15, 2, 114, '3.000', '36.00', '2021-01-14 16:52:09', '2021-01-14 16:52:09', NULL, NULL),
(112, 15, 2, 115, '3.000', '42.00', '2021-01-14 16:52:09', '2021-01-14 16:52:09', NULL, NULL),
(113, 15, 2, 116, '1.000', '28.50', '2021-01-14 16:52:09', '2021-01-14 16:52:09', NULL, NULL),
(114, 15, 2, 117, '1.000', '90.00', '2021-01-14 16:52:09', '2021-01-14 16:52:09', NULL, NULL),
(115, 15, 2, 118, '10.000', '32.75', '2021-01-14 16:52:09', '2021-01-14 16:52:09', NULL, NULL),
(116, 15, 2, 119, '30.000', '4.50', '2021-01-14 16:52:09', '2021-01-14 16:52:09', NULL, NULL),
(117, 15, 2, 120, '100.000', '5.00', '2021-01-14 16:52:09', '2021-01-14 16:52:09', NULL, NULL),
(118, 15, 2, 121, '2.000', '126.00', '2021-01-14 16:52:09', '2021-01-14 16:52:09', NULL, NULL),
(119, 15, 2, 122, '2.000', '124.00', '2021-01-14 16:52:09', '2021-01-14 16:52:09', NULL, NULL),
(120, 15, 2, 123, '1.000', '90.00', '2021-01-14 16:52:10', '2021-01-14 16:52:10', NULL, NULL),
(121, 16, 12, 124, '1.000', '16588.00', '2021-01-14 18:22:37', '2021-01-14 18:22:37', NULL, NULL),
(122, 17, 2, 125, '1.000', '50.00', '2021-01-14 20:50:48', '2021-01-14 20:50:48', NULL, NULL),
(123, 17, 2, 126, '2.000', '150.00', '2021-01-14 20:50:48', '2021-01-14 20:50:48', NULL, NULL),
(124, 17, 2, 127, '1.000', '150.00', '2021-01-14 20:50:48', '2021-01-14 20:50:48', NULL, NULL),
(125, 17, 2, 128, '1.000', '372.00', '2021-01-14 20:50:48', '2021-01-14 20:50:48', NULL, NULL),
(126, 17, 2, 129, '1.000', '50.00', '2021-01-14 20:50:48', '2021-01-14 20:50:48', NULL, NULL),
(127, 17, 2, 130, '2.000', '150.00', '2021-01-14 20:50:48', '2021-01-14 20:50:48', NULL, NULL),
(128, 17, 2, 131, '3.000', '66.00', '2021-01-14 20:50:48', '2021-01-14 20:50:48', NULL, NULL),
(129, 17, 2, 132, '1.000', '10.00', '2021-01-14 20:50:48', '2021-01-14 20:50:48', NULL, NULL),
(130, 17, 2, 133, '1.000', '300.00', '2021-01-14 20:50:48', '2021-01-14 20:50:48', NULL, NULL),
(131, 17, 2, 134, '1.000', '100.00', '2021-01-14 20:50:48', '2021-01-14 20:50:48', NULL, NULL),
(132, 18, 2, 135, '15.000', '200.00', '2021-01-17 17:55:47', '2021-01-17 17:55:47', NULL, NULL),
(133, 18, 2, 136, '10.000', '10.00', '2021-01-17 17:55:47', '2021-01-17 17:55:47', NULL, NULL),
(134, 18, 2, 137, '30.000', '10.00', '2021-01-17 17:55:47', '2021-01-17 17:55:47', NULL, NULL),
(135, 19, 2, 138, '1.000', '30566.00', '2021-01-17 19:39:21', '2021-01-17 19:39:21', NULL, NULL),
(136, 20, 2, 139, '4.000', '20.00', '2021-01-19 05:04:18', '2021-01-19 05:04:18', NULL, NULL),
(137, 20, 9, 140, '1.000', '2500.00', '2021-01-19 05:04:18', '2021-01-19 05:04:18', NULL, NULL),
(138, 20, 2, 141, '1.000', '34.75', '2021-01-19 05:04:18', '2021-01-19 05:04:18', NULL, NULL),
(139, 20, 2, 142, '1.000', '44.75', '2021-01-19 05:04:18', '2021-01-19 05:04:18', NULL, NULL),
(140, 20, 2, 143, '11.000', '19.00', '2021-01-19 05:04:18', '2021-01-19 05:04:18', NULL, NULL),
(147, 22, 2, 150, '1.000', '4260.00', '2021-01-21 19:31:54', '2021-01-21 19:31:54', NULL, NULL),
(148, 22, 2, 151, '1.000', '7309.00', '2021-01-21 19:31:54', '2021-01-21 19:31:54', NULL, NULL),
(149, 22, 2, 152, '1.000', '4064.00', '2021-01-21 19:31:54', '2021-01-21 19:31:54', NULL, NULL),
(150, 22, 2, 153, '1.000', '5897.00', '2021-01-21 19:31:54', '2021-01-21 19:31:54', NULL, NULL),
(151, 22, 2, 154, '1.000', '4857.00', '2021-01-21 19:31:54', '2021-01-21 19:31:54', NULL, NULL),
(152, 22, 2, 155, '1.000', '4169.00', '2021-01-21 19:31:54', '2021-01-21 19:31:54', NULL, NULL),
(153, 23, 2, 156, '1.000', '5500.00', '2021-01-21 21:43:28', '2021-01-21 21:43:28', NULL, NULL),
(154, 23, 2, 157, '5.000', '668.00', '2021-01-21 21:43:28', '2021-01-21 21:43:28', NULL, NULL),
(155, 23, 2, 158, '5.000', '36.00', '2021-01-21 21:43:28', '2021-01-21 21:43:28', NULL, NULL),
(156, 23, 2, 159, '3.000', '36.00', '2021-01-21 21:43:28', '2021-01-21 21:43:28', NULL, NULL),
(157, 23, 2, 160, '3.000', '42.00', '2021-01-21 21:43:28', '2021-01-21 21:43:28', NULL, NULL),
(158, 23, 2, 161, '1.000', '28.50', '2021-01-21 21:43:29', '2021-01-21 21:43:29', NULL, NULL),
(159, 23, 2, 162, '1.000', '90.00', '2021-01-21 21:43:29', '2021-01-21 21:43:29', NULL, NULL),
(160, 23, 2, 163, '10.000', '32.75', '2021-01-21 21:43:29', '2021-01-21 21:43:29', NULL, NULL),
(161, 23, 2, 164, '30.000', '4.50', '2021-01-21 21:43:29', '2021-01-21 21:43:29', NULL, NULL),
(162, 23, 2, 165, '100.000', '5.00', '2021-01-21 21:43:29', '2021-01-21 21:43:29', NULL, NULL),
(163, 23, 2, 166, '2.000', '126.00', '2021-01-21 21:43:29', '2021-01-21 21:43:29', NULL, NULL),
(164, 23, 2, 167, '2.000', '124.00', '2021-01-21 21:43:29', '2021-01-21 21:43:29', NULL, NULL),
(165, 23, 2, 168, '1.000', '90.00', '2021-01-21 21:43:29', '2021-01-21 21:43:29', NULL, NULL),
(166, 24, 2, 44, '1.000', '2000.00', '2021-01-22 01:25:50', '2021-01-22 01:25:50', NULL, NULL),
(167, 24, 18, 169, '120.000', '18.25', '2021-01-22 01:25:50', '2021-01-22 01:25:50', NULL, NULL),
(168, 24, 2, 170, '300.000', '3.25', '2021-01-22 01:25:50', '2021-01-22 01:25:50', NULL, NULL),
(169, 24, 2, 171, '300.000', '2.75', '2021-01-22 01:25:50', '2021-01-22 01:25:50', NULL, NULL),
(170, 24, 2, 172, '300.000', '2.00', '2021-01-22 01:25:50', '2021-01-22 01:25:50', NULL, NULL),
(171, 24, 2, 173, '300.000', '4.00', '2021-01-22 01:25:50', '2021-01-22 01:25:50', NULL, NULL),
(172, 24, 2, 174, '30.000', '18.00', '2021-01-22 01:25:50', '2021-01-22 01:25:50', NULL, NULL),
(173, 25, 2, 175, '177.000', '3.25', '2021-01-25 17:57:02', '2021-01-25 17:57:02', NULL, NULL),
(174, 25, 2, 176, '100.000', '2.00', '2021-01-25 17:57:02', '2021-01-25 17:57:02', NULL, NULL),
(175, 25, 2, 177, '200.000', '3.25', '2021-01-25 17:57:02', '2021-01-25 17:57:02', NULL, NULL),
(176, 25, 2, 178, '100.000', '10.75', '2021-01-25 17:57:02', '2021-01-25 17:57:02', NULL, NULL),
(177, 26, 2, 179, '20.000', '250.00', '2021-01-25 18:15:55', '2021-01-25 18:15:55', NULL, NULL),
(178, 27, 2, 180, '15.000', '200.00', '2021-01-25 20:43:26', '2021-01-25 20:43:26', NULL, NULL),
(179, 27, 2, 181, '10.000', '10.00', '2021-01-25 20:43:26', '2021-01-25 20:43:26', NULL, NULL),
(180, 27, 2, 182, '30.000', '10.00', '2021-01-25 20:43:26', '2021-01-25 20:43:26', NULL, NULL),
(181, 28, 2, 183, '1.000', '5500.00', '2021-01-25 21:46:27', '2021-01-25 21:46:27', NULL, NULL),
(182, 28, 2, 184, '5.000', '668.00', '2021-01-25 21:46:27', '2021-01-25 21:46:27', NULL, NULL),
(183, 28, 2, 185, '5.000', '36.00', '2021-01-25 21:46:27', '2021-01-25 21:46:27', NULL, NULL),
(184, 28, 2, 186, '3.000', '36.00', '2021-01-25 21:46:27', '2021-01-25 21:46:27', NULL, NULL),
(185, 28, 2, 187, '3.000', '42.00', '2021-01-25 21:46:27', '2021-01-25 21:46:27', NULL, NULL),
(186, 28, 2, 188, '1.000', '28.50', '2021-01-25 21:46:27', '2021-01-25 21:46:27', NULL, NULL),
(187, 28, 2, 189, '1.000', '90.00', '2021-01-25 21:46:28', '2021-01-25 21:46:28', NULL, NULL),
(188, 28, 2, 190, '10.000', '32.75', '2021-01-25 21:46:28', '2021-01-25 21:46:28', NULL, NULL),
(189, 28, 2, 191, '30.000', '4.50', '2021-01-25 21:46:28', '2021-01-25 21:46:28', NULL, NULL),
(190, 28, 2, 192, '100.000', '5.00', '2021-01-25 21:46:28', '2021-01-25 21:46:28', NULL, NULL),
(191, 28, 2, 193, '2.000', '126.00', '2021-01-25 21:46:28', '2021-01-25 21:46:28', NULL, NULL),
(192, 28, 2, 194, '2.000', '124.00', '2021-01-25 21:46:28', '2021-01-25 21:46:28', NULL, NULL),
(193, 28, 2, 195, '1.000', '90.00', '2021-01-25 21:46:28', '2021-01-25 21:46:28', NULL, NULL),
(194, 29, 2, 196, '4.000', '750.00', '2021-02-01 17:49:23', '2021-02-01 17:49:23', NULL, NULL),
(195, 29, 2, 197, '1.000', '400.00', '2021-02-01 17:49:23', '2021-02-01 17:49:23', NULL, NULL),
(196, 30, 2, 198, '160.000', '26.50', '2021-02-02 22:05:26', '2021-02-02 22:05:26', NULL, NULL),
(197, 30, 2, 199, '1.000', '350.00', '2021-02-02 22:05:26', '2021-02-02 22:05:26', NULL, NULL),
(198, 30, 2, 200, '1.000', '600.00', '2021-02-02 22:05:26', '2021-02-02 22:05:26', NULL, NULL),
(199, 31, 2, 201, '1.000', '193.25', '2021-02-04 17:54:37', '2021-02-04 17:54:37', NULL, NULL),
(200, 31, 2, 202, '1.000', '64.85', '2021-02-04 17:54:37', '2021-02-04 17:54:37', NULL, NULL),
(201, 31, 2, 203, '1.000', '51.50', '2021-02-04 17:54:37', '2021-02-04 17:54:37', NULL, NULL),
(202, 31, 2, 204, '1.000', '49.00', '2021-02-04 17:54:38', '2021-02-04 17:54:38', NULL, NULL),
(203, 31, 2, 205, '1.000', '39.00', '2021-02-04 17:54:38', '2021-02-04 17:54:38', NULL, NULL),
(204, 31, 2, 206, '1.000', '46.00', '2021-02-04 17:54:38', '2021-02-04 17:54:38', NULL, NULL),
(205, 31, 2, 207, '1.000', '46.00', '2021-02-04 17:54:38', '2021-02-04 17:54:38', NULL, NULL),
(206, 31, 2, 208, '1.000', '45.60', '2021-02-04 17:54:38', '2021-02-04 17:54:38', NULL, NULL),
(207, 31, 2, 209, '1.000', '36.70', '2021-02-04 17:54:38', '2021-02-04 17:54:38', NULL, NULL),
(208, 31, 2, 210, '1.000', '99.00', '2021-02-04 17:54:38', '2021-02-04 17:54:38', NULL, NULL),
(209, 31, 2, 211, '1.000', '80.50', '2021-02-04 17:54:38', '2021-02-04 17:54:38', NULL, NULL),
(210, 31, 2, 212, '1.000', '80.50', '2021-02-04 17:54:38', '2021-02-04 17:54:38', NULL, NULL),
(211, 31, 2, 213, '1.000', '99.00', '2021-02-04 17:54:38', '2021-02-04 17:54:38', NULL, NULL),
(212, 31, 2, 214, '1.000', '71.00', '2021-02-04 17:54:38', '2021-02-04 17:54:38', NULL, NULL),
(213, 31, 2, 215, '1.000', '71.00', '2021-02-04 17:54:38', '2021-02-04 17:54:38', NULL, NULL),
(214, 31, 2, 216, '1.000', '142.75', '2021-02-04 17:54:38', '2021-02-04 17:54:38', NULL, NULL),
(215, 31, 2, 217, '15.000', '21.00', '2021-02-04 17:54:39', '2021-02-04 17:54:39', NULL, NULL),
(216, 31, 2, 218, '1.000', '190.00', '2021-02-04 17:54:39', '2021-02-04 17:54:39', NULL, NULL),
(217, 31, 2, 219, '1.000', '83.00', '2021-02-04 17:54:39', '2021-02-04 17:54:39', NULL, NULL),
(218, 31, 2, 220, '1.000', '129.50', '2021-02-04 17:54:39', '2021-02-04 17:54:39', NULL, NULL),
(219, 31, 2, 221, '1.000', '65.50', '2021-02-04 17:54:39', '2021-02-04 17:54:39', NULL, NULL),
(220, 31, 2, 222, '1.000', '242.25', '2021-02-04 17:54:39', '2021-02-04 17:54:39', NULL, NULL),
(221, 31, 2, 223, '1.000', '96.00', '2021-02-04 17:54:39', '2021-02-04 17:54:39', NULL, NULL),
(222, 31, 2, 224, '1.000', '56.00', '2021-02-04 17:54:39', '2021-02-04 17:54:39', NULL, NULL),
(223, 31, 2, 225, '1.000', '398.75', '2021-02-04 17:54:39', '2021-02-04 17:54:39', NULL, NULL),
(224, 31, 2, 226, '1.000', '253.00', '2021-02-04 17:54:39', '2021-02-04 17:54:39', NULL, NULL),
(225, 31, 2, 227, '1.000', '231.00', '2021-02-04 17:54:39', '2021-02-04 17:54:39', NULL, NULL),
(226, 31, 2, 228, '1.000', '159.00', '2021-02-04 17:54:39', '2021-02-04 17:54:39', NULL, NULL),
(227, 31, 2, 229, '1.000', '221.50', '2021-02-04 17:54:39', '2021-02-04 17:54:39', NULL, NULL),
(228, 31, 2, 230, '1.000', '40.50', '2021-02-04 17:54:39', '2021-02-04 17:54:39', NULL, NULL),
(229, 32, 2, 231, '2.000', '4100.00', '2021-02-04 21:04:28', '2021-02-04 21:04:28', NULL, NULL),
(230, 32, 2, 232, '1.000', '10000.00', '2021-02-04 21:04:28', '2021-02-04 21:04:28', NULL, NULL),
(231, 33, 2, 233, '50.000', '40.00', '2021-02-10 00:31:06', '2021-02-10 00:31:06', NULL, NULL),
(232, 34, 7, 234, '10.000', '568.00', '2021-02-18 00:41:03', '2021-02-18 00:41:03', NULL, NULL),
(233, 34, 14, 235, '1.000', '448.00', '2021-02-18 00:41:03', '2021-02-18 00:41:03', NULL, NULL),
(234, 34, 17, 236, '1.000', '963.20', '2021-02-18 00:41:03', '2021-02-18 00:41:03', NULL, NULL),
(235, 35, 2, 237, '1.000', '7309.00', '2021-02-21 17:58:24', '2021-02-21 17:58:24', NULL, NULL),
(236, 35, 2, 238, '1.000', '4064.00', '2021-02-21 17:58:24', '2021-02-21 17:58:24', NULL, NULL),
(237, 35, 2, 239, '1.000', '4169.00', '2021-02-21 17:58:24', '2021-02-21 17:58:24', NULL, NULL),
(238, 35, 2, 240, '1.000', '4260.00', '2021-02-21 17:58:24', '2021-02-21 17:58:24', NULL, NULL),
(239, 35, 2, 241, '1.000', '5897.00', '2021-02-21 17:58:24', '2021-02-21 17:58:24', NULL, NULL),
(240, 35, 2, 242, '1.000', '4857.00', '2021-02-21 17:58:25', '2021-02-21 17:58:25', NULL, NULL),
(241, 36, 15, 243, '1.000', '5541.00', '2021-02-21 19:10:15', '2021-02-21 19:10:15', NULL, NULL),
(242, 36, 15, 244, '1.000', '990.00', '2021-02-21 19:10:16', '2021-02-21 19:10:16', NULL, NULL),
(243, 36, 15, 245, '1.000', '881.00', '2021-02-21 19:10:16', '2021-02-21 19:10:16', NULL, NULL),
(244, 36, 15, 246, '1.000', '8520.00', '2021-02-21 19:10:16', '2021-02-21 19:10:16', NULL, NULL),
(245, 36, 15, 247, '1.000', '9257.00', '2021-02-21 19:10:16', '2021-02-21 19:10:16', NULL, NULL),
(246, 37, 2, 248, '1.000', '50.00', '2021-02-21 21:46:27', '2021-02-21 21:46:27', NULL, NULL),
(247, 37, 2, 249, '1.000', '372.00', '2021-02-21 21:46:27', '2021-02-21 21:46:27', NULL, NULL),
(248, 37, 2, 250, '1.000', '50.00', '2021-02-21 21:46:27', '2021-02-21 21:46:27', NULL, NULL),
(249, 37, 2, 251, '2.000', '150.00', '2021-02-21 21:46:27', '2021-02-21 21:46:27', NULL, NULL),
(250, 37, 2, 252, '1.000', '150.00', '2021-02-21 21:46:27', '2021-02-21 21:46:27', NULL, NULL),
(251, 37, 2, 253, '1.000', '300.00', '2021-02-21 21:46:27', '2021-02-21 21:46:27', NULL, NULL),
(252, 37, 2, 254, '3.000', '66.00', '2021-02-21 21:46:27', '2021-02-21 21:46:27', NULL, NULL),
(253, 37, 2, 255, '1.000', '10.00', '2021-02-21 21:46:27', '2021-02-21 21:46:27', NULL, NULL),
(254, 37, 2, 256, '1.000', '300.00', '2021-02-21 21:46:27', '2021-02-21 21:46:27', NULL, NULL),
(255, 37, 2, 257, '1.000', '100.00', '2021-02-21 21:46:27', '2021-02-21 21:46:27', NULL, NULL),
(256, 38, 2, 258, '1.000', '193.25', '2021-02-23 18:24:49', '2021-02-23 18:24:49', NULL, NULL),
(257, 38, 2, 259, '1.000', '64.85', '2021-02-23 18:24:49', '2021-02-23 18:24:49', NULL, NULL),
(258, 38, 2, 260, '1.000', '51.50', '2021-02-23 18:24:49', '2021-02-23 18:24:49', NULL, NULL),
(259, 38, 2, 261, '1.000', '49.00', '2021-02-23 18:24:50', '2021-02-23 18:24:50', NULL, NULL),
(260, 38, 2, 262, '1.000', '39.00', '2021-02-23 18:24:50', '2021-02-23 18:24:50', NULL, NULL),
(261, 38, 2, 263, '1.000', '46.00', '2021-02-23 18:24:50', '2021-02-23 18:24:50', NULL, NULL),
(262, 38, 2, 264, '1.000', '46.00', '2021-02-23 18:24:50', '2021-02-23 18:24:50', NULL, NULL),
(263, 38, 2, 265, '1.000', '45.60', '2021-02-23 18:24:50', '2021-02-23 18:24:50', NULL, NULL),
(264, 38, 2, 266, '1.000', '36.70', '2021-02-23 18:24:50', '2021-02-23 18:24:50', NULL, NULL),
(265, 38, 2, 267, '1.000', '99.00', '2021-02-23 18:24:50', '2021-02-23 18:24:50', NULL, NULL),
(266, 38, 2, 268, '1.000', '80.50', '2021-02-23 18:24:50', '2021-02-23 18:24:50', NULL, NULL),
(267, 38, 2, 269, '1.000', '80.50', '2021-02-23 18:24:50', '2021-02-23 18:24:50', NULL, NULL),
(268, 38, 2, 270, '1.000', '99.00', '2021-02-23 18:24:50', '2021-02-23 18:24:50', NULL, NULL),
(269, 38, 2, 271, '1.000', '71.00', '2021-02-23 18:24:50', '2021-02-23 18:24:50', NULL, NULL),
(270, 38, 2, 272, '1.000', '71.00', '2021-02-23 18:24:50', '2021-02-23 18:24:50', NULL, NULL),
(271, 38, 1, 273, '1.000', '142.75', '2021-02-23 18:24:50', '2021-02-23 18:24:50', NULL, NULL),
(272, 38, 7, 274, '1.000', '315.00', '2021-02-23 18:24:50', '2021-02-23 18:24:50', NULL, NULL),
(273, 38, 7, 275, '1.000', '190.00', '2021-02-23 18:24:51', '2021-02-23 18:24:51', NULL, NULL),
(274, 38, 1, 276, '1.000', '83.00', '2021-02-23 18:24:51', '2021-02-23 18:24:51', NULL, NULL),
(275, 38, 2, 277, '1.000', '129.50', '2021-02-23 18:24:51', '2021-02-23 18:24:51', NULL, NULL),
(276, 38, 2, 278, '1.000', '65.50', '2021-02-23 18:24:51', '2021-02-23 18:24:51', NULL, NULL),
(277, 38, 2, 279, '1.000', '242.25', '2021-02-23 18:24:51', '2021-02-23 18:24:51', NULL, NULL),
(278, 38, 2, 280, '1.000', '96.00', '2021-02-23 18:24:51', '2021-02-23 18:24:51', NULL, NULL),
(279, 38, 2, 281, '1.000', '56.00', '2021-02-23 18:24:51', '2021-02-23 18:24:51', NULL, NULL),
(280, 38, 2, 282, '1.000', '398.75', '2021-02-23 18:24:51', '2021-02-23 18:24:51', NULL, NULL),
(281, 38, 7, 283, '1.000', '253.00', '2021-02-23 18:24:51', '2021-02-23 18:24:51', NULL, NULL),
(282, 38, 2, 284, '1.000', '231.00', '2021-02-23 18:24:51', '2021-02-23 18:24:51', NULL, NULL),
(283, 38, 2, 285, '1.000', '159.00', '2021-02-23 18:24:51', '2021-02-23 18:24:51', NULL, NULL),
(284, 38, 2, 286, '1.000', '221.50', '2021-02-23 18:24:51', '2021-02-23 18:24:51', NULL, NULL),
(285, 38, 2, 287, '1.000', '40.50', '2021-02-23 18:24:51', '2021-02-23 18:24:51', NULL, NULL),
(286, 39, 2, 288, '1.000', '100.00', '2021-02-25 18:23:34', '2021-02-25 18:23:34', NULL, NULL),
(287, 39, 2, 289, '2.000', '100.00', '2021-02-25 18:23:34', '2021-02-25 18:23:34', NULL, NULL),
(288, 39, 2, 290, '2.000', '100.00', '2021-02-25 18:23:34', '2021-02-25 18:23:34', NULL, NULL),
(289, 40, 2, 291, '1.000', '1383.00', '2021-02-28 21:57:04', '2021-02-28 21:57:04', NULL, NULL),
(290, 40, 1, 292, '1.000', '350.00', '2021-02-28 21:57:04', '2021-02-28 21:57:04', NULL, NULL),
(291, 40, 7, 293, '12.000', '432.00', '2021-02-28 21:57:04', '2021-02-28 21:57:04', NULL, NULL),
(292, 40, 2, 294, '120.000', '18.25', '2021-02-28 21:57:04', '2021-02-28 21:57:04', NULL, NULL),
(293, 40, 2, 295, '300.000', '2.75', '2021-02-28 21:57:04', '2021-02-28 21:57:04', NULL, NULL),
(294, 40, 2, 296, '10.000', '24.00', '2021-02-28 21:57:05', '2021-02-28 21:57:05', NULL, NULL),
(295, 40, 2, 297, '10.000', '7.00', '2021-02-28 21:57:05', '2021-02-28 21:57:05', NULL, NULL),
(296, 40, 2, 298, '15.000', '20.00', '2021-02-28 21:57:05', '2021-02-28 21:57:05', NULL, NULL),
(297, 40, 2, 299, '20.000', '9.50', '2021-02-28 21:57:05', '2021-02-28 21:57:05', NULL, NULL),
(298, 40, 2, 300, '4.000', '26.50', '2021-02-28 21:57:05', '2021-02-28 21:57:05', NULL, NULL),
(299, 40, 2, 301, '23.000', '3.25', '2021-02-28 21:57:05', '2021-02-28 21:57:05', NULL, NULL),
(300, 40, 2, 302, '3.000', '75.00', '2021-02-28 21:57:05', '2021-02-28 21:57:05', NULL, NULL),
(301, 40, 2, 303, '4.000', '15.00', '2021-02-28 21:57:05', '2021-02-28 21:57:05', NULL, NULL),
(302, 40, 2, 304, '2.000', '80.00', '2021-02-28 21:57:05', '2021-02-28 21:57:05', NULL, NULL),
(303, 40, 2, 305, '28.000', '17.75', '2021-02-28 21:57:05', '2021-02-28 21:57:05', NULL, NULL),
(304, 41, 2, 290, '1.000', '100.00', '2021-03-04 18:48:17', '2021-03-04 18:48:17', NULL, NULL),
(305, 41, 2, 306, '1.000', '150.00', '2021-03-04 18:48:17', '2021-03-04 18:48:17', NULL, NULL),
(306, 41, 2, 307, '12.000', '150.00', '2021-03-04 18:48:17', '2021-03-04 18:48:17', NULL, NULL),
(307, 41, 2, 308, '1.000', '100.00', '2021-03-04 18:48:17', '2021-03-04 18:48:17', NULL, NULL),
(308, 41, 2, 309, '1.000', '100.00', '2021-03-04 18:48:17', '2021-03-04 18:48:17', NULL, NULL),
(309, 41, 2, 310, '4.000', '150.00', '2021-03-04 18:48:17', '2021-03-04 18:48:17', NULL, NULL),
(310, 41, 2, 311, '1.000', '200.00', '2021-03-04 18:48:17', '2021-03-04 18:48:17', NULL, NULL),
(311, 41, 2, 312, '2.000', '101.00', '2021-03-04 18:48:17', '2021-03-04 18:48:17', NULL, NULL),
(312, 42, 15, 313, '1.000', '410.00', '2021-03-04 18:54:47', '2021-03-04 18:54:47', NULL, NULL),
(313, 42, 15, 314, '1.000', '455.00', '2021-03-04 18:54:47', '2021-03-04 18:54:47', NULL, NULL),
(314, 42, 2, 315, '2.000', '40.00', '2021-03-04 18:54:47', '2021-03-04 18:54:47', NULL, NULL),
(315, 42, 2, 316, '2.000', '10.00', '2021-03-04 18:54:47', '2021-03-04 18:54:47', NULL, NULL),
(316, 42, 2, 317, '1.000', '36.00', '2021-03-04 18:54:47', '2021-03-04 18:54:47', NULL, NULL),
(317, 42, 2, 318, '1.000', '15.00', '2021-03-04 18:54:47', '2021-03-04 18:54:47', NULL, NULL),
(318, 42, 2, 319, '2.000', '24.00', '2021-03-04 18:54:47', '2021-03-04 18:54:47', NULL, NULL),
(319, 42, 2, 320, '1.000', '15.00', '2021-03-04 18:54:47', '2021-03-04 18:54:47', NULL, NULL),
(320, 42, 2, 321, '1.000', '214.00', '2021-03-04 18:54:47', '2021-03-04 18:54:47', NULL, NULL),
(321, 42, 2, 322, '2.000', '40.00', '2021-03-04 18:54:47', '2021-03-04 18:54:47', NULL, NULL),
(322, 42, 2, 323, '1.000', '40.00', '2021-03-04 18:54:47', '2021-03-04 18:54:47', NULL, NULL),
(323, 42, 2, 324, '1.000', '120.00', '2021-03-04 18:54:47', '2021-03-04 18:54:47', NULL, NULL),
(324, 42, 2, 325, '1.000', '103.00', '2021-03-04 18:54:47', '2021-03-04 18:54:47', NULL, NULL),
(325, 42, 2, 326, '1.000', '7.71', '2021-03-04 18:54:47', '2021-03-04 18:54:47', NULL, NULL),
(326, 43, 2, 327, '1.000', '178.00', '2021-03-05 00:15:53', '2021-03-05 00:15:53', NULL, NULL),
(327, 43, 2, 328, '3.000', '114.00', '2021-03-05 00:15:53', '2021-03-05 00:15:53', NULL, NULL),
(328, 43, 15, 329, '1.000', '4627.82', '2021-03-05 00:15:53', '2021-03-05 00:15:53', NULL, NULL),
(329, 43, 2, 330, '3.000', '81.43', '2021-03-05 00:15:53', '2021-03-05 00:15:53', NULL, NULL),
(330, 43, 15, 331, '1.000', '1485.00', '2021-03-05 00:15:53', '2021-03-05 00:15:53', NULL, NULL),
(331, 43, 2, 332, '1.000', '59.00', '2021-03-05 00:15:53', '2021-03-05 00:15:53', NULL, NULL),
(332, 43, 2, 333, '4.000', '279.00', '2021-03-05 00:15:53', '2021-03-05 00:15:53', NULL, NULL),
(333, 43, 2, 334, '15.000', '10.00', '2021-03-05 00:15:53', '2021-03-05 00:15:53', NULL, NULL),
(334, 43, 15, 335, '1.000', '490.71', '2021-03-05 00:15:53', '2021-03-05 00:15:53', NULL, NULL),
(335, 43, 2, 336, '3.000', '40.00', '2021-03-05 00:15:53', '2021-03-05 00:15:53', NULL, NULL),
(336, 43, 2, 337, '3.000', '40.00', '2021-03-05 00:15:53', '2021-03-05 00:15:53', NULL, NULL),
(337, 43, 2, 338, '3.000', '30.00', '2021-03-05 00:15:54', '2021-03-05 00:15:54', NULL, NULL),
(338, 43, 2, 339, '10.000', '12.00', '2021-03-05 00:15:54', '2021-03-05 00:15:54', NULL, NULL),
(339, 43, 2, 340, '5.000', '60.00', '2021-03-05 00:15:54', '2021-03-05 00:15:54', NULL, NULL),
(340, 43, 2, 341, '4.000', '260.00', '2021-03-05 00:15:54', '2021-03-05 00:15:54', NULL, NULL),
(341, 43, 15, 342, '1.000', '339.43', '2021-03-05 00:15:54', '2021-03-05 00:15:54', NULL, NULL),
(342, 43, 15, 343, '1.000', '180.86', '2021-03-05 00:15:54', '2021-03-05 00:15:54', NULL, NULL),
(343, 43, 15, 344, '1.000', '1485.00', '2021-03-05 00:15:54', '2021-03-05 00:15:54', NULL, NULL),
(344, 43, 2, 345, '3.000', '260.00', '2021-03-05 00:15:54', '2021-03-05 00:15:54', NULL, NULL),
(345, 43, 2, 346, '1.000', '200.00', '2021-03-05 00:15:54', '2021-03-05 00:15:54', NULL, NULL),
(346, 43, 15, 347, '1.000', '1200.00', '2021-03-05 00:15:54', '2021-03-05 00:15:54', NULL, NULL),
(347, 44, 14, 348, '1.000', '280.00', '2021-03-05 02:53:09', '2021-03-05 02:53:09', NULL, NULL),
(348, 44, 2, 349, '2.000', '30.00', '2021-03-05 02:53:09', '2021-03-05 02:53:09', NULL, NULL),
(349, 44, 14, 350, '1.000', '50.00', '2021-03-05 02:53:09', '2021-03-05 02:53:09', NULL, NULL),
(350, 44, 2, 351, '6.000', '15.00', '2021-03-05 02:53:09', '2021-03-05 02:53:09', NULL, NULL),
(351, 44, 2, 352, '3.000', '15.00', '2021-03-05 02:53:09', '2021-03-05 02:53:09', NULL, NULL),
(352, 44, 2, 353, '1.000', '20.00', '2021-03-05 02:53:09', '2021-03-05 02:53:09', NULL, NULL),
(353, 44, 2, 354, '4.000', '15.00', '2021-03-05 02:53:09', '2021-03-05 02:53:09', NULL, NULL),
(354, 44, 2, 355, '3.000', '22.00', '2021-03-05 02:53:10', '2021-03-05 02:53:10', NULL, NULL),
(355, 44, 2, 356, '7.000', '10.00', '2021-03-05 02:53:10', '2021-03-05 02:53:10', NULL, NULL),
(356, 44, 2, 357, '2.000', '15.00', '2021-03-05 02:53:10', '2021-03-05 02:53:10', NULL, NULL),
(357, 44, 2, 358, '1.000', '11.00', '2021-03-05 02:53:10', '2021-03-05 02:53:10', NULL, NULL),
(358, 44, 2, 359, '3.000', '10.00', '2021-03-05 02:53:10', '2021-03-05 02:53:10', NULL, NULL),
(359, 44, 2, 360, '1.000', '26.00', '2021-03-05 02:53:10', '2021-03-05 02:53:10', NULL, NULL),
(360, 44, 7, 361, '1.000', '462.75', '2021-03-05 02:53:10', '2021-03-05 02:53:10', NULL, NULL),
(361, 45, 15, 362, '1.000', '25000.00', '2021-03-08 00:02:06', '2021-03-08 00:02:06', NULL, NULL),
(362, 46, 2, 363, '2.000', '165.00', '2021-03-09 17:46:31', '2021-03-09 17:46:31', NULL, NULL),
(363, 47, 2, 365, '1.000', '50.00', '2021-03-09 23:46:25', '2021-03-09 23:46:25', NULL, NULL),
(364, 47, 2, 366, '1.000', '40.00', '2021-03-09 23:46:25', '2021-03-09 23:46:25', NULL, NULL),
(365, 47, 2, 367, '1.000', '60.00', '2021-03-09 23:46:25', '2021-03-09 23:46:25', NULL, NULL),
(366, 47, 2, 368, '1.000', '83.00', '2021-03-09 23:46:25', '2021-03-09 23:46:25', NULL, NULL),
(367, 47, 2, 369, '1.000', '29.00', '2021-03-09 23:46:25', '2021-03-09 23:46:25', NULL, NULL),
(368, 47, 2, 370, '1.000', '54.00', '2021-03-09 23:46:25', '2021-03-09 23:46:25', NULL, NULL),
(369, 48, 2, 371, '2.000', '5250.00', '2021-03-10 17:58:50', '2021-03-10 17:58:50', NULL, NULL),
(370, 49, 13, 372, '1.000', '825.00', '2021-03-11 20:13:32', '2021-03-11 20:13:32', NULL, NULL),
(371, 49, 13, 373, '1.000', '200.00', '2021-03-11 20:13:33', '2021-03-11 20:13:33', NULL, NULL),
(372, 49, 2, 374, '1.000', '400.00', '2021-03-11 20:13:33', '2021-03-11 20:13:33', NULL, NULL),
(373, 49, 2, 375, '1.000', '25.00', '2021-03-11 20:13:33', '2021-03-11 20:13:33', NULL, NULL),
(374, 49, 2, 376, '6.000', '10.00', '2021-03-11 20:13:33', '2021-03-11 20:13:33', NULL, NULL),
(375, 49, 2, 377, '3.000', '23.00', '2021-03-11 20:13:33', '2021-03-11 20:13:33', NULL, NULL),
(376, 49, 7, 378, '1.000', '220.00', '2021-03-11 20:13:33', '2021-03-11 20:13:33', NULL, NULL),
(377, 50, 2, 379, '1.000', '177.00', '2021-03-11 23:09:24', '2021-03-11 23:09:24', NULL, NULL),
(378, 50, 3, 380, '8.000', '65.00', '2021-03-11 23:09:24', '2021-03-11 23:09:24', NULL, NULL),
(379, 51, 7, 381, '7.000', '50.00', '2021-03-12 07:53:58', '2021-03-12 07:53:58', NULL, NULL),
(380, 51, 2, 382, '5.000', '260.00', '2021-03-12 07:53:58', '2021-03-12 07:53:58', NULL, NULL),
(381, 51, 2, 383, '2.000', '10.00', '2021-03-12 07:53:58', '2021-03-12 07:53:58', NULL, NULL),
(382, 51, 2, 384, '5.000', '15.00', '2021-03-12 07:53:58', '2021-03-12 07:53:58', NULL, NULL),
(383, 51, 2, 385, '1.000', '15.00', '2021-03-12 07:53:58', '2021-03-12 07:53:58', NULL, NULL),
(384, 51, 2, 386, '4.000', '10.00', '2021-03-12 07:53:58', '2021-03-12 07:53:58', NULL, NULL),
(385, 51, 15, 387, '2.000', '57.00', '2021-03-12 07:53:59', '2021-03-12 07:53:59', NULL, NULL),
(386, 51, 15, 388, '1.000', '456.86', '2021-03-12 07:53:59', '2021-03-12 07:53:59', NULL, NULL),
(387, 51, 15, 389, '1.000', '452.43', '2021-03-12 07:53:59', '2021-03-12 07:53:59', NULL, NULL),
(388, 51, 2, 390, '2.000', '549.00', '2021-03-12 07:53:59', '2021-03-12 07:53:59', NULL, NULL),
(389, 51, 2, 391, '15.000', '40.00', '2021-03-12 07:53:59', '2021-03-12 07:53:59', NULL, NULL),
(390, 51, 2, 392, '10.000', '20.00', '2021-03-12 07:53:59', '2021-03-12 07:53:59', NULL, NULL),
(391, 51, 17, 393, '1.000', '280.00', '2021-03-12 07:53:59', '2021-03-12 07:53:59', NULL, NULL),
(392, 51, 13, 394, '1.000', '267.50', '2021-03-12 07:53:59', '2021-03-12 07:53:59', NULL, NULL),
(393, 51, 7, 395, '1.000', '127.65', '2021-03-12 07:53:59', '2021-03-12 07:53:59', NULL, NULL),
(394, 51, 7, 396, '1.000', '146.80', '2021-03-12 07:53:59', '2021-03-12 07:53:59', NULL, NULL),
(395, 51, 2, 397, '25.000', '157.00', '2021-03-12 07:53:59', '2021-03-12 07:53:59', NULL, NULL),
(396, 52, 2, 398, '4.000', '2000.00', '2021-03-14 18:01:59', '2021-03-14 18:01:59', NULL, NULL),
(397, 53, 2, 399, '14.000', '2200.00', '2021-03-14 21:23:19', '2021-03-14 21:23:19', NULL, NULL),
(398, 54, 2, 400, '1.000', '88.00', '2021-03-14 23:53:04', '2021-03-14 23:53:04', NULL, NULL),
(399, 54, 2, 401, '1.000', '99.00', '2021-03-14 23:53:04', '2021-03-14 23:53:04', NULL, NULL),
(400, 54, 2, 402, '1.000', '88.00', '2021-03-14 23:53:04', '2021-03-14 23:53:04', NULL, NULL),
(401, 54, 2, 403, '1.000', '66.00', '2021-03-14 23:53:04', '2021-03-14 23:53:04', NULL, NULL),
(402, 54, 2, 404, '1.000', '66.00', '2021-03-14 23:53:04', '2021-03-14 23:53:04', NULL, NULL),
(403, 54, 2, 405, '1.000', '99.00', '2021-03-14 23:53:04', '2021-03-14 23:53:04', NULL, NULL),
(404, 54, 2, 406, '1.000', '66.00', '2021-03-14 23:53:04', '2021-03-14 23:53:04', NULL, NULL),
(405, 54, 2, 407, '1.000', '25.00', '2021-03-14 23:53:04', '2021-03-14 23:53:04', NULL, NULL),
(406, 54, 2, 408, '1.000', '25.00', '2021-03-14 23:53:05', '2021-03-14 23:53:05', NULL, NULL),
(407, 54, 2, 409, '1.000', '492.00', '2021-03-14 23:53:05', '2021-03-14 23:53:05', NULL, NULL),
(408, 54, 2, 410, '1.000', '68.00', '2021-03-14 23:53:05', '2021-03-14 23:53:05', NULL, NULL),
(409, 54, 2, 411, '1.000', '39.00', '2021-03-14 23:53:05', '2021-03-14 23:53:05', NULL, NULL),
(410, 54, 2, 412, '1.000', '29.00', '2021-03-14 23:53:05', '2021-03-14 23:53:05', NULL, NULL),
(411, 54, 2, 413, '1.000', '24.75', '2021-03-14 23:53:05', '2021-03-14 23:53:05', NULL, NULL),
(412, 54, 2, 414, '1.000', '25.00', '2021-03-14 23:53:05', '2021-03-14 23:53:05', NULL, NULL),
(413, 54, 2, 415, '1.000', '54.00', '2021-03-14 23:53:05', '2021-03-14 23:53:05', NULL, NULL),
(414, 54, 2, 416, '1.000', '40.00', '2021-03-14 23:53:05', '2021-03-14 23:53:05', NULL, NULL),
(415, 55, 2, 417, '3.000', '350.00', '2021-03-16 18:19:04', '2021-03-16 18:19:04', NULL, NULL),
(416, 55, 2, 418, '2.000', '300.00', '2021-03-16 18:19:04', '2021-03-16 18:19:04', NULL, NULL),
(417, 55, 2, 419, '1.000', '389.00', '2021-03-16 18:19:05', '2021-03-16 18:19:05', NULL, NULL),
(418, 55, 2, 420, '2.000', '1995.00', '2021-03-16 18:19:05', '2021-03-16 18:19:05', NULL, NULL),
(419, 55, 2, 421, '2.000', '78.00', '2021-03-16 18:19:05', '2021-03-16 18:19:05', NULL, NULL),
(420, 55, 2, 422, '1.000', '78.00', '2021-03-16 18:19:05', '2021-03-16 18:19:05', NULL, NULL),
(421, 55, 2, 423, '2.000', '74.00', '2021-03-16 18:19:05', '2021-03-16 18:19:05', NULL, NULL),
(422, 55, 2, 424, '2.000', '127.00', '2021-03-16 18:19:05', '2021-03-16 18:19:05', NULL, NULL),
(423, 55, 2, 425, '2.000', '127.00', '2021-03-16 18:19:05', '2021-03-16 18:19:05', NULL, NULL),
(424, 55, 2, 426, '1.000', '1144.00', '2021-03-16 18:19:05', '2021-03-16 18:19:05', NULL, NULL),
(425, 56, 2, 427, '1.000', '850.00', '2021-03-16 21:55:28', '2021-03-16 21:55:28', NULL, NULL),
(426, 56, 2, 428, '1.000', '2500.00', '2021-03-16 21:55:28', '2021-03-16 21:55:28', NULL, NULL),
(427, 56, 2, 429, '1.000', '2500.00', '2021-03-16 21:55:28', '2021-03-16 21:55:28', NULL, NULL),
(428, 57, 2, 290, '1.000', '150.00', '2021-03-18 21:54:16', '2021-03-18 21:54:16', NULL, NULL),
(429, 57, 2, 430, '1.000', '100.00', '2021-03-18 21:54:16', '2021-03-18 21:54:16', NULL, NULL),
(430, 57, 2, 431, '1.000', '100.00', '2021-03-18 21:54:16', '2021-03-18 21:54:16', NULL, NULL),
(431, 58, 13, 432, '1.000', '280.00', '2021-03-18 22:23:51', '2021-03-18 22:23:51', NULL, NULL),
(432, 58, 13, 433, '1.000', '60.00', '2021-03-18 22:23:51', '2021-03-18 22:23:51', NULL, NULL),
(433, 58, 13, 434, '1.000', '120.00', '2021-03-18 22:23:51', '2021-03-18 22:23:51', NULL, NULL),
(434, 58, 2, 435, '3.000', '10.00', '2021-03-18 22:23:51', '2021-03-18 22:23:51', NULL, NULL),
(435, 58, 13, 436, '1.000', '60.00', '2021-03-18 22:23:51', '2021-03-18 22:23:51', NULL, NULL),
(436, 58, 15, 437, '1.000', '800.00', '2021-03-18 22:23:51', '2021-03-18 22:23:51', NULL, NULL),
(437, 59, 2, 438, '2.000', '25.00', '2021-03-21 22:41:49', '2021-03-21 22:41:49', NULL, NULL),
(438, 59, 2, 439, '1.000', '450.00', '2021-03-21 22:41:49', '2021-03-21 22:41:49', NULL, NULL),
(439, 59, 2, 440, '1.000', '1700.00', '2021-03-21 22:41:49', '2021-03-21 22:41:49', NULL, NULL),
(440, 59, 2, 441, '1.000', '250.00', '2021-03-21 22:41:49', '2021-03-21 22:41:49', NULL, NULL),
(441, 59, 2, 442, '1.000', '120.00', '2021-03-21 22:41:49', '2021-03-21 22:41:49', NULL, NULL),
(442, 59, 2, 443, '1.000', '50.00', '2021-03-21 22:41:49', '2021-03-21 22:41:49', NULL, NULL),
(443, 59, 2, 444, '4.000', '10.00', '2021-03-21 22:41:49', '2021-03-21 22:41:49', NULL, NULL),
(444, 59, 2, 445, '1.000', '650.00', '2021-03-21 22:41:49', '2021-03-21 22:41:49', NULL, NULL),
(445, 59, 2, 446, '1.000', '300.00', '2021-03-21 22:41:49', '2021-03-21 22:41:49', NULL, NULL),
(446, 60, 2, 290, '1.000', '100.00', '2021-03-21 19:53:34', '2021-03-21 19:53:34', NULL, NULL),
(447, 60, 2, 447, '1.000', '900.00', '2021-03-21 19:53:34', '2021-03-21 19:53:34', NULL, NULL),
(448, 60, 2, 448, '1.000', '100.00', '2021-03-21 19:53:34', '2021-03-21 19:53:34', NULL, NULL),
(449, 61, 2, 449, '8.000', '1400.00', '2021-03-21 21:58:27', '2021-03-21 21:58:27', NULL, NULL),
(450, 62, 2, 450, '50.000', '20.00', '2021-03-22 01:03:24', '2021-03-22 01:03:24', NULL, NULL),
(451, 62, 2, 451, '2.000', '125.00', '2021-03-22 01:03:24', '2021-03-22 01:03:24', NULL, NULL),
(452, 62, 2, 452, '1.000', '65.00', '2021-03-22 01:03:24', '2021-03-22 01:03:24', NULL, NULL),
(453, 62, 2, 453, '4.000', '50.00', '2021-03-22 01:03:24', '2021-03-22 01:03:24', NULL, NULL),
(454, 62, 2, 454, '2.000', '40.00', '2021-03-22 01:03:24', '2021-03-22 01:03:24', NULL, NULL),
(455, 62, 2, 455, '1.000', '65.00', '2021-03-22 01:03:24', '2021-03-22 01:03:24', NULL, NULL),
(456, 62, 2, 456, '2.000', '32.00', '2021-03-22 01:03:24', '2021-03-22 01:03:24', NULL, NULL),
(457, 62, 2, 457, '3.000', '95.00', '2021-03-22 01:03:24', '2021-03-22 01:03:24', NULL, NULL),
(458, 62, 2, 458, '2.000', '65.00', '2021-03-22 01:03:24', '2021-03-22 01:03:24', NULL, NULL),
(459, 62, 2, 459, '4.000', '66.00', '2021-03-22 01:03:24', '2021-03-22 01:03:24', NULL, NULL),
(460, 62, 2, 460, '4.000', '25.00', '2021-03-22 01:03:25', '2021-03-22 01:03:25', NULL, NULL),
(461, 62, 2, 461, '30.000', '64.00', '2021-03-22 01:03:25', '2021-03-22 01:03:25', NULL, NULL),
(462, 62, 2, 462, '30.000', '1.00', '2021-03-22 01:03:25', '2021-03-22 01:03:25', NULL, NULL),
(463, 62, 2, 463, '2.000', '27.00', '2021-03-22 01:03:25', '2021-03-22 01:03:25', NULL, NULL),
(464, 62, 2, 464, '1.000', '300.00', '2021-03-22 01:03:25', '2021-03-22 01:03:25', NULL, NULL),
(465, 62, 2, 465, '1.000', '350.00', '2021-03-22 01:03:25', '2021-03-22 01:03:25', NULL, NULL),
(466, 62, 2, 466, '1.000', '450.00', '2021-03-22 01:03:25', '2021-03-22 01:03:25', NULL, NULL),
(467, 62, 2, 467, '1.000', '105.00', '2021-03-22 01:03:25', '2021-03-22 01:03:25', NULL, NULL),
(468, 62, 2, 468, '1.000', '38.00', '2021-03-22 01:03:25', '2021-03-22 01:03:25', NULL, NULL),
(469, 62, 2, 469, '1.000', '37.00', '2021-03-22 01:03:25', '2021-03-22 01:03:25', NULL, NULL),
(470, 62, 2, 470, '5.000', '10.00', '2021-03-22 01:03:25', '2021-03-22 01:03:25', NULL, NULL),
(471, 62, 2, 471, '9.000', '60.00', '2021-03-22 01:03:25', '2021-03-22 01:03:25', NULL, NULL),
(472, 62, 2, 472, '15.000', '855.00', '2021-03-22 01:03:25', '2021-03-22 01:03:25', NULL, NULL),
(473, 62, 2, 473, '6.000', '180.00', '2021-03-22 01:03:25', '2021-03-22 01:03:25', NULL, NULL),
(474, 62, 2, 474, '3.000', '160.00', '2021-03-22 01:03:25', '2021-03-22 01:03:25', NULL, NULL),
(475, 62, 2, 475, '1.000', '59.50', '2021-03-22 01:03:25', '2021-03-22 01:03:25', NULL, NULL),
(476, 62, 2, 476, '1.000', '42.95', '2021-03-22 01:03:25', '2021-03-22 01:03:25', NULL, NULL),
(477, 62, 2, 477, '3.000', '223.50', '2021-03-22 01:03:26', '2021-03-22 01:03:26', NULL, NULL),
(478, 62, 2, 478, '2.000', '109.95', '2021-03-22 01:03:26', '2021-03-22 01:03:26', NULL, NULL),
(479, 62, 2, 479, '1.000', '467.75', '2021-03-22 01:03:26', '2021-03-22 01:03:26', NULL, NULL),
(480, 62, 2, 480, '1.000', '139.25', '2021-03-22 01:03:26', '2021-03-22 01:03:26', NULL, NULL),
(481, 62, 2, 481, '1.000', '90.50', '2021-03-22 01:03:26', '2021-03-22 01:03:26', NULL, NULL),
(482, 62, 2, 482, '2.000', '31.50', '2021-03-22 01:03:26', '2021-03-22 01:03:26', NULL, NULL),
(483, 62, 2, 483, '2.000', '60.50', '2021-03-22 01:03:26', '2021-03-22 01:03:26', NULL, NULL),
(484, 62, 2, 484, '1.000', '98.50', '2021-03-22 01:03:26', '2021-03-22 01:03:26', NULL, NULL),
(485, 62, 2, 485, '2.000', '39.50', '2021-03-22 01:03:26', '2021-03-22 01:03:26', NULL, NULL),
(486, 62, 2, 486, '1.000', '240.00', '2021-03-22 01:03:26', '2021-03-22 01:03:26', NULL, NULL),
(487, 62, 2, 487, '2.000', '208.95', '2021-03-22 01:03:26', '2021-03-22 01:03:26', NULL, NULL),
(488, 62, 2, 488, '1.000', '157.50', '2021-03-22 01:03:26', '2021-03-22 01:03:26', NULL, NULL),
(489, 62, 2, 489, '1.000', '81.50', '2021-03-22 01:03:26', '2021-03-22 01:03:26', NULL, NULL),
(490, 62, 2, 490, '1.000', '54.50', '2021-03-22 01:03:26', '2021-03-22 01:03:26', NULL, NULL),
(491, 62, 2, 491, '1.000', '63.50', '2021-03-22 01:03:26', '2021-03-22 01:03:26', NULL, NULL),
(492, 62, 2, 492, '2.000', '60.00', '2021-03-22 01:03:26', '2021-03-22 01:03:26', NULL, NULL),
(493, 62, 2, 493, '7.000', '29.95', '2021-03-22 01:03:26', '2021-03-22 01:03:26', NULL, NULL),
(494, 62, 2, 494, '1.000', '153.00', '2021-03-22 01:03:27', '2021-03-22 01:03:27', NULL, NULL),
(495, 62, 2, 495, '1.000', '124.25', '2021-03-22 01:03:27', '2021-03-22 01:03:27', NULL, NULL),
(496, 62, 2, 496, '2.000', '54.50', '2021-03-22 01:03:27', '2021-03-22 01:03:27', NULL, NULL),
(497, 62, 2, 497, '1.000', '49.95', '2021-03-22 01:03:27', '2021-03-22 01:03:27', NULL, NULL),
(498, 62, 2, 498, '5.000', '97.25', '2021-03-22 01:03:27', '2021-03-22 01:03:27', NULL, NULL),
(499, 62, 2, 499, '2.000', '36.00', '2021-03-22 01:03:27', '2021-03-22 01:03:27', NULL, NULL),
(500, 62, 2, 500, '1.000', '36.50', '2021-03-22 01:03:27', '2021-03-22 01:03:27', NULL, NULL),
(501, 62, 2, 501, '1.000', '64.50', '2021-03-22 01:03:27', '2021-03-22 01:03:27', NULL, NULL),
(502, 62, 2, 502, '1.000', '45.25', '2021-03-22 01:03:27', '2021-03-22 01:03:27', NULL, NULL),
(503, 62, 2, 503, '1.000', '34.25', '2021-03-22 01:03:27', '2021-03-22 01:03:27', NULL, NULL),
(504, 62, 2, 504, '2.000', '192.50', '2021-03-22 01:03:27', '2021-03-22 01:03:27', NULL, NULL),
(505, 62, 2, 505, '1.000', '100.00', '2021-03-22 01:03:27', '2021-03-22 01:03:27', NULL, NULL),
(506, 62, 2, 506, '5.000', '50.00', '2021-03-22 01:03:27', '2021-03-22 01:03:27', NULL, NULL),
(507, 62, 2, 507, '5.000', '148.00', '2021-03-22 01:03:27', '2021-03-22 01:03:27', NULL, NULL),
(508, 62, 2, 508, '1.000', '430.00', '2021-03-22 01:03:27', '2021-03-22 01:03:27', NULL, NULL),
(509, 62, 2, 509, '1.000', '310.00', '2021-03-22 01:03:27', '2021-03-22 01:03:27', NULL, NULL),
(510, 62, 2, 510, '1.000', '360.00', '2021-03-22 01:03:27', '2021-03-22 01:03:27', NULL, NULL),
(511, 62, 2, 511, '1.000', '195.00', '2021-03-22 01:03:27', '2021-03-22 01:03:27', NULL, NULL),
(512, 62, 2, 512, '1.000', '195.00', '2021-03-22 01:03:27', '2021-03-22 01:03:27', NULL, NULL),
(513, 62, 2, 513, '1.000', '150.00', '2021-03-22 01:03:28', '2021-03-22 01:03:28', NULL, NULL),
(514, 62, 2, 514, '1.000', '104.00', '2021-03-22 01:03:28', '2021-03-22 01:03:28', NULL, NULL),
(515, 62, 2, 515, '1.000', '208.00', '2021-03-22 01:03:28', '2021-03-22 01:03:28', NULL, NULL),
(516, 62, 2, 516, '1.000', '45.00', '2021-03-22 01:03:28', '2021-03-22 01:03:28', NULL, NULL),
(517, 62, 2, 517, '2.000', '75.00', '2021-03-22 01:03:28', '2021-03-22 01:03:28', NULL, NULL),
(518, 62, 2, 518, '1.000', '64.20', '2021-03-22 01:03:28', '2021-03-22 01:03:28', NULL, NULL),
(519, 62, 2, 519, '2.000', '55.00', '2021-03-22 01:03:28', '2021-03-22 01:03:28', NULL, NULL),
(520, 62, 2, 520, '1.000', '100.00', '2021-03-22 01:03:28', '2021-03-22 01:03:28', NULL, NULL),
(521, 62, 2, 521, '3.000', '79.75', '2021-03-22 01:03:28', '2021-03-22 01:03:28', NULL, NULL),
(522, 62, 2, 522, '1.000', '179.25', '2021-03-22 01:03:28', '2021-03-22 01:03:28', NULL, NULL),
(523, 62, 2, 523, '1.000', '351.95', '2021-03-22 01:03:28', '2021-03-22 01:03:28', NULL, NULL),
(524, 63, 2, 524, '1.000', '1900.00', '2021-03-24 00:01:37', '2021-03-24 00:01:37', NULL, NULL),
(525, 63, 2, 525, '1.000', '113.25', '2021-03-24 00:01:37', '2021-03-24 00:01:37', NULL, NULL),
(526, 63, 2, 526, '15.000', '32.25', '2021-03-24 00:01:37', '2021-03-24 00:01:37', NULL, NULL),
(527, 63, 2, 527, '2.000', '275.00', '2021-03-24 00:01:37', '2021-03-24 00:01:37', NULL, NULL);

-- --------------------------------------------------------

--
-- Table structure for table `receivings`
--

CREATE TABLE `receivings` (
  `id` bigint(20) UNSIGNED NOT NULL,
  `po_id` bigint(20) UNSIGNED NOT NULL,
  `date_received` date NOT NULL,
  `receipt_number` varchar(191) COLLATE utf8mb4_unicode_ci DEFAULT NULL,
  `rer_number` varchar(191) COLLATE utf8mb4_unicode_ci DEFAULT NULL,
  `created_at` timestamp NULL DEFAULT NULL,
  `updated_at` timestamp NULL DEFAULT NULL,
  `deleted_at` timestamp NULL DEFAULT NULL,
  `created_by` bigint(20) UNSIGNED DEFAULT NULL
) ENGINE=InnoDB DEFAULT CHARSET=utf8mb4 COLLATE=utf8mb4_unicode_ci;

--
-- Dumping data for table `receivings`
--

INSERT INTO `receivings` (`id`, `po_id`, `date_received`, `receipt_number`, `rer_number`, `created_at`, `updated_at`, `deleted_at`, `created_by`) VALUES
(1, 1, '2020-01-24', '0958B', NULL, '2020-03-20 08:02:04', NULL, NULL, NULL),
(2, 3, '2020-01-27', '', NULL, '2020-05-14 08:00:39', NULL, NULL, NULL),
(3, 4, '2020-01-24', '', NULL, '2020-05-14 08:08:25', NULL, NULL, NULL),
(4, 5, '2020-01-24', '', NULL, '2020-05-14 08:11:45', NULL, NULL, NULL),
(5, 6, '2020-01-24', '', NULL, '2020-05-14 08:12:21', NULL, NULL, NULL),
(6, 7, '2020-03-16', '', NULL, '2020-11-04 19:32:12', NULL, NULL, NULL),
(7, 9, '2020-05-26', '', NULL, '2021-01-06 20:22:47', NULL, NULL, NULL),
(8, 10, '2020-06-02', '', NULL, '2021-01-06 20:23:40', NULL, NULL, NULL),
(9, 11, '2020-05-08', '', NULL, '2021-01-06 20:24:21', NULL, NULL, NULL),
(10, 12, '2021-01-08', '', NULL, '2021-01-07 22:07:07', NULL, '2021-01-22 08:16:33', NULL),
(11, 13, '2021-01-08', '', NULL, '2021-01-07 22:07:44', NULL, '2021-01-22 08:16:31', NULL),
(12, 14, '2021-01-08', '', NULL, '2021-01-07 22:09:15', NULL, '2021-01-22 08:16:28', NULL),
(16, 23, '2020-05-06', '050620-001,002,003,004,005,006', NULL, '2021-01-21 21:24:24', NULL, NULL, NULL),
(17, 29, '2020-02-21', NULL, '042120-063', '2021-01-25 20:30:07', NULL, '2021-01-19 05:14:54', NULL),
(18, 29, '2020-02-21', NULL, '042120-063', '2021-01-25 21:16:03', NULL, NULL, NULL),
(19, 24, '2020-02-13', '1222', NULL, '2021-01-25 23:54:40', NULL, NULL, NULL),
(20, 33, '2020-02-20', '0031', NULL, '2021-01-26 00:10:21', NULL, NULL, NULL),
(21, 35, '2020-02-27', '668799', NULL, '2021-01-26 00:14:21', NULL, '2021-01-26 08:56:42', NULL),
(22, 34, '2020-02-28', NULL, '022820-50', '2021-01-26 00:16:04', NULL, NULL, NULL),
(23, 36, '2020-03-02', '0009263A', NULL, '2021-01-26 00:47:03', NULL, '2021-01-26 09:03:50', NULL),
(24, 37, '2020-03-02', '0902', NULL, '2021-01-26 00:52:00', NULL, '2021-01-26 09:03:47', NULL),
(25, 38, '2020-03-04', '0044408', NULL, '2021-01-26 00:53:04', NULL, '2021-01-26 09:03:43', NULL),
(26, 35, '2020-02-27', '668799', NULL, '2021-01-26 00:57:39', NULL, NULL, NULL),
(27, 39, '2021-02-12', '047', NULL, '2021-02-01 19:43:14', NULL, NULL, NULL),
(28, 40, '2021-02-12', '0132', NULL, '2021-02-01 19:44:12', NULL, NULL, NULL),
(29, 41, '2020-02-13', '64502, 0096', NULL, '2021-02-02 23:55:20', NULL, NULL, NULL),
(30, 42, '2020-03-06', '00121748', NULL, '2021-02-04 00:19:35', NULL, NULL, NULL),
(31, 47, '2020-05-16', '4390', NULL, '2021-02-05 03:27:10', NULL, NULL, NULL),
(32, 48, '2020-05-18', '19157', NULL, '2021-02-05 03:28:51', NULL, NULL, NULL),
(33, 30, '2020-04-07', '169,170', NULL, '2021-02-16 17:05:40', NULL, NULL, NULL),
(34, 50, '2020-05-16', '0513', NULL, '2021-02-19 02:29:05', NULL, NULL, NULL),
(35, 51, '2020-05-22', '12863', NULL, '2021-02-19 02:29:52', NULL, NULL, NULL),
(36, 65, '2020-05-08', NULL, '042020-61', '2021-02-26 17:49:51', NULL, NULL, NULL),
(37, 66, '2020-05-08', NULL, '042020-61', '2021-02-26 18:04:48', NULL, NULL, NULL),
(38, 67, '2020-04-30', '0021749', NULL, '2021-03-02 20:41:08', NULL, NULL, NULL),
(39, 55, '2020-05-02', '4364', NULL, '2021-03-02 20:42:24', NULL, NULL, NULL),
(40, 69, '2020-05-08', '4364', NULL, '2021-03-02 20:43:42', NULL, NULL, NULL),
(41, 70, '2020-04-30', '277180', NULL, '2021-03-02 20:44:53', NULL, NULL, NULL),
(42, 71, '2020-05-08', '2165', NULL, '2021-03-02 20:46:02', NULL, '2021-03-03 09:44:24', NULL),
(43, 72, '2020-05-08', '3693', NULL, '2021-03-02 20:46:51', NULL, '2021-03-03 09:44:29', NULL),
(44, 73, '2020-05-08', '2161', NULL, '2021-03-02 20:47:52', NULL, '2021-03-03 09:44:39', NULL),
(45, 74, '2020-05-08', '1005321355668', NULL, '2021-03-02 20:48:59', NULL, '2021-03-03 09:44:43', NULL),
(46, 64, '2020-04-20', NULL, '042020-61,040220-64', '2021-03-03 20:38:01', NULL, NULL, NULL),
(47, 71, '2020-05-04', '2165', NULL, '2021-03-04 00:36:25', NULL, NULL, NULL),
(48, 72, '2020-04-30', '3693', NULL, '2021-03-04 00:37:23', NULL, NULL, NULL),
(49, 73, '2020-04-20', '3693', NULL, '2021-03-04 00:38:55', NULL, NULL, NULL),
(50, 74, '2020-04-20', '1005321355668', NULL, '2021-03-04 00:42:00', NULL, NULL, NULL),
(51, 49, '2020-05-08', '11096', NULL, '2021-03-07 19:17:48', NULL, NULL, NULL),
(52, 84, '2020-06-28', '02324399', NULL, '2021-03-07 23:17:44', NULL, NULL, NULL),
(53, 85, '2020-06-28', '50203', NULL, '2021-03-07 23:20:36', NULL, NULL, NULL),
(54, 86, '2020-06-09', '5461', NULL, '2021-03-07 23:21:45', NULL, NULL, NULL),
(55, 87, '2020-06-14', '005-0137203', NULL, '2021-03-07 23:23:51', NULL, NULL, NULL),
(56, 88, '2020-06-06', '0063964', NULL, '2021-03-07 23:25:20', NULL, NULL, NULL),
(57, 89, '2020-06-06', NULL, '060520-076', '2021-03-07 23:26:48', NULL, NULL, NULL),
(58, 90, '2020-06-06', '0030560', NULL, '2021-03-07 23:27:43', NULL, NULL, NULL),
(59, 91, '2020-06-06', NULL, '060420-075', '2021-03-07 23:29:20', NULL, NULL, NULL),
(60, 92, '2020-06-06', '00078330', NULL, '2021-03-07 23:31:18', NULL, NULL, NULL),
(61, 93, '2020-06-08', NULL, '060820-078', '2021-03-07 23:33:22', NULL, NULL, NULL),
(62, 94, '2020-06-06', NULL, '060620-079', '2021-03-07 23:35:01', NULL, NULL, NULL),
(63, 95, '2020-06-10', '00138075', NULL, '2021-03-07 23:36:11', NULL, NULL, NULL),
(64, 96, '2020-06-05', '00136178', NULL, '2021-03-07 23:37:37', NULL, NULL, NULL),
(65, 97, '2020-06-03', '00135302', NULL, '2021-03-07 23:38:56', NULL, NULL, NULL),
(66, 98, '2020-06-13', NULL, '061320-074', '2021-03-07 23:40:17', NULL, NULL, NULL),
(67, 99, '2020-06-13', NULL, '061320-074', '2021-03-07 23:41:18', NULL, NULL, NULL),
(68, 100, '2020-06-12', NULL, '061220-075', '2021-03-07 23:42:41', NULL, NULL, NULL),
(69, 104, '2020-03-06', '0102', NULL, '2021-03-08 02:10:33', NULL, NULL, NULL),
(70, 101, '2020-06-01', '5735', NULL, '2021-03-09 16:11:34', NULL, NULL, NULL),
(71, 102, '2020-05-27', '2622', NULL, '2021-03-09 16:12:41', NULL, NULL, NULL),
(72, 105, '2020-03-27', '13185', NULL, '2021-03-09 18:10:40', NULL, NULL, NULL),
(73, 76, '2020-12-31', NULL, '123120-180', '2021-03-09 23:33:08', NULL, '2021-03-10 09:27:32', NULL),
(74, 77, '2020-12-29', NULL, '010621-002', '2021-03-10 01:19:37', NULL, NULL, NULL),
(75, 76, '2020-12-31', NULL, '123120-180', '2021-03-10 01:28:29', NULL, NULL, NULL),
(76, 109, '2021-01-06', '0262', NULL, '2021-03-10 18:55:51', NULL, '2021-03-22 06:30:34', NULL),
(77, 106, '2020-06-06', '1296111', NULL, '2021-03-11 16:16:46', NULL, NULL, NULL),
(78, 107, '2020-06-22', '11320', NULL, '2021-03-11 16:17:44', NULL, NULL, NULL),
(79, 108, '2020-06-19', '052186581', NULL, '2021-03-11 16:19:25', NULL, NULL, NULL),
(80, 110, '2020-06-15', NULL, '061520-077', '2021-03-11 23:28:03', NULL, NULL, NULL),
(81, 111, '2020-06-19', '718856', NULL, '2021-03-11 23:29:31', NULL, NULL, NULL),
(82, 112, '2020-06-15', '0015', NULL, '2021-03-14 18:15:10', NULL, NULL, NULL),
(83, 113, '2020-06-18', '0018', NULL, '2021-03-14 21:35:04', NULL, NULL, NULL),
(84, 114, '2020-05-31', '184050', NULL, '2021-03-15 00:09:31', NULL, '2021-03-22 01:49:49', NULL),
(85, 115, '2020-05-31', '0295', NULL, '2021-03-15 00:11:19', NULL, NULL, NULL),
(86, 116, '2020-06-24', '54D3040', NULL, '2021-03-16 18:34:42', NULL, NULL, NULL),
(87, 117, '2020-06-12', '33327', NULL, '2021-03-16 22:03:52', NULL, NULL, NULL),
(88, 118, '2020-05-03', '2619', NULL, '2021-03-18 05:35:08', NULL, NULL, NULL),
(89, 119, '2020-05-06', '0000109', NULL, '2021-03-18 05:37:11', NULL, NULL, NULL),
(90, 120, '2020-05-08', NULL, '051320-066', '2021-03-18 05:38:26', NULL, '2021-03-22 02:40:48', NULL),
(91, 121, '2020-04-29', '00108360', NULL, '2021-03-18 05:41:29', NULL, NULL, NULL),
(92, 122, '2020-05-05', '00005664', NULL, '2021-03-18 05:43:07', NULL, '2021-03-22 06:32:51', NULL),
(93, 123, '2020-05-05', '00170814', NULL, '2021-03-18 05:45:25', NULL, NULL, NULL),
(94, 124, '2020-05-05', '598S8R1074', NULL, '2021-03-18 05:49:26', NULL, '2021-03-22 06:33:57', NULL),
(95, 125, '2020-04-25', NULL, '042520-66', '2021-03-18 05:53:48', NULL, '2021-03-22 06:34:06', NULL),
(96, 126, '2020-04-21', NULL, '042120-64', '2021-03-18 05:55:30', NULL, '2021-03-22 06:34:13', NULL),
(97, 127, '2020-04-25', '2617,', NULL, '2021-03-18 05:56:45', NULL, NULL, NULL),
(98, 128, '2020-04-28', '18101110423103447', NULL, '2021-03-18 06:00:53', NULL, '2021-03-22 06:34:28', NULL),
(99, 129, '2020-04-30', '0065364', NULL, '2021-03-18 06:10:06', NULL, NULL, NULL),
(100, 130, '2020-06-15', NULL, '060520-077, 061020-079, 061020-080,', '2021-03-18 22:01:25', NULL, NULL, NULL),
(101, 131, '2020-06-15', '2757', NULL, '2021-03-18 22:51:13', NULL, NULL, NULL),
(102, 132, '2020-06-15', NULL, '061220-076', '2021-03-18 22:52:18', NULL, NULL, NULL),
(103, 114, '2020-05-31', '184050', NULL, '2021-03-21 18:10:26', NULL, NULL, NULL),
(104, 120, '2020-05-08', NULL, '051320-066', '2021-03-21 18:45:41', NULL, NULL, NULL),
(105, 133, '2020-06-03', NULL, '051320-068,052620-070,060320-074', '2021-03-21 20:01:28', NULL, '2021-03-24 09:09:53', NULL),
(106, 134, '2020-06-18', '0205', NULL, '2021-03-21 22:22:42', NULL, NULL, NULL),
(107, 135, '2020-12-15', '37241', NULL, '2021-03-22 00:20:16', NULL, '2021-03-22 09:16:21', NULL),
(108, 140, '2020-06-15', '21518', NULL, '2021-03-24 00:08:50', NULL, NULL, NULL),
(109, 141, '2020-06-15', '40409', NULL, '2021-03-24 00:09:23', NULL, NULL, NULL);

-- --------------------------------------------------------

--
-- Table structure for table `receiving_items`
--

CREATE TABLE `receiving_items` (
  `id` bigint(20) UNSIGNED NOT NULL,
  `receiving_id` bigint(20) UNSIGNED NOT NULL,
  `canvass_item_id` bigint(20) UNSIGNED NOT NULL,
  `quantity_received` decimal(14,3) NOT NULL,
  `remarks` varchar(191) COLLATE utf8mb4_unicode_ci NOT NULL,
  `inventory_type` enum('capex','opex') COLLATE utf8mb4_unicode_ci NOT NULL,
  `created_at` timestamp NULL DEFAULT NULL,
  `updated_at` timestamp NULL DEFAULT NULL,
  `deleted_at` timestamp NULL DEFAULT NULL,
  `created_by` bigint(20) UNSIGNED DEFAULT NULL
) ENGINE=InnoDB DEFAULT CHARSET=utf8mb4 COLLATE=utf8mb4_unicode_ci;

--
-- Dumping data for table `receiving_items`
--

INSERT INTO `receiving_items` (`id`, `receiving_id`, `canvass_item_id`, `quantity_received`, `remarks`, `inventory_type`, `created_at`, `updated_at`, `deleted_at`, `created_by`) VALUES
(1, 1, 1, '4.000', 'Good condition', 'opex', '2020-03-20 08:02:04', NULL, NULL, NULL),
(2, 2, 22, '1.000', 'NA', 'capex', '2020-05-14 08:00:39', NULL, NULL, NULL),
(3, 3, 19, '2.000', 'recieved', 'opex', '2020-05-14 08:08:25', NULL, NULL, NULL),
(4, 4, 25, '6.000', 'good condition', 'opex', '2020-05-14 08:11:45', NULL, NULL, NULL),
(5, 4, 26, '3.000', 'out of Stock', 'opex', '2020-05-14 08:11:45', NULL, NULL, NULL),
(6, 5, 31, '1.000', 'Good condition', 'opex', '2020-05-14 08:12:21', NULL, NULL, NULL),
(7, 6, 37, '1.000', 'good condition', 'opex', '2020-11-04 19:32:12', NULL, NULL, NULL),
(8, 7, 49, '132.000', 'consumable', 'opex', '2021-01-06 20:22:48', NULL, NULL, NULL),
(9, 8, 52, '940.000', 'consumable', 'opex', '2021-01-06 20:23:41', NULL, NULL, NULL),
(10, 9, 55, '5.000', 'consumable', 'opex', '2021-01-06 20:24:21', NULL, NULL, NULL),
(11, 10, 58, '1.000', 'recieve', 'opex', '2021-01-07 22:07:07', NULL, NULL, NULL),
(12, 11, 61, '120.000', 'recieve', 'opex', '2021-01-07 22:07:44', NULL, NULL, NULL),
(13, 12, 64, '300.000', 'Recieve', 'opex', '2021-01-07 22:09:15', NULL, NULL, NULL),
(14, 12, 65, '300.000', 'recieve', 'opex', '2021-01-07 22:09:15', NULL, NULL, NULL),
(15, 12, 66, '300.000', 'recieve', 'opex', '2021-01-07 22:09:15', NULL, NULL, NULL),
(16, 12, 67, '300.000', 'recieve', 'opex', '2021-01-07 22:09:15', NULL, NULL, NULL),
(17, 12, 68, '30.000', 'recieve', 'opex', '2021-01-07 22:09:15', NULL, NULL, NULL),
(27, 16, 211, '1.000', 'ok', 'opex', '2021-01-21 21:24:24', NULL, NULL, NULL),
(28, 16, 212, '1.000', 'ok', 'opex', '2021-01-21 21:24:24', NULL, NULL, NULL),
(29, 16, 213, '1.000', 'ok', 'opex', '2021-01-21 21:24:24', NULL, NULL, NULL),
(30, 16, 214, '1.000', 'ok', 'opex', '2021-01-21 21:24:24', NULL, NULL, NULL),
(31, 16, 215, '1.000', 'ok', 'opex', '2021-01-21 21:24:24', NULL, NULL, NULL),
(32, 16, 216, '1.000', 'ok', 'opex', '2021-01-21 21:24:24', NULL, NULL, NULL),
(48, 18, 262, '20.000', 'received', 'opex', '2021-01-25 21:16:03', NULL, NULL, NULL),
(49, 19, 151, '4.000', 'Good Condition', 'opex', '2021-01-25 23:54:40', NULL, NULL, NULL),
(50, 20, 157, '1.000', 'Good Condition', 'opex', '2021-01-26 00:10:21', NULL, NULL, NULL),
(51, 22, 163, '11.000', 'Consumable', 'opex', '2021-01-26 00:16:04', NULL, NULL, NULL),
(52, 26, 172, '1.000', 'receive', 'opex', '2021-01-26 00:57:39', NULL, NULL, NULL),
(53, 26, 173, '1.000', 'receive', 'opex', '2021-01-26 00:57:39', NULL, NULL, NULL),
(54, 27, 316, '4.000', 'Recieved', 'opex', '2021-02-01 19:43:14', NULL, NULL, NULL),
(55, 28, 319, '1.000', 'REceived', 'opex', '2021-02-01 19:44:12', NULL, NULL, NULL),
(56, 29, 331, '160.000', 'Received', 'opex', '2021-02-02 23:55:20', NULL, NULL, NULL),
(57, 29, 332, '1.000', 'Received', 'opex', '2021-02-02 23:55:20', NULL, NULL, NULL),
(58, 29, 333, '1.000', 'Received', 'opex', '2021-02-02 23:55:20', NULL, NULL, NULL),
(59, 30, 340, '1.000', 'consumable', 'opex', NULL, NULL, NULL, NULL),
(60, 31, 433, '2.000', 'RECEIVED', 'opex', '2021-02-05 03:27:10', NULL, NULL, NULL),
(61, 32, 436, '1.000', 'RECEIVED', 'opex', '2021-02-05 03:28:51', NULL, NULL, NULL),
(62, 33, 265, '15.000', 'ok', 'opex', '2021-02-16 17:05:40', NULL, NULL, NULL),
(63, 33, 266, '10.000', 'ok', 'opex', '2021-02-16 17:05:40', NULL, NULL, NULL),
(64, 33, 267, '30.000', 'ok', 'opex', '2021-02-16 17:05:40', NULL, NULL, NULL),
(65, 34, 451, '10.000', 'received', 'opex', '2021-02-19 02:29:06', NULL, NULL, NULL),
(66, 37, 637, '2.000', 'received', 'opex', '2021-02-26 18:04:48', NULL, NULL, NULL),
(67, 38, 640, '1.000', 'Received', 'opex', '2021-03-02 20:41:08', NULL, NULL, NULL),
(68, 39, 496, '1.000', 'Received', 'opex', '2021-03-02 20:42:24', NULL, NULL, NULL),
(69, 40, 643, '1.000', 'Received', 'opex', '2021-03-02 20:43:42', NULL, NULL, NULL),
(70, 41, 646, '12.000', 'Received', 'opex', '2021-03-02 20:44:53', NULL, NULL, NULL),
(71, 49, 670, '23.000', 'Received', 'opex', '2021-03-04 00:38:56', NULL, NULL, NULL),
(72, 50, 682, '28.000', 'Received', 'opex', '2021-03-04 00:42:00', NULL, NULL, NULL),
(73, 51, 448, '50.000', 'RECEIVED', 'opex', '2021-03-07 19:17:48', NULL, NULL, NULL),
(74, 52, 745, '1.000', 'RECIEVED', 'opex', '2021-03-07 23:17:44', NULL, NULL, NULL),
(75, 53, 748, '3.000', 'RECIEVED', 'opex', '2021-03-07 23:20:36', NULL, NULL, NULL),
(76, 54, 751, '1.000', 'RECIEVED', 'opex', '2021-03-07 23:21:45', NULL, NULL, NULL),
(77, 55, 754, '3.000', 'RECIEVED', 'opex', '2021-03-07 23:23:52', NULL, NULL, NULL),
(78, 56, 757, '1.000', 'RECIEVED', 'opex', '2021-03-07 23:25:20', NULL, NULL, NULL),
(79, 57, 760, '1.000', 'RECIEVED', 'opex', '2021-03-07 23:26:48', NULL, NULL, NULL),
(80, 58, 763, '4.000', 'RECIEVED', 'opex', '2021-03-07 23:27:43', NULL, NULL, NULL),
(81, 59, 766, '15.000', 'RECIEVED', 'opex', '2021-03-07 23:29:20', NULL, NULL, NULL),
(82, 60, 769, '1.000', 'RECIEVED', 'opex', '2021-03-07 23:31:18', NULL, NULL, NULL),
(83, 61, 772, '3.000', 'RECIEVED', 'opex', '2021-03-07 23:33:22', NULL, NULL, NULL),
(84, 61, 773, '3.000', 'RECIEVED', 'opex', '2021-03-07 23:33:22', NULL, NULL, NULL),
(85, 61, 774, '3.000', 'RECIEVED', 'opex', '2021-03-07 23:33:22', NULL, NULL, NULL),
(86, 61, 775, '10.000', 'RECIEVED', 'opex', '2021-03-07 23:33:22', NULL, NULL, NULL),
(87, 61, 776, '5.000', 'RECIEVED', 'opex', '2021-03-07 23:33:22', NULL, NULL, NULL),
(88, 62, 787, '4.000', 'RECIEVED', 'opex', '2021-03-07 23:35:01', NULL, NULL, NULL),
(89, 63, 790, '1.000', 'RECIEVED', 'opex', '2021-03-07 23:36:11', NULL, NULL, NULL),
(90, 64, 793, '1.000', 'RECIEVED', 'opex', '2021-03-07 23:37:37', NULL, NULL, NULL),
(91, 65, 796, '1.000', 'RECIEVED', 'opex', '2021-03-07 23:38:56', NULL, NULL, NULL),
(92, 66, 799, '3.000', 'RECIEVED', 'opex', '2021-03-07 23:40:17', NULL, NULL, NULL),
(93, 67, 802, '1.000', 'RECIEVED', 'opex', '2021-03-07 23:41:18', NULL, NULL, NULL),
(94, 68, 805, '1.000', 'RECIEVED', 'opex', '2021-03-07 23:42:41', NULL, NULL, NULL),
(95, 69, 817, '1.000', 'RECEIVED', 'capex', '2021-03-08 02:10:33', NULL, NULL, NULL),
(96, 70, 703, '1.000', 'RECIEVED', 'opex', '2021-03-09 16:11:34', NULL, NULL, NULL),
(97, 71, 706, '1.000', 'RECIEVED', 'opex', '2021-03-09 16:12:41', NULL, NULL, NULL),
(98, 72, 820, '2.000', 'RECIEVED', 'opex', '2021-03-09 18:10:40', NULL, NULL, NULL),
(99, 74, 691, '12.000', 'received', 'capex', '2021-03-10 01:19:37', NULL, NULL, NULL),
(100, 75, 685, '1.000', 'received', 'capex', '2021-03-10 01:28:29', NULL, NULL, NULL),
(101, 77, 823, '1.000', 'RECIEVED', 'opex', '2021-03-11 16:16:46', NULL, NULL, NULL),
(102, 78, 826, '1.000', 'RECIEVED', 'opex', '2021-03-11 16:17:44', NULL, NULL, NULL),
(103, 79, 829, '1.000', 'RECIEVED', 'opex', '2021-03-11 16:19:25', NULL, NULL, NULL),
(104, 80, 844, '1.000', 'RECIEVED', 'opex', '2021-03-11 23:28:03', NULL, NULL, NULL),
(105, 81, 847, '1.000', 'RECIEVED', 'opex', '2021-03-11 23:29:31', NULL, NULL, NULL),
(106, 82, 850, '1.000', 'RECIEVED', 'opex', '2021-03-14 18:15:10', NULL, NULL, NULL),
(107, 83, 853, '14.000', 'RECIEVED', 'opex', '2021-03-14 21:35:04', NULL, NULL, NULL),
(108, 85, 877, '1.000', 'RECIEVED', 'opex', '2021-03-15 00:11:19', NULL, NULL, NULL),
(109, 85, 878, '1.000', 'RECIEVED', 'opex', '2021-03-15 00:11:19', NULL, NULL, NULL),
(110, 85, 879, '0.000', 'RECIEVED', 'opex', '2021-03-15 00:11:19', NULL, NULL, NULL),
(111, 85, 880, '1.000', 'RECIEVED', 'opex', '2021-03-15 00:11:19', NULL, NULL, NULL),
(112, 85, 881, '1.000', 'RECIEVED', 'opex', '2021-03-15 00:11:19', NULL, NULL, NULL),
(113, 85, 882, '1.000', 'RECIEVED', 'opex', '2021-03-15 00:11:19', NULL, NULL, NULL),
(114, 85, 883, '1.000', 'RECIEVED', 'opex', '2021-03-15 00:11:19', NULL, NULL, NULL),
(115, 85, 884, '1.000', 'RECIEVED', 'opex', '2021-03-15 00:11:19', NULL, NULL, NULL),
(116, 85, 885, '1.000', 'RECIEVED', 'opex', '2021-03-15 00:11:20', NULL, NULL, NULL),
(117, 85, 886, '1.000', 'RECIEVED', 'opex', '2021-03-15 00:11:20', NULL, NULL, NULL),
(118, 86, 934, '3.000', 'RECIEVED', 'opex', '2021-03-16 18:34:42', NULL, NULL, NULL),
(119, 86, 935, '2.000', 'RECIEVED', 'opex', '2021-03-16 18:34:42', NULL, NULL, NULL),
(120, 86, 936, '1.000', 'RECIEVED', 'opex', '2021-03-16 18:34:42', NULL, NULL, NULL),
(121, 86, 937, '2.000', 'RECIEVED', 'opex', '2021-03-16 18:34:42', NULL, NULL, NULL),
(122, 86, 938, '2.000', 'RECIEVED', 'opex', '2021-03-16 18:34:42', NULL, NULL, NULL),
(123, 86, 939, '1.000', 'RECIEVED', 'opex', '2021-03-16 18:34:42', NULL, NULL, NULL),
(124, 86, 940, '2.000', 'RECIEVED', 'opex', '2021-03-16 18:34:42', NULL, NULL, NULL),
(125, 86, 941, '2.000', 'RECIEVED', 'opex', '2021-03-16 18:34:42', NULL, NULL, NULL),
(126, 86, 942, '2.000', 'RECIEVED', 'opex', '2021-03-16 18:34:42', NULL, NULL, NULL),
(127, 86, 943, '1.000', 'RECIEVED', 'opex', '2021-03-16 18:34:42', NULL, NULL, NULL),
(128, 87, 964, '1.000', 'RECIEVED', 'opex', '2021-03-16 22:03:52', NULL, NULL, NULL),
(129, 87, 965, '1.000', 'RECIEVED', 'opex', '2021-03-16 22:03:52', NULL, NULL, NULL),
(130, 87, 966, '1.000', 'RECIEVED', 'opex', '2021-03-16 22:03:52', NULL, NULL, NULL),
(131, 88, 907, '7.000', 'received', 'opex', '2021-03-18 05:35:08', NULL, NULL, NULL),
(132, 89, 910, '5.000', 'Received', 'opex', '2021-03-18 05:37:12', NULL, NULL, NULL),
(133, 91, 925, '2.000', 'Received', 'opex', '2021-03-18 05:41:29', NULL, NULL, NULL),
(134, 93, 931, '1.000', 'Received', 'opex', '2021-03-18 05:45:25', NULL, NULL, NULL),
(135, 97, 982, '1.000', 'Received', 'opex', '2021-03-18 05:56:45', NULL, NULL, NULL),
(136, 99, 994, '25.000', 'Received', 'opex', '2021-03-18 06:10:06', NULL, NULL, NULL),
(137, 100, 997, '1.000', 'RECIEVED', 'opex', '2021-03-18 22:01:25', NULL, NULL, NULL),
(138, 100, 998, '1.000', 'RECIEVED', 'opex', '2021-03-18 22:01:25', NULL, NULL, NULL),
(139, 100, 999, '1.000', 'RECIEVED', 'opex', '2021-03-18 22:01:25', NULL, NULL, NULL),
(140, 101, 1006, '1.000', 'RECIEVED', 'opex', '2021-03-18 22:51:13', NULL, NULL, NULL),
(141, 101, 1007, '1.000', 'RECIEVED', 'opex', '2021-03-18 22:51:13', NULL, NULL, NULL),
(142, 101, 1008, '1.000', 'RECIEVED', 'opex', '2021-03-18 22:51:13', NULL, NULL, NULL),
(143, 101, 1009, '3.000', 'RECIEVED', 'opex', '2021-03-18 22:51:13', NULL, NULL, NULL),
(144, 101, 1010, '1.000', 'RECIEVED', 'opex', '2021-03-18 22:51:13', NULL, NULL, NULL),
(145, 102, 1021, '1.000', 'RECIEVED', 'opex', '2021-03-18 22:52:18', NULL, NULL, NULL),
(146, 103, 856, '1.000', 'RECIEVED', 'opex', '2021-03-21 18:10:26', NULL, NULL, NULL),
(147, 103, 857, '1.000', 'RECIEVED', 'opex', '2021-03-21 18:10:26', NULL, NULL, NULL),
(148, 103, 858, '1.000', 'RECIEVED', 'opex', '2021-03-21 18:10:26', NULL, NULL, NULL),
(149, 103, 859, '1.000', 'RECIEVED', 'opex', '2021-03-21 18:10:26', NULL, NULL, NULL),
(150, 103, 860, '1.000', 'RECIEVED', 'opex', '2021-03-21 18:10:26', NULL, NULL, NULL),
(151, 103, 861, '1.000', 'RECIEVED', 'opex', '2021-03-21 18:10:26', NULL, NULL, NULL),
(152, 103, 862, '1.000', 'RECIEVED', 'opex', '2021-03-21 18:10:26', NULL, NULL, NULL),
(153, 104, 913, '2.000', 'RECIEVED', 'capex', '2021-03-21 18:45:41', NULL, NULL, NULL),
(154, 104, 914, '5.000', 'RECIEVED', 'capex', '2021-03-21 18:45:41', NULL, NULL, NULL),
(155, 104, 915, '1.000', 'RECIEVED', 'capex', '2021-03-21 18:45:41', NULL, NULL, NULL),
(156, 104, 916, '4.000', 'RECIEVED', 'capex', '2021-03-21 18:45:41', NULL, NULL, NULL),
(157, 105, 1024, '1.000', 'RECIEVED', 'opex', '2021-03-21 20:01:28', NULL, '2021-03-24 09:11:03', NULL),
(158, 105, 1025, '1.000', 'RECIEVED', 'opex', '2021-03-21 20:01:28', NULL, '2021-03-24 09:11:07', NULL),
(159, 105, 1026, '1.000', 'RECIEVED', 'opex', '2021-03-21 20:01:28', NULL, '2021-03-24 09:11:12', NULL),
(160, 106, 1033, '8.000', 'RECIEVED', 'opex', '2021-03-21 22:22:42', NULL, NULL, NULL),
(161, 108, 1168, '1.000', 'RECIEVED', 'opex', '2021-03-24 00:08:50', NULL, NULL, NULL),
(162, 108, 1169, '1.000', 'RECIEVED', 'opex', '2021-03-24 00:08:50', NULL, NULL, NULL),
(163, 108, 1170, '15.000', 'RECIEVED', 'opex', '2021-03-24 00:08:50', NULL, NULL, NULL),
(164, 109, 1177, '2.000', 'RECIEVED', 'opex', '2021-03-24 00:09:23', NULL, NULL, NULL);

-- --------------------------------------------------------

--
-- Table structure for table `roas`
--

CREATE TABLE `roas` (
  `id` bigint(20) UNSIGNED NOT NULL,
  `ledger_id` bigint(20) UNSIGNED NOT NULL,
  `obligation_number` varchar(191) COLLATE utf8mb4_unicode_ci DEFAULT NULL,
  `resolution_date` date NOT NULL,
  `resolution_number` varchar(191) COLLATE utf8mb4_unicode_ci NOT NULL,
  `bids_resolution_number` varchar(191) COLLATE utf8mb4_unicode_ci DEFAULT NULL,
  `bids_mode` varchar(191) COLLATE utf8mb4_unicode_ci DEFAULT NULL,
  `approval_date` date NOT NULL,
  `total_amount` decimal(14,2) NOT NULL,
  `cash_advance_voucher_no` varchar(191) COLLATE utf8mb4_unicode_ci DEFAULT NULL,
  `cash_advance_date` date DEFAULT NULL,
  `cash_advance_amount` decimal(14,2) DEFAULT NULL,
  `amount_refund_date` date DEFAULT NULL,
  `amount_refund_or_no` varchar(191) COLLATE utf8mb4_unicode_ci DEFAULT NULL,
  `created_at` timestamp NULL DEFAULT NULL,
  `updated_at` timestamp NULL DEFAULT NULL,
  `deleted_at` timestamp NULL DEFAULT NULL,
  `created_by` bigint(20) UNSIGNED DEFAULT NULL
) ENGINE=InnoDB DEFAULT CHARSET=utf8mb4 COLLATE=utf8mb4_unicode_ci;

--
-- Dumping data for table `roas`
--

INSERT INTO `roas` (`id`, `ledger_id`, `obligation_number`, `resolution_date`, `resolution_number`, `bids_resolution_number`, `bids_mode`, `approval_date`, `total_amount`, `cash_advance_voucher_no`, `cash_advance_date`, `cash_advance_amount`, `amount_refund_date`, `amount_refund_or_no`, `created_at`, `updated_at`, `deleted_at`, `created_by`) VALUES
(1, 21, '101-2020-01-007', '2020-01-08', '010-S-2020', NULL, NULL, '2020-01-08', '13334.97', NULL, NULL, '0.00', NULL, NULL, '2020-03-20 03:57:54', '2021-01-20 23:17:20', NULL, NULL),
(2, 22, '101-2020-01-008', '2020-01-08', '011-S-2020', NULL, NULL, '2020-01-08', '5744.45', NULL, NULL, '0.00', NULL, NULL, '2020-03-20 05:38:17', '2021-01-20 23:22:10', NULL, NULL),
(3, 22, '101-2020-01-009', '2020-01-08', '012-S-2020', NULL, NULL, '2020-01-08', '19787.81', NULL, NULL, '0.00', NULL, NULL, '2020-03-20 05:58:59', '2021-01-20 23:43:07', NULL, NULL),
(4, 39, '101-2020-01-013', '2020-01-22', '016-S-2020', NULL, NULL, '2020-01-22', '10000.00', NULL, NULL, '0.00', NULL, NULL, '2020-03-20 07:10:13', '2021-01-20 23:19:37', NULL, NULL),
(5, 31, '101-2020-01-005', '2020-01-08', '008-S-2020', NULL, NULL, '2020-01-08', '212566.96', NULL, NULL, '0.00', NULL, NULL, '2020-05-14 02:08:57', '2021-01-20 23:29:14', NULL, NULL),
(6, 31, '101-2020-01-017', '2020-01-22', '020-S-2020', NULL, NULL, '2020-01-22', '4390.00', NULL, NULL, '0.00', NULL, NULL, '2020-05-14 02:18:20', '2021-01-20 23:28:08', NULL, NULL),
(7, 17, '101-2020-01-021', '2020-01-22', '024-S-2020', NULL, NULL, '2020-01-22', '1515.00', NULL, NULL, '0.00', NULL, NULL, '2020-05-14 07:30:11', '2021-01-20 23:31:10', NULL, NULL),
(8, 17, '101-2020-01-029', '2020-01-22', '032-S-2020', NULL, NULL, '2020-01-22', '10990.00', NULL, NULL, '0.00', NULL, NULL, '2020-05-14 07:43:56', '2021-01-20 22:45:19', NULL, NULL),
(9, 37, '101-2020-01-011', '2020-01-22', '014-S-2020', NULL, NULL, '2020-01-22', '24560.00', NULL, NULL, '0.00', NULL, NULL, '2020-05-14 09:43:38', '2021-01-20 23:34:05', NULL, NULL),
(10, 37, '101-2020-01-030', '2020-01-22', '033-S-2020', NULL, NULL, '2020-01-22', '14385.14', NULL, NULL, '0.00', NULL, NULL, '2020-05-14 09:51:36', '2021-01-20 23:38:16', NULL, NULL),
(11, 29, '101-2020-01-002', '2020-01-22', '033-S-2020', NULL, NULL, '2020-01-24', '14385.14', NULL, NULL, '0.00', NULL, NULL, '2020-05-14 10:08:48', '2021-01-20 22:50:21', NULL, NULL),
(12, 37, '101-2020-01-022', '2020-01-22', '025-S-2020', NULL, NULL, '2020-01-22', '1000.00', NULL, NULL, '0.00', NULL, NULL, '2020-05-20 08:36:41', '2021-01-20 23:41:15', NULL, NULL),
(13, 22, '101-2020-06-208', '2020-06-03', '218-S-2020', NULL, NULL, '2020-06-03', '20156.91', NULL, NULL, '0.00', NULL, NULL, '2020-08-13 22:33:29', '2021-01-21 00:02:52', NULL, NULL),
(14, 29, '101-2020-02-080', '2020-02-19', '085-S-2020', NULL, NULL, '2020-02-19', '5190.00', NULL, '2020-02-17', '0.00', NULL, NULL, '2020-09-02 16:24:03', '2021-01-20 23:50:27', NULL, NULL),
(15, 28, '101-2020-02-084', '2020-02-19', '084-s-2020', NULL, NULL, '2020-02-19', '15000.00', NULL, NULL, '0.00', NULL, NULL, '2020-09-03 18:54:18', '2021-01-20 23:52:15', NULL, NULL),
(16, 53, '101-2020-02-047', '2020-02-03', '052-S-2020', NULL, NULL, '2020-02-05', '10000.00', NULL, NULL, '0.00', NULL, NULL, '2020-09-03 23:19:47', '2021-01-20 23:48:33', NULL, NULL),
(17, 53, '101-2020-02-047-1', '2020-02-05', '052-S-2020', NULL, NULL, '2020-02-05', '10000.00', NULL, NULL, '0.00', NULL, NULL, '2020-09-03 23:39:56', '2021-01-20 22:53:59', NULL, NULL),
(18, 39, '1010-2020-03-131', '2020-03-18', '139-S-2020', NULL, NULL, '2020-03-18', '30000.00', NULL, '2020-03-16', '30000.00', '2020-03-16', '0042', '2020-11-04 19:18:57', '2021-01-20 23:53:56', NULL, NULL),
(19, 32, '101-2020-03-124', '2020-03-04', '129-S-2020', NULL, 'Negotiated', '2020-03-04', '22500.00', NULL, '2020-03-06', '0.00', NULL, NULL, '2020-11-05 18:48:56', '2021-03-07 22:53:32', NULL, NULL),
(20, 22, '101-2020-05-188', '2020-05-06', '198-S-2020', NULL, NULL, '2020-05-06', '49310.51', '49310.51', '2020-05-13', '49310.51', NULL, NULL, '2020-11-17 18:28:27', '2021-01-21 00:00:11', NULL, NULL),
(21, 28, '101-2020-03-103', '2020-03-04', '108-S-2020', NULL, NULL, '2020-03-04', '2868.50', NULL, NULL, '0.00', NULL, NULL, '2020-11-25 17:15:06', '2021-01-20 23:55:59', NULL, NULL),
(22, 22, '101-2020-10-382', '2019-10-21', '398-S-2020', NULL, NULL, '2019-10-21', '3536.99', NULL, NULL, '0.00', NULL, NULL, '2020-12-13 23:43:50', '2021-01-20 23:14:31', NULL, NULL),
(23, 20, '101-2020-06-210', '2020-06-03', '220-S-2020', NULL, NULL, '2020-06-03', '1682.00', NULL, NULL, '0.00', NULL, NULL, '2020-12-13 23:44:02', '2021-01-20 23:13:49', NULL, NULL),
(24, 39, '101-2020-05-185', '2020-05-06', '195-S-2020', NULL, NULL, '2020-05-06', '8330.00', NULL, NULL, '0.00', NULL, NULL, '2021-01-04 22:56:57', '2021-01-20 23:12:28', NULL, NULL),
(25, 39, '101-2020-05-185', '2020-05-06', '2020-S-195', NULL, NULL, '2020-05-06', '8330.00', NULL, NULL, '0.00', NULL, NULL, '2021-01-06 19:16:34', '2021-01-20 22:25:20', NULL, NULL),
(26, 32, '101-2020-03-122', '2020-03-04', '127-S-2020', NULL, NULL, '2020-03-04', '7248.25', NULL, NULL, '0.00', NULL, NULL, '2021-01-07 19:38:42', '2021-01-25 23:13:43', NULL, NULL),
(27, 16, '101-2020-03-122-1', '2020-03-04', '2020-S-127', NULL, NULL, '2020-03-04', '7248.25', NULL, NULL, '0.00', NULL, NULL, '2021-01-10 17:03:45', '2021-01-25 23:03:06', NULL, NULL),
(28, 39, '101-2020-04-152', '2020-04-01', '160-S-2020', NULL, NULL, '2020-04-01', '10925.00', NULL, NULL, '0.00', NULL, NULL, '2021-01-12 22:26:18', '2021-01-25 21:27:19', NULL, NULL),
(29, 16, '101-2020-04-154', '2020-04-18', '163-S-2020', NULL, NULL, '2020-04-18', '16588.00', NULL, NULL, '0.00', NULL, NULL, '2021-01-12 22:35:43', '2021-01-20 23:03:22', NULL, NULL),
(30, 31, '101-2020-04-150', '2020-04-01', '160-S-2020', NULL, NULL, '2020-04-01', '1830.00', NULL, NULL, '0.00', NULL, NULL, '2021-01-14 16:39:44', '2021-01-20 22:18:43', NULL, NULL),
(31, 29, '101-2020-04-159', '2020-04-18', '168-S-2020', NULL, NULL, '2020-04-18', '3400.00', NULL, NULL, '0.00', NULL, NULL, '2021-01-14 18:14:59', '2021-01-25 18:25:51', NULL, NULL),
(32, 32, '101-2020-04-178', '2020-05-06', '2020-S-187', NULL, 'Over the Counter', '2020-05-06', '30556.00', NULL, NULL, '0.00', NULL, NULL, '2021-01-14 19:07:51', '2021-02-21 17:48:57', NULL, NULL),
(33, 17, '101-2020-03-101', '2020-03-04', '106-S-2020', NULL, NULL, '2020-03-04', '2157.50', NULL, NULL, '0.00', NULL, NULL, '2021-01-17 17:34:32', '2021-01-25 00:20:18', NULL, NULL),
(34, 16, '101-2020-05-178', '2020-05-06', '1111', 'asdasd', 'Shopping', '2020-05-06', '30556.00', NULL, NULL, '0.00', NULL, NULL, '2021-01-17 19:33:13', '2021-01-22 01:09:07', NULL, NULL),
(35, 43, '101-2020-05-195', '1970-01-01', '195-S-2021', '111111', 'Bidding', '1970-01-01', '8330.00', NULL, NULL, '0.00', NULL, NULL, '2021-01-22 00:14:58', '2021-01-22 01:02:54', NULL, NULL),
(36, 39, '101-2020-04-160', '2020-04-18', '169-S-2020', NULL, NULL, '2020-04-18', '2500.00', NULL, NULL, '0.00', NULL, NULL, '2021-01-22 00:41:34', '2021-01-25 18:11:37', NULL, NULL),
(37, 39, '101-2020-04-162', '2020-04-18', '171-S-2020', NULL, NULL, '2020-04-18', '5000.00', NULL, NULL, '0.00', NULL, NULL, '2021-01-25 17:36:02', '2021-01-25 18:07:50', NULL, NULL),
(38, 39, '101-2020-04-162-1', '2020-04-18', '171-S-2020', NULL, NULL, '2020-04-18', '5000.00', NULL, NULL, '0.00', NULL, NULL, '2021-01-25 18:05:26', NULL, NULL, NULL),
(39, 28, '101-2020-03-103', '2020-03-04', '108-S-2020', NULL, 'Shopping', '2020-03-04', '2868.50', '20202-03-103', NULL, '0.00', NULL, NULL, '2021-01-25 18:31:31', NULL, NULL, NULL),
(40, 37, '101-2020-06-241', '2020-06-17', '241-S-2020', NULL, 'Negotiated', '2020-06-03', '3400.00', NULL, NULL, '0.00', NULL, NULL, '2021-01-25 19:32:27', '2021-02-01 00:02:00', NULL, NULL),
(41, 37, '101-2020-06-241', '2020-06-17', '101-2020-06-241', NULL, 'Negotiated', '2020-06-17', '3400.00', NULL, NULL, '0.00', NULL, NULL, '2021-01-26 22:25:18', NULL, NULL, NULL),
(42, 32, '101-2020-04-163', '2020-04-18', '172-S-2020', NULL, 'Negotiated', '2020-04-18', '3696.65', NULL, NULL, '0.00', NULL, NULL, '2021-01-31 23:51:23', '2021-02-04 17:22:24', NULL, NULL),
(43, 37, '101-2020-05-195', '2020-03-04', '205-S-2020', NULL, 'Negotiated', '2020-03-04', '18200.00', NULL, NULL, '0.00', NULL, NULL, '2021-02-02 00:13:04', '2021-02-04 20:45:40', NULL, NULL),
(44, 28, '101-2020-03-108', '2020-03-04', '108-S-2020', NULL, 'Shopping', '2020-03-04', '2868.50', NULL, NULL, '0.00', NULL, NULL, '2021-02-02 00:13:21', NULL, NULL, NULL),
(45, 29, '101-2020-02-085', '2020-02-19', '085-S-2020', NULL, NULL, '2020-02-19', '5190.00', NULL, NULL, '0.00', NULL, NULL, '2021-02-02 21:33:54', '2021-02-16 01:37:11', NULL, NULL),
(46, 43, '101-2020-05-194', '2020-05-20', '204-S-2020', NULL, 'Negotiated', '2020-05-20', '7091.00', NULL, NULL, '0.00', NULL, NULL, '2021-02-04 17:18:20', '2021-02-17 23:56:44', NULL, NULL),
(47, 37, '101-2020-05-195', '2020-05-20', '205-S-2020', NULL, 'Negotiated', '2020-05-22', '18200.00', NULL, NULL, '0.00', NULL, NULL, '2021-02-04 19:47:23', NULL, NULL, NULL),
(48, 37, '101-2020-05-195', '2020-05-20', '205-S-2020', NULL, NULL, '2020-05-22', '18200.00', NULL, NULL, '0.00', NULL, NULL, '2021-02-04 19:57:44', NULL, NULL, NULL),
(49, 32, '101-2020-04-158', '2020-04-18', '167-S-2020', NULL, NULL, '2020-04-18', '5228.72', NULL, NULL, '0.00', NULL, NULL, '2021-02-04 19:57:52', '2021-02-18 17:48:31', NULL, NULL),
(50, 19, '101-2020-05-176', '2020-05-06', '185-S-2020', NULL, 'Shopping', '2020-05-06', '2000.00', NULL, NULL, '0.00', NULL, NULL, '2021-02-08 00:51:36', NULL, NULL, NULL),
(51, 8, '101-2021-01-014', '2021-02-03', '2021-S-019', NULL, NULL, '2021-02-03', '101884.28', NULL, NULL, '0.00', NULL, NULL, '2021-02-09 00:45:39', NULL, '2021-02-17 23:45:54', NULL),
(52, 32, '101-2020-05-194', '2020-05-20', '204-S-2020', NULL, 'Negotiated', '2020-05-20', '7091.00', NULL, NULL, '0.00', NULL, NULL, '2021-02-16 22:29:33', NULL, NULL, NULL),
(54, 39, '1010-2020-05-175', '2020-05-06', '184-S-2020', NULL, 'Shopping', '2020-05-06', '11854.75', NULL, NULL, '0.00', NULL, NULL, '2021-02-17 23:22:26', '2021-03-02 17:24:15', NULL, NULL),
(55, 16, '101-2020-06-209', '2020-06-03', '209-S-2020', NULL, 'Shopping', '2020-06-03', '1643.71', NULL, NULL, '0.00', NULL, NULL, '2021-02-18 17:37:15', '2021-03-11 18:15:47', NULL, NULL),
(56, 32, '101-2020-05-178', '2020-05-06', '187-S-2020', NULL, NULL, '2020-05-06', '30556.00', NULL, NULL, '0.00', NULL, NULL, '2021-02-21 17:46:43', NULL, NULL, NULL),
(59, 32, '101-2020- 04-146', '2020-04-01', '154-S-2020', NULL, NULL, '2020-04-01', '25189.00', NULL, NULL, '0.00', NULL, NULL, '2021-02-21 18:27:32', NULL, NULL, NULL),
(60, 27, '101-2020-04-150', '2020-04-01', '158-S-2020', NULL, NULL, '2020-04-01', '1830.00', NULL, NULL, '0.00', NULL, NULL, '2021-02-21 21:33:56', NULL, NULL, NULL),
(61, 32, '101-2020-04-163', '2020-04-18', '172-S-2020', NULL, NULL, '2020-04-18', '3696.65', NULL, NULL, '0.00', NULL, NULL, '2021-02-23 17:50:43', NULL, '2021-02-23 21:22:25', NULL),
(62, 24, '101-2021-02-022', '2021-02-03', '027-S-2021', NULL, 'Over the Counter', '2021-02-03', '1899.00', NULL, NULL, '0.00', NULL, NULL, '2021-02-25 17:25:05', '2021-03-10 00:23:56', NULL, NULL),
(63, 39, '101-2020-05-175', '2020-05-06', '184-S-2020', NULL, 'Shopping', '2020-05-06', '11854.75', NULL, NULL, '0.00', NULL, NULL, '2021-02-28 17:54:25', NULL, NULL, NULL),
(64, 16, '101-2020-06-209', '2020-06-03', '2020-06-209', NULL, 'Shopping', '2020-06-03', '1643.71', NULL, NULL, '0.00', NULL, NULL, '2021-03-04 17:15:04', '2021-03-10 19:20:30', NULL, NULL),
(65, 16, '101-2020-06-209', '2020-06-03', '2020-06-209', NULL, 'Shopping', '2020-06-03', '1643.71', NULL, NULL, '0.00', NULL, NULL, '2021-03-04 17:59:28', NULL, NULL, NULL),
(66, 8, '101-2020-05-177', '2020-05-06', '2020-S-186', NULL, 'Shopping', '2020-05-06', '9468.24', NULL, NULL, '0.00', NULL, NULL, '2021-03-04 18:33:37', '2021-03-18 06:43:41', NULL, NULL),
(67, 22, '101-2021-02-033', '2021-02-17', 'S-038-2021', NULL, NULL, '2021-02-17', '18093.64', NULL, NULL, '0.00', NULL, NULL, '2021-03-04 22:25:02', NULL, NULL, NULL),
(68, 16, '101-2020-06-223', '2020-06-03', '233-S-2020', NULL, NULL, '2020-06-03', '14668.11', NULL, NULL, '0.00', NULL, NULL, '2021-03-04 23:00:18', NULL, NULL, NULL),
(69, 28, '101-06-2020-234', '2020-06-17', '244-S-2020', NULL, NULL, '2020-06-17', '697.00', NULL, NULL, '0.00', NULL, NULL, '2021-03-05 01:16:52', '2021-03-11 23:02:12', NULL, NULL),
(70, 37, '101-2020-03-100', '2020-03-04', '2020-S-129', NULL, 'Negotiated', '2020-03-04', '22500.00', NULL, NULL, '0.00', NULL, NULL, '2021-03-07 22:23:28', NULL, NULL, NULL),
(71, 37, '101-2020-03-100', '2020-03-04', '2020-S-129', NULL, 'Negotiated', '2020-03-04', '22500.00', NULL, NULL, '0.00', NULL, NULL, '2021-03-07 22:24:15', NULL, NULL, NULL),
(72, 37, '101-2020-03-100', '2020-03-04', '2020-S-129', NULL, 'Negotiated', '2020-03-04', '22500.00', NULL, NULL, '0.00', NULL, NULL, '2021-03-07 22:24:35', NULL, NULL, NULL),
(73, 53, '101-2020-06-217', '2020-06-03', '227-S-2020', NULL, NULL, '2020-06-15', '1393.75', NULL, NULL, '0.00', NULL, NULL, '2021-03-07 22:26:31', '2021-03-18 18:16:02', NULL, NULL),
(74, 37, '101-2020-03-100', '2020-03-04', '2020-S-129', NULL, 'Negotiated', '2020-03-04', '22500.00', NULL, NULL, '0.00', NULL, NULL, '2021-03-07 22:26:44', NULL, NULL, NULL),
(75, 29, '101-2020-06-212', '2020-06-03', '2020-S-222', NULL, 'Shopping', '2020-06-03', '330.00', NULL, NULL, '0.00', NULL, NULL, '2021-03-09 17:18:33', NULL, NULL, NULL),
(76, 37, '101-2021-02-023', '2021-02-03', '028-S-2021', NULL, NULL, '2021-02-03', '3610.00', NULL, NULL, '0.00', NULL, NULL, '2021-03-09 23:17:42', '2021-03-17 00:54:03', NULL, NULL),
(77, 24, '101-2021-02-022', '2021-02-03', '027-S-2021', NULL, NULL, '2021-02-03', '1899.00', NULL, NULL, '0.00', NULL, NULL, '2021-03-10 00:18:08', NULL, NULL, NULL),
(78, 53, '101-2021-02-035', '2021-02-22', '040-S-2021', NULL, NULL, '2021-02-22', '1682.58', NULL, NULL, '0.00', NULL, NULL, '2021-03-10 01:06:21', NULL, NULL, NULL),
(79, 29, '101-2021-02-025', '2021-02-03', '030-S-2021', NULL, NULL, '2021-02-03', '10500.00', NULL, NULL, '0.00', NULL, NULL, '2021-03-10 17:52:23', NULL, NULL, NULL),
(80, 21, '101-2021-02-034', '2021-02-17', '039-S-2021', NULL, NULL, '2021-02-17', '16430.47', NULL, NULL, '0.00', NULL, NULL, '2021-03-10 19:51:00', NULL, NULL, NULL),
(81, 32, '101-2020-05-177', '2020-05-06', '2020-S-186', NULL, 'Shopping', '2020-05-06', '9468.24', NULL, NULL, '0.00', NULL, NULL, '2021-03-10 21:35:24', NULL, '2021-03-18 06:45:31', NULL),
(82, 22, '101-2021-02-033', '2021-02-17', '038-S-2021', NULL, NULL, '2021-02-17', '18093.64', NULL, NULL, '0.00', NULL, NULL, '2021-03-11 00:10:15', NULL, NULL, NULL),
(83, 22, '101-2021-02-033', '2021-02-17', '038-S-2021', NULL, NULL, '2021-02-17', '18093.64', NULL, NULL, '0.00', NULL, NULL, '2021-03-11 00:10:33', NULL, NULL, NULL),
(84, 32, '101-2020-05-177', '2020-05-06', '136-05-2020', NULL, 'Shopping', '2020-05-06', '9468.24', NULL, NULL, '0.00', NULL, NULL, '2021-03-11 01:24:35', NULL, '2021-03-11 01:28:27', NULL),
(85, 37, '101-2020-06-241', '2020-06-17', '251-S-2020', NULL, NULL, '2020-06-17', '2199.00', NULL, NULL, '0.00', NULL, NULL, '2021-03-11 19:53:51', NULL, NULL, NULL),
(86, 8, '101-2021-02-029', '2021-02-03', '034-S-2021', NULL, NULL, '2021-02-03', '3902.00', NULL, NULL, '0.00', NULL, NULL, '2021-03-11 22:51:43', '2021-03-24 22:00:32', NULL, NULL),
(87, 32, '101-2020-05-177', '2020-05-06', '136-S-2020', NULL, 'Shopping', '2020-05-06', '9468.24', NULL, NULL, '0.00', NULL, NULL, '2021-03-12 06:29:19', NULL, NULL, NULL),
(88, 37, '101-06-2020-216', '2020-06-03', '226-S-2020', NULL, NULL, '2021-03-03', '8000.00', NULL, NULL, '0.00', NULL, NULL, '2021-03-14 17:54:28', NULL, NULL, NULL),
(89, 39, '101-06-2020-215', '2020-06-03', '225-S-2020', NULL, NULL, '2020-06-03', '30800.00', NULL, NULL, '0.00', NULL, NULL, '2021-03-14 21:19:57', NULL, NULL, NULL),
(90, 53, '101-2020-06-217', '2020-06-03', '227-S-2020', NULL, NULL, '2020-06-15', '1393.75', NULL, NULL, '0.00', NULL, NULL, '2021-03-14 23:34:16', NULL, NULL, NULL),
(91, 29, '101-2020-06-247', '2020-06-17', '257-S-2020', NULL, NULL, '2020-06-17', '8063.00', NULL, NULL, '0.00', NULL, NULL, '2021-03-16 17:53:59', NULL, NULL, NULL),
(92, 37, '101-06-2020-232', '2020-06-17', '242-S-2020', NULL, NULL, '2020-06-17', '5850.00', NULL, NULL, '0.00', NULL, NULL, '2021-03-16 21:47:08', NULL, NULL, NULL),
(93, 37, '101-2021-02-023', '2021-02-03', '028-S-2021', NULL, NULL, '2021-02-03', '3610.00', NULL, NULL, '0.00', NULL, NULL, '2021-03-17 00:41:43', NULL, NULL, NULL),
(94, 53, '101-2020-06-226', '2020-06-03', '236-S-2020', NULL, NULL, '2020-06-03', '2654.00', NULL, NULL, '0.00', NULL, NULL, '2021-03-18 18:42:22', NULL, NULL, NULL),
(95, 31, '101-2020-06-218', '2020-06-03', '228-S-2020', NULL, NULL, '2020-06-03', '350.00', NULL, NULL, '0.00', NULL, NULL, '2021-03-18 21:50:11', NULL, NULL, NULL),
(96, 37, '101-2020-06-220', '2020-06-03', '230-S-2020', NULL, NULL, '2020-06-03', '1350.00', NULL, NULL, '0.00', NULL, NULL, '2021-03-18 22:17:19', NULL, NULL, NULL),
(97, 15, '101-2020-05-200', '2020-05-20', '210-S-2020', NULL, 'Negotiated', '2020-05-20', '13428.65', NULL, NULL, '0.00', NULL, NULL, '2021-03-21 18:17:27', NULL, NULL, NULL),
(98, 15, '101-2020-06-222', '2020-06-03', '232-S-2020', NULL, NULL, '2020-06-15', '6890.87', NULL, NULL, '0.00', NULL, NULL, '2021-03-21 19:09:12', NULL, NULL, NULL),
(99, 31, '101-2020-06-211', '2020-06-03', '221-S-2020', NULL, NULL, '2020-06-15', '1100.00', NULL, NULL, '0.00', NULL, NULL, '2021-03-21 19:48:31', NULL, NULL, NULL),
(100, 37, '101-2020-06-227', '2020-06-03', '237-S-2020', NULL, NULL, '2020-06-15', '11200.00', NULL, NULL, '0.00', NULL, NULL, '2021-03-21 21:54:20', NULL, NULL, NULL),
(101, 17, '101-2020-03-093', '2020-03-04', '098-S-2020', NULL, NULL, '2020-03-15', '30000.00', NULL, NULL, '0.00', NULL, NULL, '2021-03-21 23:43:49', NULL, NULL, NULL),
(102, 43, '101-2020-06-221', '2020-06-03', '231-S-2020', NULL, NULL, '2020-06-15', '3047.00', NULL, NULL, '0.00', NULL, NULL, '2021-03-23 23:56:39', NULL, NULL, NULL),
(103, 20, '101-2021-02-029', '2021-02-03', '034-S-2021', NULL, NULL, '2021-02-03', '3902.00', NULL, NULL, '0.00', NULL, NULL, '2021-03-24 21:58:41', NULL, NULL, NULL);

-- --------------------------------------------------------

--
-- Table structure for table `roles`
--

CREATE TABLE `roles` (
  `id` bigint(20) UNSIGNED NOT NULL,
  `name` varchar(191) COLLATE utf8mb4_unicode_ci NOT NULL,
  `created_at` timestamp NULL DEFAULT NULL,
  `updated_at` timestamp NULL DEFAULT NULL,
  `deleted_at` timestamp NULL DEFAULT NULL,
  `created_by` bigint(20) UNSIGNED DEFAULT NULL
) ENGINE=InnoDB DEFAULT CHARSET=utf8mb4 COLLATE=utf8mb4_unicode_ci;

--
-- Dumping data for table `roles`
--

INSERT INTO `roles` (`id`, `name`, `created_at`, `updated_at`, `deleted_at`, `created_by`) VALUES
(1, 'Claimant', '2020-03-03 10:12:17', '2020-03-03 10:12:17', NULL, NULL),
(2, 'Payee', '2020-03-03 10:12:17', '2020-03-03 10:12:17', NULL, NULL),
(3, 'Assignee', '2020-03-03 10:12:17', '2020-03-03 10:12:17', NULL, NULL),
(4, 'Cedula', '2020-03-03 10:12:17', '2020-03-03 10:12:17', NULL, NULL);

-- --------------------------------------------------------

--
-- Table structure for table `signatories`
--

CREATE TABLE `signatories` (
  `id` bigint(20) UNSIGNED NOT NULL,
  `signatory_name` varchar(191) COLLATE utf8mb4_unicode_ci NOT NULL,
  `email` varchar(191) COLLATE utf8mb4_unicode_ci NOT NULL,
  `position` varchar(191) COLLATE utf8mb4_unicode_ci NOT NULL,
  `sign_image` varchar(191) COLLATE utf8mb4_unicode_ci DEFAULT NULL,
  `created_at` timestamp NULL DEFAULT NULL,
  `updated_at` timestamp NULL DEFAULT NULL,
  `deleted_at` timestamp NULL DEFAULT NULL,
  `created_by` bigint(20) UNSIGNED DEFAULT NULL
) ENGINE=InnoDB DEFAULT CHARSET=utf8mb4 COLLATE=utf8mb4_unicode_ci;

-- --------------------------------------------------------

--
-- Table structure for table `signatory_templates`
--

CREATE TABLE `signatory_templates` (
  `id` bigint(20) UNSIGNED NOT NULL,
  `document_id` bigint(20) UNSIGNED NOT NULL,
  `created_at` timestamp NULL DEFAULT NULL,
  `updated_at` timestamp NULL DEFAULT NULL,
  `deleted_at` timestamp NULL DEFAULT NULL,
  `created_by` bigint(20) UNSIGNED DEFAULT NULL
) ENGINE=InnoDB DEFAULT CHARSET=utf8mb4 COLLATE=utf8mb4_unicode_ci;

-- --------------------------------------------------------

--
-- Table structure for table `suppliers`
--

CREATE TABLE `suppliers` (
  `id` bigint(20) UNSIGNED NOT NULL,
  `supplier_name` varchar(191) COLLATE utf8mb4_unicode_ci NOT NULL,
  `address` varchar(191) COLLATE utf8mb4_unicode_ci DEFAULT NULL,
  `contact_person` varchar(191) COLLATE utf8mb4_unicode_ci DEFAULT NULL,
  `contact_number` varchar(191) COLLATE utf8mb4_unicode_ci DEFAULT NULL,
  `tin` varchar(191) COLLATE utf8mb4_unicode_ci DEFAULT NULL,
  `created_at` timestamp NULL DEFAULT NULL,
  `updated_at` timestamp NULL DEFAULT NULL,
  `deleted_at` timestamp NULL DEFAULT NULL,
  `created_by` bigint(20) UNSIGNED DEFAULT NULL
) ENGINE=InnoDB DEFAULT CHARSET=utf8mb4 COLLATE=utf8mb4_unicode_ci;

--
-- Dumping data for table `suppliers`
--

INSERT INTO `suppliers` (`id`, `supplier_name`, `address`, `contact_person`, `contact_number`, `tin`, `created_at`, `updated_at`, `deleted_at`, `created_by`) VALUES
(1, 'Azarcon Enterprises', '135 West Riverside San Antonio I, Quezon City', 'Malou Azarcon', NULL, NULL, NULL, NULL, NULL, NULL),
(2, 'Triplex Tents', '27, Gilmore corner 6th Street, Barangay Mariana New Manila, Quezon City 1112 Metro Manila', NULL, '287215568', NULL, NULL, NULL, NULL, NULL),
(3, 'Joy Enterprises', 'Cainta Rizal', 'Joy Novo', '2467854', NULL, NULL, NULL, NULL, NULL),
(4, 'Wilcon Depot, Inc.', '#90 E. Rodriguez Jr. Ave, Ugong Norte, Murphy Quezon City', 'Angeline T. Bernal', NULL, NULL, NULL, NULL, NULL, NULL),
(5, 'Hospeco Philippines, Inc.', '#316-C Sto. Rosario St. Brgy. Plainview Mandaluyong City 1550', NULL, '86717112', NULL, NULL, NULL, NULL, NULL),
(6, 'PCEXPRESS AND PCXMOBILE', 'Prismatech Inc. 2/F Pavillon Mall KM 35, National Highway San Antonio, Binan, Laguna', NULL, '028621064', NULL, NULL, NULL, NULL, NULL),
(7, 'Atty. Jose Floro P. Crisologo', '35 Matalino St., Capitol Masonic Bldg. Diliman Quezon City', 'Atty. Jose Floro P. Crisologo', NULL, NULL, NULL, NULL, NULL, NULL),
(8, 'Atty. Jay T. Borromeo', 'Quezon City', 'Atty. Jay T. Borromeo', NULL, NULL, NULL, NULL, NULL, NULL),
(9, 'Atty. Portia Flores Diesta', '9 Riverdale St., Ignatius Village, Quezon City', 'Atty. Portia Flores Diesta', NULL, NULL, NULL, NULL, NULL, NULL),
(10, 'Japan Homes, Inc.', '2028 Riverbanks Mall, Barangka, Marikina City', NULL, NULL, NULL, NULL, NULL, NULL, NULL),
(11, 'Lam Marketing, Co.', '#3 20th Ave., Cubao, Quezon City', NULL, '9134460', NULL, NULL, NULL, NULL, NULL),
(12, 'Emerald Commercial, Inc.', '60 Molave St., Project 3, Duyan-Duyan, Quezon City', NULL, '9136625', NULL, NULL, NULL, NULL, NULL),
(13, 'OFFICE WAREHOUSE, INC', NULL, NULL, NULL, NULL, NULL, NULL, NULL, NULL),
(14, 'Joel Tire Supply and Vulcanizin Shop', '#227-Katipunan Ave. Quezon City', NULL, '0234334501', NULL, NULL, NULL, NULL, NULL),
(15, 'DENR - NCR', 'DENR- NCR', 'Myrna S.Bueno', NULL, NULL, NULL, NULL, NULL, NULL),
(16, 'Philcopy Corporation', 'Unit 2B Carmel Suite, #15 Chronicle St., Brgy. West Triangle, Quezon City', 'Nestor Borja', '3766994', NULL, NULL, NULL, NULL, NULL),
(17, 'Farmshoppe Inc', 'Unit-B #390 Bonny Serrano Ave., Bgy. Libis, Quezon City', 'Tinay', NULL, NULL, NULL, NULL, NULL, NULL),
(18, 'Figaro Coffee Systems Inc', 'No. 184-B E. Rodriguez Jr. Ave., Bagumbayan, Quezon City', 'Manzano', NULL, NULL, NULL, NULL, NULL, NULL),
(19, 'Linda A Martinez', '27 Starline Rd, Blue Ridge B, Quezon City', 'Leonora Santos', NULL, NULL, NULL, NULL, NULL, NULL),
(20, 'Anthony O Viray', '19 River View Dr., Blue Ridge B, Quezon City', 'Ruth', NULL, NULL, NULL, NULL, NULL, NULL),
(21, 'Contis Pastry shop and Restaurant', '224 Katipunan Ave., Brgy. Blue Ridge, Quezon City', NULL, NULL, NULL, NULL, NULL, NULL, NULL),
(22, 'Wendys', 'Murphy, Quezon City', NULL, NULL, NULL, NULL, NULL, NULL, NULL),
(23, 'Mcdonald', 'Katipunan Ave., Blue Ridge Q.C.', NULL, NULL, NULL, NULL, NULL, NULL, NULL),
(24, 'Mark Anthony C Navarro', '21-F E. Rodriguez Sr. Ave., Dona Josefa Quezon City', NULL, NULL, NULL, NULL, NULL, NULL, NULL),
(25, 'Efren Salazar', 'Marikina City', NULL, NULL, NULL, NULL, NULL, NULL, NULL),
(26, 'Hammer Forge Carpentry', 'Km 22 Ortigas Ext., Brgy. San Isidro, Cainta, Rizal', 'Rolando Patacsil', '09156130493', NULL, NULL, NULL, NULL, NULL),
(27, 'ROLANDO PATACSIL', 'Km 22 Ortigas Ext., Brgy. San Isidro, Cainta Rizal', 'ROLANDO PATACSIL', '09156130493', NULL, NULL, NULL, NULL, NULL),
(28, 'Mercury Drugs Coporation', 'Quezon city', NULL, NULL, NULL, NULL, NULL, NULL, NULL),
(29, 'Medical and Pharmacy inc', 'unit 109 LOC Bldg.,East Avenue Cor V. Luna..,Quezon City', NULL, NULL, NULL, NULL, NULL, NULL, NULL),
(30, 'The Generics Pharmacy', '1 matapat st.,Cor. V. luna Road, Pinyahan, Quezon City', NULL, NULL, NULL, NULL, NULL, NULL, NULL),
(31, 'Primemaker Inc', 'Metrolane Complex 20th Ave., cor. P. Tuazon Cubao, Quezon City', 'Mery Ilnos', NULL, '009-758-553-001', NULL, NULL, NULL, NULL),
(32, 'Goldilocks Bakeshop Inc', 'G/F Metrolane Complex, P. Tuazon Ave., cor. 20th Ave., Cubao, QUEZON cITY', NULL, NULL, '000-054-207-00138', NULL, NULL, NULL, NULL),
(33, 'Contis Bakeshop and Restaurant', '224 Katipunan Ave, Subdivision, Quezon City, 1109 Metro Manila', NULL, '09178726132', NULL, NULL, NULL, NULL, NULL),
(34, 'SM Supermarket', 'SM Cubao Bldg., Socorro, Quezon City, NCR', NULL, NULL, '004-144-976-00041', NULL, NULL, NULL, NULL),
(35, 'HI-TOP SUPERMARKERT, INC.', '#6 Aurora Blvd., Cor. F. Castillo Proj. 4, Q.C.', NULL, '9264256', '000-388-360-00001', NULL, NULL, NULL, NULL),
(36, 'ISETANN DEPARTMENT STORE', '295 P. Tuazon Blvd. Brgy. San Roque, Quezon City', NULL, NULL, NULL, NULL, NULL, NULL, NULL),
(37, 'RED RIBBON', 'River Banks Center, Marikina City', NULL, NULL, NULL, NULL, NULL, NULL, NULL),
(38, 'DEXTER\'S BAKESHOP', '#146 Katipunan Ave., St. Ignatius, Q.C.', NULL, NULL, NULL, NULL, NULL, NULL, NULL),
(39, 'PANCIT NG MGA TAGA MALABON', 'Katipunan white Plains. Q.C.', NULL, NULL, NULL, NULL, NULL, NULL, NULL),
(40, 'KEYROSE FOOD & CATERING SERVICES', '63 Magat Salamat, Proj. 4, Q.C.', NULL, NULL, NULL, NULL, NULL, NULL, NULL),
(41, 'CAR PARK EASTWOOD MALL', 'Wastwood Ave., Eastwood City Park, Bagumabayan', NULL, NULL, NULL, NULL, NULL, NULL, NULL),
(42, 'MOMMY\'S MALABON PRIDE', 'Congressional Ave., Q.C.', NULL, NULL, NULL, NULL, NULL, NULL, NULL),
(43, 'INENGS SPECIAL BBQ', 'Katipunan Ave., Q.C.', NULL, NULL, NULL, NULL, NULL, NULL, NULL),
(44, 'PIZZA HUT', 'SM Marikina City', NULL, NULL, NULL, NULL, NULL, NULL, NULL),
(45, 'SM Marikina City', 'Riverbanks Center, Marikina City', NULL, NULL, NULL, NULL, NULL, NULL, NULL),
(46, 'BALIWAG LITSON', 'Daily 20th Ave., Cubao Q.C.', NULL, NULL, NULL, NULL, NULL, NULL, NULL),
(47, 'GLORIA\'S FOOD SERVICE', '615th Ave., Murphy Q.C.', NULL, NULL, NULL, NULL, NULL, NULL, NULL),
(48, 'ELIZABETHFLOWER SHOP', 'Loyola Heights Memorial Marikina City', NULL, NULL, NULL, NULL, NULL, NULL, NULL),
(49, 'RINAS FLOWER SHOP', 'Stall 3, Gen. Mc Arthur Ave., Cubao, Q.C.', NULL, NULL, NULL, NULL, NULL, NULL, NULL),
(50, 'CHOOKS TO GO', 'Riverbanks Mall, Marikina City', NULL, NULL, NULL, NULL, NULL, NULL, NULL),
(51, 'NANAY CONCHITA\'S FOOD SERVICES', 'San Roque Markina City', NULL, NULL, NULL, NULL, NULL, NULL, NULL),
(52, 'MARICRIS & HEILY FLOWER SHOP', 'Stall 9, Farmers Garden, Cubao, Q.C.', NULL, NULL, NULL, NULL, NULL, NULL, NULL),
(53, 'LITSON CORPORATION- Andoks', 'Boni Serrano, Libis Q.C.', NULL, NULL, NULL, NULL, NULL, NULL, NULL),
(54, 'E PURIFIED WATER REFILLING STATION', '161-C Project 4, Quezon City', NULL, NULL, NULL, NULL, NULL, NULL, NULL),
(55, 'WATERWISE WATER', 'Station 10 Juňio St., Proj. 4, Q.C.', NULL, NULL, NULL, NULL, NULL, NULL, NULL),
(56, 'ALKA BLUE', '391 Bonny Serrano Rd., Blue Ridge B, Q.C.', NULL, NULL, NULL, NULL, NULL, NULL, NULL),
(57, 'GATEAU DE MANILLE', 'Katipunan Ave., White Plains, Q.C.', NULL, NULL, NULL, NULL, NULL, NULL, NULL),
(58, 'ABACUS BOOK AND CARD CORP.', '11 Eastwood Ave., Eastwood City Cyberpark Bagumbayan, Q.C.', 'N/A', 'N/A', '000299299046', NULL, '2021-01-20 21:34:24', NULL, NULL),
(59, 'Merriam Webster', 'River Banks Mall, Marikina City', NULL, NULL, NULL, NULL, NULL, NULL, NULL),
(60, 'OFFICE WAREHOUSE', 'Eulogio Rodriguez Jr. Ave, Bagumbayan, Quezon City', NULL, NULL, NULL, NULL, NULL, NULL, NULL),
(61, 'EL FOREST H2O PURIFIED AND ALKALINE WATER STATION', '# 177 J.P. Tuazon St., Project 4, Brgy. Bayanihan, Quezon City', NULL, NULL, NULL, NULL, NULL, NULL, NULL),
(62, 'GREGORY LIM', '# 4C Brgy. Marilag, Proj. 4, Quezon City', NULL, NULL, NULL, NULL, NULL, NULL, NULL),
(63, 'FARM SHOP', 'Brgy. Libis, Quezon City', NULL, NULL, NULL, NULL, NULL, '2021-02-09 17:48:45', NULL),
(64, 'GILLIGAN\'S', 'Riverbanks Avenue, Marikina City', NULL, NULL, NULL, NULL, NULL, NULL, NULL),
(65, 'JOJO ULO-ULO', 'Barangay Pansol, Quezon City', NULL, NULL, NULL, NULL, NULL, NULL, NULL),
(66, 'ANNIE PARAISO STORE', '24 Starline, Brgy. Blue Ridge B, Q.C.', NULL, NULL, NULL, NULL, NULL, NULL, NULL),
(67, 'BLUE RIDGE B BILIHAN', '# 5 Moonlight Loop, Brgy. Blue Ridge B, Quezon City', NULL, NULL, NULL, NULL, NULL, NULL, NULL),
(68, 'LEAVES STORE', 'Brgy. Libis, Quezon City', NULL, NULL, NULL, NULL, NULL, NULL, NULL),
(69, 'MARIEL & YANO\'S STORE', '# 6 O. De Guzman St., IVC Marikina City', NULL, NULL, NULL, NULL, NULL, NULL, NULL),
(70, 'HILARIOUS CARENDERIA', '377 Bonny Serrano Rd., Blue Ridge B, Q.C.', NULL, NULL, NULL, NULL, NULL, NULL, NULL),
(71, 'SAVEMORE MARKET', 'River Banks Mall, Barangka Marikina City', NULL, NULL, NULL, NULL, NULL, NULL, NULL),
(72, 'ZKM TRADING', '#640 Bonny Serrano Rd., Libis, Q.C.', NULL, NULL, NULL, NULL, NULL, NULL, NULL),
(73, 'WICON DEPOT, INC.', '# 90 E. Rodriguez Jr., Ave., Brgy. Ugong Norte, Q.C.', NULL, NULL, NULL, NULL, NULL, NULL, NULL),
(74, 'CHARLOTTE PLASTICWARE & NATIVE PRODUCTS STORE', 'Farmers Market, Cubao Quezon City', NULL, NULL, NULL, NULL, NULL, '2021-02-09 18:25:20', NULL),
(75, 'HANDYMAN', 'Robinson East Mall, Cainta Rizal', NULL, NULL, NULL, NULL, NULL, NULL, NULL),
(76, 'CB&G OFFICE SUPPLIES TRADING', 'Lot 12 Blk 1 Willow St., Ponte Verde Subd., Cupang, Antipolo City', NULL, NULL, NULL, NULL, NULL, NULL, NULL),
(77, 'WATSONS', 'SM City Marikina Marcos Highway, Calumpang Marikina City', NULL, NULL, NULL, NULL, NULL, NULL, NULL),
(78, 'YAMAT MACHINE & CALIBRATION CENTER CORP.', '14 JP Rizal Proj. 4, Q.C.', NULL, NULL, NULL, NULL, NULL, NULL, NULL),
(79, 'TRIPPLED HAULING SERVICES', '379 Boni Serrano Ave., Blue Ridge B Q.C.', NULL, NULL, NULL, NULL, NULL, NULL, NULL),
(80, 'ELIP ENTERPRISES', '65 A Col. Boni Serrano Ave., Bagong Lipunang, Crame 4, Quezon City', NULL, NULL, NULL, NULL, NULL, NULL, NULL),
(81, 'FIL-MAR AUTO TRENDS', '11 Rivder View Drive, Blue Ridge B, Quezon City', NULL, NULL, NULL, NULL, NULL, NULL, NULL),
(82, 'N. ALMOCERA AUTO ELECTRICAL SHOP', '81-A JP Rizal St., Proj. 4, Q.C.', NULL, NULL, NULL, NULL, NULL, NULL, NULL),
(83, 'CABALU CAR AIRCON / MOTOR SHOP', '# 226 Soliven Avenue, Mayamot Antipolo City', NULL, NULL, NULL, NULL, NULL, NULL, NULL),
(84, 'G.A FERNANDO\'S, INC.', '929 Aurora Blvd., Cubao Quezon City', NULL, NULL, NULL, NULL, NULL, NULL, NULL),
(85, 'REYNALD TIRE SUPPLY', '246 H & I P. Tuazon St., Cubao, Quezon City', NULL, NULL, NULL, NULL, NULL, NULL, NULL),
(86, 'D\' TIRE QUEEN TRADING', '246 C.D.E P. Tuazon St., Cubao, Quezon City', NULL, NULL, NULL, NULL, NULL, NULL, NULL),
(87, 'RADIANT DRAGON TRADING', '246 J-K P. Tuazon St., Socorro, Cubao, Quezon City', NULL, NULL, NULL, NULL, NULL, NULL, NULL),
(88, 'CARCON AIRCONDITIONING', '39 E Abada St., Loyola Hts., Dist II, Quezon City', NULL, NULL, NULL, NULL, NULL, NULL, NULL),
(89, 'DIAMOND MOTOR CORPORATION', '100 DMC Bldg., E. Rodriguez St., Ugong Pasig City', NULL, NULL, NULL, NULL, NULL, NULL, NULL),
(90, 'CAT\'S EYE KING INTERNATIONAL INC.', '304 MB Bldg., # 6 Kalayaan Avenue Brgy. Central, Quezon City', NULL, NULL, NULL, NULL, NULL, NULL, NULL),
(91, 'MACTYCOON MARKETING- BRANCH', '15556-1560 Bambang St., Brgy. 333 Zone 33 Dist. III, Sta. Cruz Manila', NULL, NULL, NULL, NULL, NULL, NULL, NULL),
(92, 'MERCURY DRUG', 'Bagumbayan, Quezon City', NULL, NULL, NULL, NULL, NULL, NULL, NULL),
(93, 'RESCUE MED.', 'Project 4, Quezon City', NULL, NULL, NULL, NULL, NULL, NULL, NULL),
(94, 'THE GENERICS PHARMACY -*F', '# 1 Matapat St., Brgy. Pinyahan, Quezon City', NULL, NULL, NULL, NULL, NULL, NULL, NULL),
(95, 'DPRINT MERCHANDISE CORPORATION', '#30 San Roque St., Brgy. Bagumbayan, Quezon City', NULL, NULL, NULL, NULL, NULL, NULL, NULL),
(96, 'MEJICO PRINTING STATION', '#35 Mejico St., Santolan Pasig City', NULL, NULL, NULL, NULL, NULL, NULL, NULL),
(97, 'PRINT EXPRESS', '36-B Daang Bakal St., Concepcion Uno, Marikina City', NULL, NULL, NULL, NULL, NULL, NULL, NULL),
(98, 'CASAMIA FURNITURE CENTER, INC.', 'LGF, SM Megamall Bldg. A Edsa Wackwack, Mandaluyong City', NULL, NULL, NULL, NULL, NULL, NULL, NULL),
(99, 'FIESTA STAMP', 'SM North Edsa. Lower Ground Floor. Near House Of Obagi., Quezon City, Metro Manila', NULL, NULL, NULL, NULL, NULL, NULL, NULL),
(100, 'JAPAN HOMES INC.', 'Unit 20228 Riverbanks Mall, Barangka, Marikina City', NULL, NULL, NULL, NULL, NULL, NULL, NULL),
(101, 'LAM MARKETING CO.', '#3 20th Ave., Cubao, Quezon City', NULL, '9134460', '002-582-835-000', NULL, NULL, NULL, NULL),
(102, 'NATIONAL BOOK STORE', 'G/F Bldg. A SM Megamall Dona Vargas Ave., Mandaluyong City', 'N/A', 'N/A', '000325972008', NULL, '2021-01-20 20:39:45', NULL, NULL),
(103, 'REMERALD COMMERCIAL, INC.', '60 Molave St., Project 3, Duyan-Duyan, Quezon City', NULL, NULL, NULL, NULL, NULL, NULL, NULL),
(104, 'WESTERN APPLIANCES', '179 P. Tuazon Blvd, Cubao, Quezon City', NULL, NULL, NULL, NULL, NULL, NULL, NULL),
(105, 'OFFICE WAREHOUSE, INC.', 'Unit A-308 Level 3, Eastwood Mall, Eastwood Cyber Park City, Bagumbayan Quezon City', NULL, NULL, NULL, NULL, NULL, NULL, NULL),
(106, 'ELGRADE INCORPORATED', 'Lt. 2 Blk. 1A Manggahan Kight Industrial park, A. Rodriguez Ave., Manggahan Pasig City', NULL, NULL, NULL, NULL, NULL, NULL, NULL),
(107, 'SM APPLIANCES CENTER', 'SM City Marikina, Marcos Hi-Way, Calumpang Marikina City', NULL, NULL, NULL, NULL, NULL, NULL, NULL),
(108, 'RDJ INDUSTRIAL SUPPLY, INC.', '925 Aurora Blvd Cubao, Quezon City', NULL, NULL, NULL, NULL, NULL, NULL, NULL),
(109, 'ASISI SYSTEMS CORP.', 'JMC Building, Blk. 4 Lt. 4 Ocean Park St., Brgy. Sauyo, Sauyo Rd., Quezon City', NULL, NULL, NULL, NULL, NULL, NULL, NULL),
(110, 'E.P.D.A. TRADING', '1513 S. Herrera St., Brgy. 354 Zone 36, Sta. Cruz, Manila', NULL, NULL, NULL, NULL, NULL, NULL, NULL),
(111, 'KONIKIM PAPER PRODUCTS COMPANY', '975 Aurora Blvd., Duya-Duyan, Quirino District Quezon City', NULL, NULL, NULL, NULL, NULL, NULL, NULL),
(112, 'ROBINSONS APPLIANCES CORPORATION', 'Robinsons Metro east Marcos Hihway, dela Paz Pasig City', NULL, NULL, NULL, NULL, NULL, NULL, NULL),
(113, 'FULLY BOOK STORE', 'Katipunan Ave.', NULL, NULL, NULL, NULL, NULL, NULL, NULL),
(114, 'MERRIAM & WEBSTER', '# 84 River Bank Center, Marikina City', NULL, NULL, NULL, NULL, NULL, NULL, NULL),
(115, 'ACE HARDWARE', 'SM Megamall Bldg. B cor. Edsa Mandaluyong City', NULL, NULL, NULL, NULL, NULL, NULL, NULL),
(116, 'SHEIN HARDWARE', 'Bonny Serrano Rd., Libis, Q.C.', NULL, NULL, NULL, NULL, NULL, NULL, NULL),
(117, 'MANCXMANTRADE CORP.', 'V. Luna extion, Q.C.', NULL, NULL, NULL, NULL, NULL, NULL, NULL),
(118, 'COPYSTART AUTOMATION', 'J.P Rizal St., Makati City', NULL, NULL, NULL, NULL, NULL, NULL, NULL),
(119, 'RKL ENTERPRISE', '94-D 20th Ave., Dioquino Zobel, Cubao Quezon City', NULL, NULL, NULL, NULL, NULL, NULL, NULL),
(120, 'GLASS & ALUMINUM ENTERPRISES', 'Calumpang Marikina City', NULL, NULL, NULL, NULL, NULL, NULL, NULL),
(121, 'MARIA FE  FONTANILLA', 'QUIRINO 3A QUEZON CITY', NULL, NULL, NULL, NULL, NULL, NULL, NULL),
(122, 'THOMAS GREGORY LIM', NULL, NULL, NULL, NULL, NULL, NULL, NULL, NULL),
(123, 'farmshop', 'libis quezon city', NULL, NULL, NULL, NULL, NULL, '2021-02-09 17:48:23', NULL),
(124, 'SM PRIME HOLDING INC', 'ARANETA CENTER CUBAO', NULL, NULL, NULL, NULL, NULL, NULL, NULL),
(125, 'GLYNNEX VULCANIZING TIRE SHOP', '646 BONI SERRANO RD, BRGY LIBIS, QUEZON CITY', NULL, NULL, NULL, NULL, NULL, NULL, NULL),
(126, 'ALFREN MARKETING', '383 BONI SERRANO RD', NULL, NULL, NULL, NULL, NULL, NULL, NULL),
(127, 'ATTY CECILIO LUMANTAO', 'SANTAN ST., BRGY.PASONG TAMO', NULL, NULL, NULL, NULL, NULL, NULL, NULL),
(128, 'ATTY JOSE FLORO CRISOLOGO', 'GENERAL DE JESUS HEREOS HILLS BRGY STA CRUZ', NULL, NULL, NULL, NULL, NULL, NULL, NULL),
(129, 'HI TOP SUPERMARKET', '36 AURORA BLVD. COR F. CASTILLO', NULL, NULL, NULL, NULL, NULL, '2021-02-09 18:28:52', NULL),
(130, 'MODERN IMAGE GRAPHIC SIGNS CO', '14 P. TUAZON BLVD .,SOCORRO QUEZON CITY', NULL, NULL, NULL, NULL, NULL, NULL, NULL),
(131, 'CRISOLOGO ASSOCIATES', 'BONI SERRANO RD., MURPHY, CUBAO QUEZON CITY', NULL, NULL, NULL, NULL, NULL, NULL, NULL),
(132, 'RAY ROR GARY', 'BRGY GAYA GAYA SAN JOSE BULACAN', NULL, NULL, NULL, NULL, NULL, NULL, NULL),
(133, 'RICHARD PLANT', 'SAN SIMON PAMPANGA', NULL, NULL, NULL, NULL, NULL, NULL, NULL),
(134, 'Plants in the City PH', '29 South Rd, Quezon City, 1111 Metro Manila', NULL, NULL, NULL, NULL, NULL, NULL, NULL),
(135, 'JPBA SARISARI STORE', '#392-Santolan Road, Libis Quezon City', 'Joselito B AU', NULL, '151-343-858-00', NULL, NULL, NULL, NULL),
(136, 'Golden Air Refrigeration  Airconditioning Services', '#4-Canada St., Malanday, Marikina City', 'Louie M Asumbrado', NULL, '211-078-828-000', NULL, NULL, NULL, NULL),
(137, 'IGLESIA STORE', 'Libis Store', NULL, NULL, NULL, NULL, NULL, NULL, NULL),
(138, 'MAPLETREE INCORPORATED', 'Rm. 814 Pacific Land Ctr. Bldg., Quintin Paredes St., Brgy. 289 Zone 027 Dist. III Binondo Manila', NULL, '8243946264', '007424197000', NULL, NULL, NULL, NULL),
(139, 'SMART PREPAID STORE', 'Ground Flr., Sta. Lucia Mall, Cainta Rizal', NULL, NULL, NULL, NULL, NULL, NULL, NULL),
(140, 'MedExpress Drugstore', 'Capitol Medica Center, Magbanua St. Cor. Quezon Aave, Diliman, Quezon City, 1103 Metro Manila', NULL, NULL, NULL, NULL, NULL, NULL, NULL),
(141, 'Norman Bueno', '32C Barangay Blue Ridge A, Quezon City', NULL, NULL, NULL, NULL, NULL, NULL, NULL),
(142, 'Grace Ngo', 'Binondo Manila', NULL, NULL, NULL, NULL, NULL, NULL, NULL),
(143, 'RAGS TO RICHES', '138 G. Reyes St., Balong Bato, San Juan City', NULL, NULL, NULL, NULL, NULL, NULL, NULL),
(144, 'Guru Property Development and Management Corporation', '717 Old Victory Compound Rizal Ave. Ext., Monumento Caloocan City', NULL, NULL, NULL, NULL, NULL, NULL, NULL),
(145, 'Victory Mall Pay Parking', '713 Rizal Ave Ext, 072, Caloocan, 1400 Metro Manila', NULL, NULL, NULL, NULL, NULL, NULL, NULL),
(146, 'R ENRICO GARAGE', '5th Avenue, Baltazar St, Caloocan, Kalakhang Maynila', NULL, '09173535040', NULL, NULL, NULL, NULL, NULL),
(147, 'Ronies Vegetables', 'libis', NULL, NULL, NULL, NULL, NULL, NULL, NULL),
(148, 'JR Vegetables', 'Barangay Libis, Quezon City', NULL, NULL, NULL, NULL, NULL, NULL, NULL),
(149, 'ENCHANG TIRE SUPPLY Vulcanizing and Recapping', '#43 20th Ave., Murphy San Roque 3, Quezon City', NULL, NULL, '480-822-503-000', NULL, NULL, NULL, NULL),
(150, 'TWENTY AVENUE TIRE SUPPLY', '26B J.L. Apartment 20th Avenue, San  Roque, Quezon City', NULL, NULL, '426-756-069-000', NULL, NULL, NULL, NULL),
(151, 'JOEL TIRE AND VULCANIZING', '277-Katipunan Ave. Quezon City', NULL, NULL, NULL, NULL, NULL, NULL, NULL),
(152, 'FEDERAL HARDWARE', '#9-Imelda Ave, Cainta Felix Ave., Canta Rizal', 'N/A', 'N/A', 'N/A', NULL, '2021-02-02 22:31:53', NULL, NULL),
(153, 'MCDONALDS', '# 128 Kamias Road, East Quezon City', NULL, '8635490', '000121242000', NULL, NULL, NULL, NULL),
(154, 'BURGER KING', 'Kamias Kalayaan Lot 26, Block 37 Kamias Road, corner Kalayaan Ave, Diliman, Quezon City, 1102 Metro Manila', NULL, '4220942', NULL, NULL, NULL, NULL, NULL),
(155, 'Jollibee Anonas Kamias', '#139 B Anonas, cor Kamias Rd, Quezon City, Metro Manila', NULL, '9283444', NULL, NULL, NULL, NULL, NULL),
(156, 'ANSON SUPERMARKET INC', '38 MOLAVE ST.,PROJ 3, QC', NULL, NULL, NULL, NULL, NULL, NULL, NULL),
(157, 'WATER POUND', '273 J.P RIZAL ST, PROJECT 4', NULL, NULL, NULL, NULL, NULL, NULL, NULL),
(158, 'AIRENE LANZADERAS', 'J.P RIZAL SAN ROQUE QC', NULL, NULL, NULL, NULL, NULL, NULL, NULL),
(159, 'ROBINSON SUPERMARKET', 'MARCOS HI-WAY COR FELIX AVE', NULL, NULL, NULL, NULL, NULL, NULL, NULL),
(160, 'AUTOZONE INC', '287 8th Ave., San Roque 3, Quezon City', 'N/A', 'N/A', '008-405-271-001', NULL, '2021-02-04 21:52:10', NULL, NULL),
(161, 'CHARLOTTE PLASTIWARE  NATIVE PRODUCTS STORE', 'Farmers Market, Cubao, Quezon City', NULL, NULL, '241-859-628-000d', NULL, NULL, '2021-02-09 18:27:41', NULL),
(162, 'HILARION EATERY', '377 Bonny Serrano Rd., Blue Ridge B., Quezon City', NULL, NULL, NULL, NULL, NULL, '2021-02-09 17:48:23', NULL),
(163, 'BERNADETTE AMPARADO', '7 River View Dr., Blue Ridge B, Quezon City', 'BERNADETTE', NULL, NULL, NULL, NULL, NULL, NULL),
(164, 'JUAN STOP SHOP HARDWARE CORP', '52-A Diego Silang, San Roque, Cubao, QUEZON CITY', NULL, '7092702', '008961929000', NULL, NULL, NULL, NULL),
(165, 'CHARLOTTE PLASTICWARE AND NATIVE PRODUCTS STORE', 'Farmers Market, Cubao, Quezon City', NULL, '09185872265', '241859628000', NULL, NULL, NULL, NULL),
(166, 'PINK CHIPPON CAKES AND CUPCAKES', '49-B Lilac St., Hacienda Hts., Concepcion I, Marikina City', 'Linda Martinez', NULL, '303041032000', NULL, NULL, NULL, NULL),
(167, 'BONITA', 'Quezon City', NULL, NULL, NULL, NULL, NULL, NULL, NULL),
(168, 'Jennifer Jill L Tan', '12 Woodpecker St. Green Meadows Subd., Quezon City', NULL, NULL, '225-953-119-000', NULL, NULL, NULL, NULL),
(169, 'Infinus Corporation Wholesaler Importer', '30 ITC Compd Sait Dominic St. Brgy. Canumay East Dist. ! ValenZuela City', NULL, NULL, '009-947-001-000', NULL, NULL, NULL, NULL),
(170, 'SM Cubao Parking', NULL, NULL, NULL, NULL, NULL, NULL, NULL, NULL),
(171, 'Riverbanks Mall Parking', NULL, NULL, NULL, NULL, NULL, NULL, NULL, NULL),
(172, 'Nonoy Gas and Accessories', NULL, NULL, NULL, NULL, NULL, NULL, NULL, NULL),
(173, 'Atty Cecilio C Lumantao', NULL, NULL, NULL, NULL, NULL, NULL, NULL, NULL),
(174, 'Harvey Vulcanizing', NULL, NULL, NULL, NULL, NULL, NULL, NULL, NULL),
(175, 'Alfred vulcanizing', NULL, NULL, NULL, NULL, NULL, NULL, NULL, NULL),
(176, 'ATTY Jose Floro P Crisologo', NULL, NULL, NULL, NULL, NULL, NULL, NULL, NULL),
(177, 'Atty Ruben M Azanares', 'Agora Complex Camp Crame Q. C.', NULL, NULL, '140-394-386-000', NULL, NULL, NULL, NULL),
(178, 'Alren Marketing', '383 Boni Serrano Ave., Blue Ridge B. Quezon City', 'Alma O Ordenez', NULL, '163-960-073-000', NULL, NULL, NULL, NULL),
(179, 'Best Value', '#62- Calle Industria St., Bagumbayan Q.C.', NULL, NULL, '008-925-520-000', NULL, NULL, NULL, NULL),
(180, 'The Generics Pharmacy F', '#1 Matapat St., Cor. V. Luna Road, Pinyahan, Quezon City', NULL, NULL, '250-915-321-006', NULL, NULL, NULL, NULL),
(181, 'K Drug Group Inc', '#23- Luzon Ave., San Isidro, Galas, Quezon City', NULL, NULL, '245-557-546-001', NULL, NULL, NULL, NULL),
(182, 'Mercury Drug  Quezon City', '#39 - 15th Ave., Cubao Quezon City', NULL, NULL, '000-3888-474-00096', NULL, NULL, NULL, NULL),
(183, 'Mercury Drug Corporation', 'J.P. Rizal., Cor Tom Castro St. Brgy. Milagrosa Proj. 4 Quezon City', NULL, NULL, '000-388-474-559', NULL, NULL, NULL, NULL),
(184, 'SUPERKALAN GAZ', 'Block 5 Lot 4 Urban Bliss, Marikina  City 1803', NULL, NULL, NULL, NULL, NULL, NULL, NULL),
(185, 'TISOY LPG DELIVERY', '#24- Santo Nino St. Quezon City', NULL, NULL, NULL, NULL, NULL, NULL, NULL),
(186, 'KTWO DRUG GROUP INC', '#23 - Luzon Ave., San Isidro, Galas, Quezon City', NULL, NULL, '245-557-546-001', NULL, NULL, NULL, NULL),
(187, 'South Drug Store', 'Cyber Mall Eastwood City', NULL, NULL, NULL, NULL, NULL, NULL, NULL),
(188, '0330 general merchandise', '90 maginhawa st. teachers village east ave quezon city', NULL, NULL, '234-247-904-000', NULL, NULL, NULL, NULL),
(189, 'Atty. Pablo B. Ajesta', 'Boni Serrano Rd., Murphy, Quezon City', 'Att Pablo B Ajesta', 'N/A', '149-830-057', NULL, '2021-03-04 19:21:00', NULL, NULL),
(190, 'Philippine Postal Corporation', 'Ali Mall, Cubao Quezon City', NULL, NULL, NULL, NULL, NULL, NULL, NULL),
(191, 'LBC EXPRESS', 'METROLANE COMPLEX, P. TUAZON, COR 20th Ave, Cubao, Quezon City, 1100 Metro Manila', NULL, '8858599', NULL, NULL, NULL, NULL, NULL),
(192, 'DHL', 'GF,Outside, SM City Cubao, Time Square Avenue, Cubao, Quezon City, Metro Manila', NULL, NULL, NULL, NULL, NULL, NULL, NULL),
(193, 'nanay fenny', 'de guzman st. ivc marikina city', NULL, NULL, NULL, NULL, NULL, NULL, NULL),
(194, 'bahay ligaya restaurant', '176 katipunan road, blue ridge b quezo city', NULL, NULL, '141-841-435-000', NULL, NULL, NULL, NULL),
(195, 'reynaldo cruz cartaj', 'libis quezon city', NULL, NULL, NULL, NULL, NULL, NULL, NULL),
(196, 'WATERPOND', '#273-J.P. Rizal St., Proj. 4, Cubao Quezon City', NULL, NULL, '218-418-367-000', NULL, NULL, NULL, NULL),
(197, 'Anson Supermart, Inc.', '#38_Molave St., Proj. 3 Q. C.', NULL, NULL, '000-389-588-000', NULL, NULL, NULL, NULL),
(198, 'Lolit Bunaro', '#20-A Boni Srrano Rd. Libis Q. C.', NULL, NULL, NULL, NULL, NULL, NULL, NULL),
(199, 'Brgy. Bilihan', '#5-Moonlight Loop Blue Ridge B', NULL, NULL, NULL, NULL, NULL, NULL, NULL),
(200, 'Barangay Bilihan', '#5-Moonlight Loop Blue Ridge B', NULL, NULL, NULL, NULL, NULL, NULL, NULL),
(201, 'HAMMERFORGE', 'Km 22 Ortigas Ext., Brgy. San Isidro, Cainta, Rizal', NULL, NULL, '222-497-946-000', NULL, NULL, NULL, NULL),
(202, 'BASIC MACHINERY & ACCOUSTIC CORP.', 'Suite 103-Ground Flr. M. MC. S Tower Makita Cinema SQR. Cor. Pasong Tamo Ave. Makati City', NULL, NULL, NULL, NULL, NULL, NULL, NULL),
(203, 'PALMECO PHILIPPINES', 'Quezon City, Metro Manila', NULL, NULL, NULL, NULL, NULL, NULL, NULL),
(204, 'GOODLUCK MINI HARWARE AND SARI SARI STORE', '655-B EDSA CUBAO QUEZON CITY', NULL, NULL, '222-832-179-000', NULL, NULL, NULL, NULL),
(205, 'Immaculate conception parish San Agustin church', 'Intramuros Manila', NULL, NULL, NULL, NULL, NULL, NULL, NULL),
(206, 'NLEX Corporation', '12 NLEX Compound Balintawak Caloocan City 1400', NULL, NULL, '004-984-946-000', NULL, NULL, NULL, NULL),
(207, 'SMMEH FRAMES SHOP', '96 D V Luna Ext Sikatuna Village, Quezon City', 'Herwig Tysmans', NULL, '241-637-148-000', NULL, NULL, NULL, NULL),
(208, 'OMG Arts & Frame Shop', '18-A Main Avenue street, Corner 4th Avenue street, Cubao, Quezon City, 1111 Metro Manila', NULL, '7532041', NULL, NULL, NULL, NULL, NULL),
(209, 'Frameworks Homefront', '46 Kamuning Rd, Quezon City, 1103 Metro Manila', NULL, '84264482', NULL, NULL, NULL, NULL, NULL),
(210, 'AQUA V FRESH WATER REFILLING STATIONS', '#29 - Toentino St. Barangay Duyanduyan', NULL, NULL, NULL, NULL, NULL, NULL, NULL),
(211, 'YanYan Water Refilling Station', '#400-P Tuazon St. Milagros Proj. 4 Qurezon City', NULL, NULL, NULL, NULL, NULL, NULL, NULL),
(212, 'Gilbert Danao Halo-Hao', '#10-Old Cabuyao Brgy Sauyo Quezon City', NULL, NULL, NULL, NULL, NULL, NULL, NULL),
(213, 'MARLON', '#18-Moonlight Loop, Blue Ridge B Quezon City', NULL, NULL, NULL, NULL, NULL, NULL, NULL),
(214, 'Andoks Litson MAnok', 'Libis Quezon City', NULL, NULL, NULL, NULL, NULL, NULL, NULL),
(215, 'Manok Sr. San Pedro', 'Colonel Bonnt Serrano Ave., Quezon City', NULL, NULL, NULL, NULL, NULL, NULL, NULL),
(216, 'S&R', 'E. Rodriguez Avenue Barangay Bagumbayan, Q. C.', NULL, NULL, '246-969-491-048', NULL, NULL, NULL, NULL),
(217, 'Domino\'s Pizza', 'Le Grand II, Eastwood Ave, Quezon City, 1110 Metro Manila', NULL, NULL, NULL, NULL, NULL, NULL, NULL),
(218, 'Fizza Hut', 'Eastwood City Bagumbayan Quezon City', NULL, NULL, NULL, NULL, NULL, NULL, NULL),
(219, 'Chowking', 'River Banks Marikina City', NULL, NULL, NULL, NULL, NULL, NULL, NULL),
(220, 'Mang Inasal', 'Tntrefid, Eastwoon City', NULL, NULL, NULL, NULL, NULL, NULL, NULL),
(221, 'ZAGU', 'Robinson East Wood City', NULL, NULL, NULL, NULL, NULL, NULL, NULL),
(222, 'Fruit Shake', 'Libis Quezon City', NULL, NULL, NULL, NULL, NULL, NULL, NULL),
(223, '3EJ PAINT CENTER', '105-C KAMIAS ROAD MALAYA QUEZON CITY', NULL, NULL, '290-349-062-000', NULL, NULL, NULL, NULL),
(224, 'Ricky Cerda', 'Lungshod Brgy Rizal', NULL, NULL, NULL, NULL, NULL, NULL, NULL),
(225, 'Concoll Event Inc.', '2nd Floor office unit 2 Ciscor Bldg Boni Serrano Cubao Quezon City', NULL, NULL, '008-582-273-000', NULL, NULL, NULL, NULL),
(226, 'G.A. FERNANDO\'S, INC.', 'Aurora Blvd., Cubao, Quezon City', NULL, '9124991', '000-401-831-000', NULL, NULL, NULL, NULL),
(227, 'R.S.V. Auto Electrical & Battery Charging', '256 15th Ave., Silangan, Cubao, Quezon City', 'Renato S Villa', '9124547', '104-010-301-000', NULL, NULL, NULL, NULL),
(228, 'JR Welding Shop', '46A 12th Ave., Brgy. Socorro, Quezon City', 'Wilson Pernito', NULL, '709-640-761-000', NULL, NULL, NULL, NULL),
(229, 'BMJB Plastic Enterprise', '999-9 A & B Gov Pascual Avenue Potrero Malabon City', NULL, NULL, '243-468-390-081', NULL, NULL, NULL, NULL);

-- --------------------------------------------------------

--
-- Table structure for table `template_signees`
--

CREATE TABLE `template_signees` (
  `id` bigint(20) UNSIGNED NOT NULL,
  `template_id` bigint(20) UNSIGNED NOT NULL,
  `signatory_id` bigint(20) UNSIGNED NOT NULL,
  `created_at` timestamp NULL DEFAULT NULL,
  `updated_at` timestamp NULL DEFAULT NULL,
  `deleted_at` timestamp NULL DEFAULT NULL,
  `created_by` bigint(20) UNSIGNED DEFAULT NULL
) ENGINE=InnoDB DEFAULT CHARSET=utf8mb4 COLLATE=utf8mb4_unicode_ci;

-- --------------------------------------------------------

--
-- Table structure for table `transactions`
--

CREATE TABLE `transactions` (
  `id` bigint(20) UNSIGNED NOT NULL,
  `ledger_id` bigint(20) UNSIGNED NOT NULL,
  `type` tinyint(4) DEFAULT 1 COMMENT '0 = Expenses,1 = Income',
  `payment_id` bigint(20) UNSIGNED NOT NULL,
  `description` varchar(191) COLLATE utf8mb4_unicode_ci NOT NULL,
  `date_received` date DEFAULT NULL,
  `amount` decimal(14,2) DEFAULT NULL,
  `deleted_at` timestamp NULL DEFAULT NULL,
  `created_at` timestamp NULL DEFAULT NULL,
  `updated_at` timestamp NULL DEFAULT NULL,
  `created_by` bigint(20) UNSIGNED DEFAULT NULL
) ENGINE=InnoDB DEFAULT CHARSET=utf8mb4 COLLATE=utf8mb4_unicode_ci;

-- --------------------------------------------------------

--
-- Table structure for table `units`
--

CREATE TABLE `units` (
  `id` bigint(20) UNSIGNED NOT NULL,
  `unit_name` varchar(191) COLLATE utf8mb4_unicode_ci NOT NULL,
  `unit_symbol` varchar(191) COLLATE utf8mb4_unicode_ci NOT NULL,
  `created_at` timestamp NULL DEFAULT NULL,
  `updated_at` timestamp NULL DEFAULT NULL,
  `deleted_at` timestamp NULL DEFAULT NULL,
  `created_by` bigint(20) UNSIGNED DEFAULT NULL
) ENGINE=InnoDB DEFAULT CHARSET=utf8mb4 COLLATE=utf8mb4_unicode_ci;

--
-- Dumping data for table `units`
--

INSERT INTO `units` (`id`, `unit_name`, `unit_symbol`, `created_at`, `updated_at`, `deleted_at`, `created_by`) VALUES
(1, 'kilograms', 'kg', NULL, NULL, NULL, NULL),
(2, 'pieces', 'pc', NULL, NULL, NULL, NULL),
(3, 'meter', 'm', NULL, NULL, NULL, NULL),
(4, 'inch', 'inch', NULL, NULL, NULL, NULL),
(5, 'grams', 'g', NULL, NULL, NULL, NULL),
(6, 'millimeters', 'mm', NULL, NULL, NULL, NULL),
(7, 'Gallon', 'gall', NULL, NULL, NULL, NULL),
(8, 'Bags', 'bags', NULL, NULL, NULL, NULL),
(9, 'Roll', 'roll', NULL, NULL, NULL, NULL),
(10, 'Pairs', 'pairs', NULL, NULL, NULL, NULL),
(11, 'Ream', 'rm', NULL, NULL, NULL, NULL),
(12, 'elf', 'elf', NULL, NULL, NULL, NULL),
(13, 'Can', 'Can', NULL, NULL, NULL, NULL),
(14, 'pack', 'pack', NULL, NULL, NULL, NULL),
(15, 'package', 'package', NULL, NULL, NULL, NULL),
(16, 'tray', 'tray', NULL, NULL, NULL, NULL),
(17, 'box', 'box', NULL, NULL, NULL, NULL),
(18, 'capsule', 'capsule', NULL, NULL, NULL, NULL);

-- --------------------------------------------------------

--
-- Table structure for table `users`
--

CREATE TABLE `users` (
  `id` bigint(20) UNSIGNED NOT NULL,
  `name` varchar(191) COLLATE utf8mb4_unicode_ci NOT NULL,
  `email` varchar(191) COLLATE utf8mb4_unicode_ci NOT NULL,
  `email_verified_at` timestamp NULL DEFAULT NULL,
  `password` varchar(191) COLLATE utf8mb4_unicode_ci NOT NULL,
  `position` varchar(191) COLLATE utf8mb4_unicode_ci NOT NULL,
  `address` varchar(191) COLLATE utf8mb4_unicode_ci DEFAULT NULL,
  `contact_number` varchar(191) COLLATE utf8mb4_unicode_ci DEFAULT NULL,
  `image` varchar(191) COLLATE utf8mb4_unicode_ci DEFAULT NULL,
  `remember_token` varchar(100) COLLATE utf8mb4_unicode_ci DEFAULT NULL,
  `created_at` timestamp NULL DEFAULT NULL,
  `updated_at` timestamp NULL DEFAULT NULL,
  `deleted_at` timestamp NULL DEFAULT NULL,
  `created_by` bigint(20) UNSIGNED DEFAULT NULL
) ENGINE=InnoDB DEFAULT CHARSET=utf8mb4 COLLATE=utf8mb4_unicode_ci;

--
-- Dumping data for table `users`
--

INSERT INTO `users` (`id`, `name`, `email`, `email_verified_at`, `password`, `position`, `address`, `contact_number`, `image`, `remember_token`, `created_at`, `updated_at`, `deleted_at`, `created_by`) VALUES
(1, 'Michell Miniano', 'michell.miniano@blueridgeb.com', NULL, '$2y$10$lpfOwm5T5Rod7.d8zxlzjuSgcKQVdGQOo04WrTSHdMTwqdLBPRiMa', 'Brgy. Treasurer', 'Quezon City', '09196133296', NULL, 'cMTiRIq6lQiaZjb7poBSIllLOfTLQ0e5WQ9LpBlwuNv1He2BlmfFX1Gkidd0', '2020-03-03 10:12:17', '2020-03-05 05:57:46', NULL, NULL),
(2, 'ABCSSI Developers', 'abcssi.dev@abcsystems.com.ph', NULL, '$2y$10$Mz2MeVIN4sr.G6v0L.pzF.03PH3nm7Ts8Rw091J97.lG6cG5C7HLq', 'Developers', 'as', '09323668468', '', NULL, '2020-03-04 02:42:49', '2020-03-04 02:42:49', NULL, NULL),
(3, 'Phong S. Pornillos', 'phong.pornillos@blueridgeb.com', NULL, '$2y$10$zC.v4Z4G20XWPT99RiHhfuCk59ZeEcR13h14czEB3QvYsPCPFfZnK', 'Barangay staff', '#58-San Pablo St. Bagumbayan Quezon City', '+639988657576', 'accounts-15845118503.png', 'UQzCZNkFzNvP0tT9D4uLRMdDqCIOhZOe3XKoOUxTfX0EbKbPbfc3QDjNW43N', '2020-03-04 02:44:03', '2020-03-18 06:10:50', NULL, NULL),
(4, 'Marlon Jay Espina', 'marlonespina@gmail.com', NULL, '$2y$10$oD/lHEQjm7K0L2q5gZp62.jfa2bwNx1XOC/uA1lMcdr3.AYr9Fb0y', '--', 'Brgy Blueridge B', '00000000000', NULL, 'cMetnqZskcloVHxCWnCeTLYjafUcaM4bkxi9QD9ZnrHzkpPOfWPJ4G8Y9ihl', '2020-05-21 20:42:45', '2021-01-07 19:10:01', NULL, NULL);

-- --------------------------------------------------------

--
-- Table structure for table `versions`
--

CREATE TABLE `versions` (
  `id` bigint(20) UNSIGNED NOT NULL,
  `version` varchar(191) COLLATE utf8mb4_unicode_ci NOT NULL,
  `version_title` varchar(191) COLLATE utf8mb4_unicode_ci NOT NULL,
  `release_notes` longtext COLLATE utf8mb4_unicode_ci NOT NULL,
  `is_view` longtext COLLATE utf8mb4_unicode_ci DEFAULT NULL,
  `deleted_at` timestamp NULL DEFAULT NULL,
  `created_at` timestamp NULL DEFAULT NULL,
  `updated_at` timestamp NULL DEFAULT NULL,
  `created_by` bigint(20) UNSIGNED DEFAULT NULL
) ENGINE=InnoDB DEFAULT CHARSET=utf8mb4 COLLATE=utf8mb4_unicode_ci;

--
-- Dumping data for table `versions`
--

INSERT INTO `versions` (`id`, `version`, `version_title`, `release_notes`, `is_view`, `deleted_at`, `created_at`, `updated_at`, `created_by`) VALUES
(1, 'v1.0.0-beta', 'March 03, 2020 (version 1.0.0-beta)', 'initial release for Barangay Blueridge B. Accounting and Inventory System', NULL, NULL, '2020-03-03 00:00:00', NULL, NULL),
(2, 'v1.20.2-beta', 'March 24, 2020 (version 1.20.2-beta)', '<div><div><h2>March 2020 (version 1.20.2 BETA)</h2><hr><h5>Update 1.20.2: The update addresses these issues.</h5><hr><h5>Added Features</h5><ol><li><b>Reports</b><ul><li>Improvements design</li><li>Statement of Appropriations Obligations & Balances</li><li>Liquidation Report</li><li>Inventory of Supplies and Materials</li><li>Cashbook</li></ul></li><li><b>Date Format</b> - all module must be Month Date Year (February 07, 2020)</li><li><b>Payroll</b> - form design and deletion</li><li><b>Login Page</b> - add background animation</li><li><b>Cash in Bank</b> - add manual transaction</li></ol><h5>Fixes & Bugs</h5><ol><li><b>Payments</b> - back button not working</li><li><b>OPEX</b> - minimun quantity, if null display none</li></ol></div></div><div align=\'right\' ><button class=\'btn btn-secondary\' data-dismiss=\'modal\'>Close</button</div>', '[2,3,1]', NULL, '2020-03-24 00:00:00', NULL, NULL),
(3, 'v.1.22.17-beta', 'May 13, 2020 (version 1.22.17-beta)', '<div><div><h2>May 2020 (version 1.22.17 BETA)</h2><hr><h5>Update 1.22.17: The update addresses these issues.</h5><hr><h5>Added Features</h5><ol><li><b>Reports</b><ul><li>Registration of Obligation Personal Services, MOOE and Capital Outlay Expenses Classification</li><li>Supplies and Materials</li></ul></li></ol><h5>Fixes & Bugs</h5><span>Here\'s all the module we fixed all bugs in issues</span><ol><li><b>Budget Allocation</b></li><li><b>Dashboard</b></li><li><b>ROA/DV</b></li><li><b>Canvassing</b></li><li><b>Inventory Receiving</b></li><li><b>New Inventory</b></li><li><b>Reports</b></li><li><b>Chart of Accounts</b></li><li><b>Purchase Order</b></li><li><b>Transmittal Letter Reports</b></li><li><b>Cashbook Reports</b></li><li><b>Inventory Status</b></li><li><b>Supplier</b></li><li><b>Add Manual Transaction</b></li><li><b>Payments</b></li></ol></div></div><div align=\'right\' ><button class=\'btn btn-secondary\' data-dismiss=\'modal\'>Close</button</div>', '[2,1,3,4]', NULL, '2020-05-13 16:32:00', NULL, NULL);

--
-- Indexes for dumped tables
--

--
-- Indexes for table `account_groups`
--
ALTER TABLE `account_groups`
  ADD PRIMARY KEY (`id`),
  ADD KEY `account_groups_group_id_foreign` (`group_id`);

--
-- Indexes for table `account_ledgers`
--
ALTER TABLE `account_ledgers`
  ADD PRIMARY KEY (`id`),
  ADD KEY `account_ledgers_group_id_foreign` (`group_id`),
  ADD KEY `account_ledgers_ledger_id_foreign` (`ledger_id`),
  ADD KEY `account_ledgers_reference_group_foreign` (`reference_group`),
  ADD KEY `account_ledgers_reference_ledger_foreign` (`reference_ledger`);

--
-- Indexes for table `assets`
--
ALTER TABLE `assets`
  ADD PRIMARY KEY (`id`),
  ADD KEY `assets_inventory_id_foreign` (`inventory_id`),
  ADD KEY `assets_inventory_status_id_foreign` (`inventory_status_id`);

--
-- Indexes for table `assigned_supplies`
--
ALTER TABLE `assigned_supplies`
  ADD PRIMARY KEY (`id`),
  ADD KEY `assigned_supplies_assigned_user_id_foreign` (`assigned_user_id`);

--
-- Indexes for table `assigned_supply_items`
--
ALTER TABLE `assigned_supply_items`
  ADD PRIMARY KEY (`id`),
  ADD KEY `assigned_supply_items_assigned_supply_id_foreign` (`assigned_supply_id`),
  ADD KEY `assigned_supply_items_inventory_id_foreign` (`inventory_id`),
  ADD KEY `assigned_supply_items_asset_id_foreign` (`asset_id`);

--
-- Indexes for table `banks`
--
ALTER TABLE `banks`
  ADD PRIMARY KEY (`id`);

--
-- Indexes for table `budget_allocations`
--
ALTER TABLE `budget_allocations`
  ADD PRIMARY KEY (`id`);

--
-- Indexes for table `budget_allocation_groups`
--
ALTER TABLE `budget_allocation_groups`
  ADD PRIMARY KEY (`id`),
  ADD KEY `budget_allocation_groups_budget_id_foreign` (`budget_id`),
  ADD KEY `budget_allocation_groups_group_id_foreign` (`group_id`);

--
-- Indexes for table `budget_allocation_items`
--
ALTER TABLE `budget_allocation_items`
  ADD PRIMARY KEY (`id`),
  ADD KEY `budget_allocation_items_budget_id_foreign` (`budget_id`),
  ADD KEY `budget_allocation_items_ledger_id_foreign` (`ledger_id`);

--
-- Indexes for table `canvasses`
--
ALTER TABLE `canvasses`
  ADD PRIMARY KEY (`id`),
  ADD KEY `canvasses_pr_id_foreign` (`pr_id`),
  ADD KEY `canvasses_supplier_id_foreign` (`supplier_id`);

--
-- Indexes for table `canvass_items`
--
ALTER TABLE `canvass_items`
  ADD PRIMARY KEY (`id`),
  ADD KEY `canvass_items_canvass_id_foreign` (`canvass_id`),
  ADD KEY `canvass_items_pr_item_id_foreign` (`pr_item_id`);

--
-- Indexes for table `categories`
--
ALTER TABLE `categories`
  ADD PRIMARY KEY (`id`),
  ADD KEY `categories_category_id_foreign` (`category_id`);

--
-- Indexes for table `cedulas`
--
ALTER TABLE `cedulas`
  ADD PRIMARY KEY (`id`),
  ADD KEY `cedulas_ledger_id_foreign` (`ledger_id`),
  ADD KEY `cedulas_cedula_id_foreign` (`cedula_id`);

--
-- Indexes for table `cedula_pad`
--
ALTER TABLE `cedula_pad`
  ADD PRIMARY KEY (`id`);

--
-- Indexes for table `disbursement_vouchers`
--
ALTER TABLE `disbursement_vouchers`
  ADD PRIMARY KEY (`id`),
  ADD KEY `disbursement_vouchers_roa_id_foreign` (`roa_id`),
  ADD KEY `disbursement_vouchers_claimant_id_foreign` (`claimant_id`),
  ADD KEY `disbursement_vouchers_or_id_foreign` (`or_id`);

--
-- Indexes for table `documents`
--
ALTER TABLE `documents`
  ADD PRIMARY KEY (`id`);

--
-- Indexes for table `dv_pad`
--
ALTER TABLE `dv_pad`
  ADD PRIMARY KEY (`id`);

--
-- Indexes for table `failed_jobs`
--
ALTER TABLE `failed_jobs`
  ADD PRIMARY KEY (`id`);

--
-- Indexes for table `general_users`
--
ALTER TABLE `general_users`
  ADD PRIMARY KEY (`id`),
  ADD KEY `general_users_role_id_foreign` (`role_id`);

--
-- Indexes for table `inventories`
--
ALTER TABLE `inventories`
  ADD PRIMARY KEY (`id`),
  ADD KEY `inventories_inventory_name_id_foreign` (`inventory_name_id`),
  ADD KEY `inventories_unit_id_foreign` (`unit_id`),
  ADD KEY `inventories_category_id_foreign` (`category_id`);

--
-- Indexes for table `inventory_names`
--
ALTER TABLE `inventory_names`
  ADD PRIMARY KEY (`id`),
  ADD KEY `inventory_names_category_id_foreign` (`category_id`);

--
-- Indexes for table `inventory_statuses`
--
ALTER TABLE `inventory_statuses`
  ADD PRIMARY KEY (`id`);

--
-- Indexes for table `invoices`
--
ALTER TABLE `invoices`
  ADD PRIMARY KEY (`id`),
  ADD KEY `invoices_payee_id_foreign` (`payee_id`),
  ADD KEY `invoices_ledger_id_foreign` (`ledger_id`);

--
-- Indexes for table `invoice_items`
--
ALTER TABLE `invoice_items`
  ADD PRIMARY KEY (`id`),
  ADD KEY `invoice_items_invoice_id_foreign` (`invoice_id`);

--
-- Indexes for table `migrations`
--
ALTER TABLE `migrations`
  ADD PRIMARY KEY (`id`);

--
-- Indexes for table `modules`
--
ALTER TABLE `modules`
  ADD PRIMARY KEY (`id`),
  ADD KEY `modules_module_id_foreign` (`module_id`);

--
-- Indexes for table `or_pad`
--
ALTER TABLE `or_pad`
  ADD PRIMARY KEY (`id`);

--
-- Indexes for table `password_resets`
--
ALTER TABLE `password_resets`
  ADD KEY `password_resets_email_index` (`email`);

--
-- Indexes for table `payments`
--
ALTER TABLE `payments`
  ADD PRIMARY KEY (`id`),
  ADD KEY `payments_bank_id_foreign` (`bank_id`),
  ADD KEY `payments_payment_id_foreign` (`payment_id`);

--
-- Indexes for table `payment_methods`
--
ALTER TABLE `payment_methods`
  ADD PRIMARY KEY (`id`);

--
-- Indexes for table `payrolls`
--
ALTER TABLE `payrolls`
  ADD PRIMARY KEY (`id`),
  ADD KEY `payrolls_ledger_id_foreign` (`ledger_id`);

--
-- Indexes for table `payroll_items`
--
ALTER TABLE `payroll_items`
  ADD PRIMARY KEY (`id`),
  ADD KEY `payroll_items_payroll_id_foreign` (`payroll_id`);

--
-- Indexes for table `purchase_orders`
--
ALTER TABLE `purchase_orders`
  ADD PRIMARY KEY (`id`),
  ADD KEY `purchase_orders_pr_id_foreign` (`pr_id`),
  ADD KEY `purchase_orders_canvass_id_foreign` (`canvass_id`);

--
-- Indexes for table `purchase_requests`
--
ALTER TABLE `purchase_requests`
  ADD PRIMARY KEY (`id`),
  ADD KEY `purchase_requests_roa_id_foreign` (`roa_id`);

--
-- Indexes for table `purchase_request_items`
--
ALTER TABLE `purchase_request_items`
  ADD PRIMARY KEY (`id`),
  ADD KEY `purchase_request_items_pr_id_foreign` (`pr_id`),
  ADD KEY `purchase_request_items_unit_id_foreign` (`unit_id`),
  ADD KEY `purchase_request_items_inventory_name_id_foreign` (`inventory_name_id`);

--
-- Indexes for table `receivings`
--
ALTER TABLE `receivings`
  ADD PRIMARY KEY (`id`),
  ADD KEY `receivings_po_id_foreign` (`po_id`);

--
-- Indexes for table `receiving_items`
--
ALTER TABLE `receiving_items`
  ADD PRIMARY KEY (`id`),
  ADD KEY `receiving_items_receiving_id_foreign` (`receiving_id`),
  ADD KEY `receiving_items_canvass_item_id_foreign` (`canvass_item_id`);

--
-- Indexes for table `roas`
--
ALTER TABLE `roas`
  ADD PRIMARY KEY (`id`),
  ADD KEY `roas_ledger_id_foreign` (`ledger_id`);

--
-- Indexes for table `roles`
--
ALTER TABLE `roles`
  ADD PRIMARY KEY (`id`);

--
-- Indexes for table `signatories`
--
ALTER TABLE `signatories`
  ADD PRIMARY KEY (`id`);

--
-- Indexes for table `signatory_templates`
--
ALTER TABLE `signatory_templates`
  ADD PRIMARY KEY (`id`),
  ADD KEY `signatory_templates_document_id_foreign` (`document_id`);

--
-- Indexes for table `suppliers`
--
ALTER TABLE `suppliers`
  ADD PRIMARY KEY (`id`);

--
-- Indexes for table `template_signees`
--
ALTER TABLE `template_signees`
  ADD PRIMARY KEY (`id`),
  ADD KEY `template_signees_template_id_foreign` (`template_id`),
  ADD KEY `template_signees_signatory_id_foreign` (`signatory_id`);

--
-- Indexes for table `transactions`
--
ALTER TABLE `transactions`
  ADD PRIMARY KEY (`id`),
  ADD KEY `transactions_ledger_id_foreign` (`ledger_id`),
  ADD KEY `transactions_payment_id_foreign` (`payment_id`);

--
-- Indexes for table `units`
--
ALTER TABLE `units`
  ADD PRIMARY KEY (`id`);

--
-- Indexes for table `users`
--
ALTER TABLE `users`
  ADD PRIMARY KEY (`id`),
  ADD UNIQUE KEY `users_email_unique` (`email`);

--
-- Indexes for table `versions`
--
ALTER TABLE `versions`
  ADD PRIMARY KEY (`id`);

--
-- AUTO_INCREMENT for dumped tables
--

--
-- AUTO_INCREMENT for table `account_groups`
--
ALTER TABLE `account_groups`
  MODIFY `id` bigint(20) UNSIGNED NOT NULL AUTO_INCREMENT, AUTO_INCREMENT=19;

--
-- AUTO_INCREMENT for table `account_ledgers`
--
ALTER TABLE `account_ledgers`
  MODIFY `id` bigint(20) UNSIGNED NOT NULL AUTO_INCREMENT, AUTO_INCREMENT=55;

--
-- AUTO_INCREMENT for table `assets`
--
ALTER TABLE `assets`
  MODIFY `id` bigint(20) UNSIGNED NOT NULL AUTO_INCREMENT, AUTO_INCREMENT=165;

--
-- AUTO_INCREMENT for table `assigned_supplies`
--
ALTER TABLE `assigned_supplies`
  MODIFY `id` bigint(20) UNSIGNED NOT NULL AUTO_INCREMENT, AUTO_INCREMENT=2;

--
-- AUTO_INCREMENT for table `assigned_supply_items`
--
ALTER TABLE `assigned_supply_items`
  MODIFY `id` bigint(20) UNSIGNED NOT NULL AUTO_INCREMENT, AUTO_INCREMENT=2;

--
-- AUTO_INCREMENT for table `banks`
--
ALTER TABLE `banks`
  MODIFY `id` bigint(20) UNSIGNED NOT NULL AUTO_INCREMENT, AUTO_INCREMENT=2;

--
-- AUTO_INCREMENT for table `budget_allocations`
--
ALTER TABLE `budget_allocations`
  MODIFY `id` bigint(20) UNSIGNED NOT NULL AUTO_INCREMENT, AUTO_INCREMENT=4;

--
-- AUTO_INCREMENT for table `budget_allocation_groups`
--
ALTER TABLE `budget_allocation_groups`
  MODIFY `id` bigint(20) UNSIGNED NOT NULL AUTO_INCREMENT, AUTO_INCREMENT=29;

--
-- AUTO_INCREMENT for table `budget_allocation_items`
--
ALTER TABLE `budget_allocation_items`
  MODIFY `id` bigint(20) UNSIGNED NOT NULL AUTO_INCREMENT, AUTO_INCREMENT=130;

--
-- AUTO_INCREMENT for table `canvasses`
--
ALTER TABLE `canvasses`
  MODIFY `id` bigint(20) UNSIGNED NOT NULL AUTO_INCREMENT, AUTO_INCREMENT=530;

--
-- AUTO_INCREMENT for table `canvass_items`
--
ALTER TABLE `canvass_items`
  MODIFY `id` bigint(20) UNSIGNED NOT NULL AUTO_INCREMENT, AUTO_INCREMENT=1180;

--
-- AUTO_INCREMENT for table `categories`
--
ALTER TABLE `categories`
  MODIFY `id` bigint(20) UNSIGNED NOT NULL AUTO_INCREMENT, AUTO_INCREMENT=31;

--
-- AUTO_INCREMENT for table `cedulas`
--
ALTER TABLE `cedulas`
  MODIFY `id` bigint(20) UNSIGNED NOT NULL AUTO_INCREMENT, AUTO_INCREMENT=11;

--
-- AUTO_INCREMENT for table `cedula_pad`
--
ALTER TABLE `cedula_pad`
  MODIFY `id` bigint(20) UNSIGNED NOT NULL AUTO_INCREMENT;

--
-- AUTO_INCREMENT for table `disbursement_vouchers`
--
ALTER TABLE `disbursement_vouchers`
  MODIFY `id` bigint(20) UNSIGNED NOT NULL AUTO_INCREMENT, AUTO_INCREMENT=87;

--
-- AUTO_INCREMENT for table `documents`
--
ALTER TABLE `documents`
  MODIFY `id` bigint(20) UNSIGNED NOT NULL AUTO_INCREMENT, AUTO_INCREMENT=16;

--
-- AUTO_INCREMENT for table `dv_pad`
--
ALTER TABLE `dv_pad`
  MODIFY `id` bigint(20) UNSIGNED NOT NULL AUTO_INCREMENT;

--
-- AUTO_INCREMENT for table `failed_jobs`
--
ALTER TABLE `failed_jobs`
  MODIFY `id` bigint(20) UNSIGNED NOT NULL AUTO_INCREMENT;

--
-- AUTO_INCREMENT for table `general_users`
--
ALTER TABLE `general_users`
  MODIFY `id` bigint(20) UNSIGNED NOT NULL AUTO_INCREMENT, AUTO_INCREMENT=604;

--
-- AUTO_INCREMENT for table `inventories`
--
ALTER TABLE `inventories`
  MODIFY `id` bigint(20) UNSIGNED NOT NULL AUTO_INCREMENT, AUTO_INCREMENT=162;

--
-- AUTO_INCREMENT for table `inventory_names`
--
ALTER TABLE `inventory_names`
  MODIFY `id` bigint(20) UNSIGNED NOT NULL AUTO_INCREMENT, AUTO_INCREMENT=528;

--
-- AUTO_INCREMENT for table `inventory_statuses`
--
ALTER TABLE `inventory_statuses`
  MODIFY `id` bigint(20) UNSIGNED NOT NULL AUTO_INCREMENT, AUTO_INCREMENT=9;

--
-- AUTO_INCREMENT for table `invoices`
--
ALTER TABLE `invoices`
  MODIFY `id` bigint(20) UNSIGNED NOT NULL AUTO_INCREMENT, AUTO_INCREMENT=1285;

--
-- AUTO_INCREMENT for table `invoice_items`
--
ALTER TABLE `invoice_items`
  MODIFY `id` bigint(20) UNSIGNED NOT NULL AUTO_INCREMENT, AUTO_INCREMENT=1285;

--
-- AUTO_INCREMENT for table `migrations`
--
ALTER TABLE `migrations`
  MODIFY `id` int(10) UNSIGNED NOT NULL AUTO_INCREMENT, AUTO_INCREMENT=68;

--
-- AUTO_INCREMENT for table `modules`
--
ALTER TABLE `modules`
  MODIFY `id` bigint(20) UNSIGNED NOT NULL AUTO_INCREMENT, AUTO_INCREMENT=32;

--
-- AUTO_INCREMENT for table `or_pad`
--
ALTER TABLE `or_pad`
  MODIFY `id` bigint(20) UNSIGNED NOT NULL AUTO_INCREMENT, AUTO_INCREMENT=2;

--
-- AUTO_INCREMENT for table `payments`
--
ALTER TABLE `payments`
  MODIFY `id` bigint(20) UNSIGNED NOT NULL AUTO_INCREMENT, AUTO_INCREMENT=52;

--
-- AUTO_INCREMENT for table `payment_methods`
--
ALTER TABLE `payment_methods`
  MODIFY `id` bigint(20) UNSIGNED NOT NULL AUTO_INCREMENT, AUTO_INCREMENT=5;

--
-- AUTO_INCREMENT for table `payrolls`
--
ALTER TABLE `payrolls`
  MODIFY `id` bigint(20) UNSIGNED NOT NULL AUTO_INCREMENT, AUTO_INCREMENT=2;

--
-- AUTO_INCREMENT for table `payroll_items`
--
ALTER TABLE `payroll_items`
  MODIFY `id` bigint(20) UNSIGNED NOT NULL AUTO_INCREMENT, AUTO_INCREMENT=10;

--
-- AUTO_INCREMENT for table `purchase_orders`
--
ALTER TABLE `purchase_orders`
  MODIFY `id` bigint(20) UNSIGNED NOT NULL AUTO_INCREMENT, AUTO_INCREMENT=142;

--
-- AUTO_INCREMENT for table `purchase_requests`
--
ALTER TABLE `purchase_requests`
  MODIFY `id` bigint(20) UNSIGNED NOT NULL AUTO_INCREMENT, AUTO_INCREMENT=64;

--
-- AUTO_INCREMENT for table `purchase_request_items`
--
ALTER TABLE `purchase_request_items`
  MODIFY `id` bigint(20) UNSIGNED NOT NULL AUTO_INCREMENT, AUTO_INCREMENT=528;

--
-- AUTO_INCREMENT for table `receivings`
--
ALTER TABLE `receivings`
  MODIFY `id` bigint(20) UNSIGNED NOT NULL AUTO_INCREMENT, AUTO_INCREMENT=110;

--
-- AUTO_INCREMENT for table `receiving_items`
--
ALTER TABLE `receiving_items`
  MODIFY `id` bigint(20) UNSIGNED NOT NULL AUTO_INCREMENT, AUTO_INCREMENT=165;

--
-- AUTO_INCREMENT for table `roas`
--
ALTER TABLE `roas`
  MODIFY `id` bigint(20) UNSIGNED NOT NULL AUTO_INCREMENT, AUTO_INCREMENT=104;

--
-- AUTO_INCREMENT for table `roles`
--
ALTER TABLE `roles`
  MODIFY `id` bigint(20) UNSIGNED NOT NULL AUTO_INCREMENT, AUTO_INCREMENT=5;

--
-- AUTO_INCREMENT for table `signatories`
--
ALTER TABLE `signatories`
  MODIFY `id` bigint(20) UNSIGNED NOT NULL AUTO_INCREMENT;

--
-- AUTO_INCREMENT for table `signatory_templates`
--
ALTER TABLE `signatory_templates`
  MODIFY `id` bigint(20) UNSIGNED NOT NULL AUTO_INCREMENT;

--
-- AUTO_INCREMENT for table `suppliers`
--
ALTER TABLE `suppliers`
  MODIFY `id` bigint(20) UNSIGNED NOT NULL AUTO_INCREMENT, AUTO_INCREMENT=230;

--
-- AUTO_INCREMENT for table `template_signees`
--
ALTER TABLE `template_signees`
  MODIFY `id` bigint(20) UNSIGNED NOT NULL AUTO_INCREMENT;

--
-- AUTO_INCREMENT for table `transactions`
--
ALTER TABLE `transactions`
  MODIFY `id` bigint(20) UNSIGNED NOT NULL AUTO_INCREMENT;

--
-- AUTO_INCREMENT for table `units`
--
ALTER TABLE `units`
  MODIFY `id` bigint(20) UNSIGNED NOT NULL AUTO_INCREMENT, AUTO_INCREMENT=19;

--
-- AUTO_INCREMENT for table `users`
--
ALTER TABLE `users`
  MODIFY `id` bigint(20) UNSIGNED NOT NULL AUTO_INCREMENT, AUTO_INCREMENT=5;

--
-- AUTO_INCREMENT for table `versions`
--
ALTER TABLE `versions`
  MODIFY `id` bigint(20) UNSIGNED NOT NULL AUTO_INCREMENT, AUTO_INCREMENT=4;

--
-- Constraints for dumped tables
--

--
-- Constraints for table `account_groups`
--
ALTER TABLE `account_groups`
  ADD CONSTRAINT `account_groups_group_id_foreign` FOREIGN KEY (`group_id`) REFERENCES `account_groups` (`id`) ON DELETE CASCADE;

--
-- Constraints for table `account_ledgers`
--
ALTER TABLE `account_ledgers`
  ADD CONSTRAINT `account_ledgers_group_id_foreign` FOREIGN KEY (`group_id`) REFERENCES `account_groups` (`id`) ON DELETE CASCADE ON UPDATE CASCADE,
  ADD CONSTRAINT `account_ledgers_ledger_id_foreign` FOREIGN KEY (`ledger_id`) REFERENCES `account_ledgers` (`id`) ON DELETE CASCADE ON UPDATE CASCADE,
  ADD CONSTRAINT `account_ledgers_reference_group_foreign` FOREIGN KEY (`reference_group`) REFERENCES `account_groups` (`id`) ON DELETE CASCADE ON UPDATE CASCADE,
  ADD CONSTRAINT `account_ledgers_reference_ledger_foreign` FOREIGN KEY (`reference_ledger`) REFERENCES `account_ledgers` (`id`) ON DELETE CASCADE ON UPDATE CASCADE;

--
-- Constraints for table `assets`
--
ALTER TABLE `assets`
  ADD CONSTRAINT `assets_inventory_id_foreign` FOREIGN KEY (`inventory_id`) REFERENCES `inventories` (`id`) ON DELETE CASCADE ON UPDATE CASCADE,
  ADD CONSTRAINT `assets_inventory_status_id_foreign` FOREIGN KEY (`inventory_status_id`) REFERENCES `inventory_statuses` (`id`) ON DELETE CASCADE ON UPDATE CASCADE;

--
-- Constraints for table `assigned_supplies`
--
ALTER TABLE `assigned_supplies`
  ADD CONSTRAINT `assigned_supplies_assigned_user_id_foreign` FOREIGN KEY (`assigned_user_id`) REFERENCES `general_users` (`id`) ON DELETE CASCADE ON UPDATE CASCADE;

--
-- Constraints for table `assigned_supply_items`
--
ALTER TABLE `assigned_supply_items`
  ADD CONSTRAINT `assigned_supply_items_asset_id_foreign` FOREIGN KEY (`asset_id`) REFERENCES `assets` (`id`) ON DELETE CASCADE ON UPDATE CASCADE,
  ADD CONSTRAINT `assigned_supply_items_assigned_supply_id_foreign` FOREIGN KEY (`assigned_supply_id`) REFERENCES `assigned_supplies` (`id`) ON DELETE CASCADE ON UPDATE CASCADE,
  ADD CONSTRAINT `assigned_supply_items_inventory_id_foreign` FOREIGN KEY (`inventory_id`) REFERENCES `inventories` (`id`) ON DELETE CASCADE ON UPDATE CASCADE;

--
-- Constraints for table `budget_allocation_groups`
--
ALTER TABLE `budget_allocation_groups`
  ADD CONSTRAINT `budget_allocation_groups_budget_id_foreign` FOREIGN KEY (`budget_id`) REFERENCES `budget_allocations` (`id`) ON DELETE CASCADE ON UPDATE CASCADE,
  ADD CONSTRAINT `budget_allocation_groups_group_id_foreign` FOREIGN KEY (`group_id`) REFERENCES `account_groups` (`id`) ON DELETE CASCADE ON UPDATE CASCADE;

--
-- Constraints for table `budget_allocation_items`
--
ALTER TABLE `budget_allocation_items`
  ADD CONSTRAINT `budget_allocation_items_budget_id_foreign` FOREIGN KEY (`budget_id`) REFERENCES `budget_allocations` (`id`) ON DELETE CASCADE ON UPDATE CASCADE,
  ADD CONSTRAINT `budget_allocation_items_ledger_id_foreign` FOREIGN KEY (`ledger_id`) REFERENCES `account_ledgers` (`id`) ON DELETE CASCADE ON UPDATE CASCADE;

--
-- Constraints for table `canvasses`
--
ALTER TABLE `canvasses`
  ADD CONSTRAINT `canvasses_pr_id_foreign` FOREIGN KEY (`pr_id`) REFERENCES `purchase_requests` (`id`) ON DELETE CASCADE ON UPDATE CASCADE,
  ADD CONSTRAINT `canvasses_supplier_id_foreign` FOREIGN KEY (`supplier_id`) REFERENCES `suppliers` (`id`) ON DELETE CASCADE ON UPDATE CASCADE;

--
-- Constraints for table `canvass_items`
--
ALTER TABLE `canvass_items`
  ADD CONSTRAINT `canvass_items_canvass_id_foreign` FOREIGN KEY (`canvass_id`) REFERENCES `canvasses` (`id`) ON DELETE CASCADE ON UPDATE CASCADE,
  ADD CONSTRAINT `canvass_items_pr_item_id_foreign` FOREIGN KEY (`pr_item_id`) REFERENCES `purchase_request_items` (`id`) ON DELETE CASCADE ON UPDATE CASCADE;

--
-- Constraints for table `categories`
--
ALTER TABLE `categories`
  ADD CONSTRAINT `categories_category_id_foreign` FOREIGN KEY (`category_id`) REFERENCES `categories` (`id`) ON DELETE CASCADE ON UPDATE CASCADE;

--
-- Constraints for table `cedulas`
--
ALTER TABLE `cedulas`
  ADD CONSTRAINT `cedulas_cedula_id_foreign` FOREIGN KEY (`cedula_id`) REFERENCES `general_users` (`id`) ON DELETE CASCADE ON UPDATE CASCADE,
  ADD CONSTRAINT `cedulas_ledger_id_foreign` FOREIGN KEY (`ledger_id`) REFERENCES `account_ledgers` (`id`) ON DELETE CASCADE ON UPDATE CASCADE;

--
-- Constraints for table `disbursement_vouchers`
--
ALTER TABLE `disbursement_vouchers`
  ADD CONSTRAINT `disbursement_vouchers_claimant_id_foreign` FOREIGN KEY (`claimant_id`) REFERENCES `general_users` (`id`) ON DELETE CASCADE ON UPDATE CASCADE,
  ADD CONSTRAINT `disbursement_vouchers_or_id_foreign` FOREIGN KEY (`or_id`) REFERENCES `invoices` (`id`) ON DELETE CASCADE ON UPDATE CASCADE,
  ADD CONSTRAINT `disbursement_vouchers_roa_id_foreign` FOREIGN KEY (`roa_id`) REFERENCES `roas` (`id`) ON DELETE CASCADE ON UPDATE CASCADE;

--
-- Constraints for table `general_users`
--
ALTER TABLE `general_users`
  ADD CONSTRAINT `general_users_role_id_foreign` FOREIGN KEY (`role_id`) REFERENCES `roles` (`id`) ON DELETE CASCADE ON UPDATE CASCADE;

--
-- Constraints for table `inventories`
--
ALTER TABLE `inventories`
  ADD CONSTRAINT `inventories_category_id_foreign` FOREIGN KEY (`category_id`) REFERENCES `categories` (`id`) ON DELETE CASCADE ON UPDATE CASCADE,
  ADD CONSTRAINT `inventories_inventory_name_id_foreign` FOREIGN KEY (`inventory_name_id`) REFERENCES `inventory_names` (`id`) ON DELETE CASCADE ON UPDATE CASCADE,
  ADD CONSTRAINT `inventories_unit_id_foreign` FOREIGN KEY (`unit_id`) REFERENCES `units` (`id`) ON DELETE CASCADE;

--
-- Constraints for table `inventory_names`
--
ALTER TABLE `inventory_names`
  ADD CONSTRAINT `inventory_names_category_id_foreign` FOREIGN KEY (`category_id`) REFERENCES `categories` (`id`) ON DELETE CASCADE ON UPDATE CASCADE;

--
-- Constraints for table `invoices`
--
ALTER TABLE `invoices`
  ADD CONSTRAINT `invoices_ledger_id_foreign` FOREIGN KEY (`ledger_id`) REFERENCES `account_ledgers` (`id`) ON DELETE CASCADE ON UPDATE CASCADE,
  ADD CONSTRAINT `invoices_payee_id_foreign` FOREIGN KEY (`payee_id`) REFERENCES `general_users` (`id`) ON DELETE CASCADE ON UPDATE CASCADE;

--
-- Constraints for table `invoice_items`
--
ALTER TABLE `invoice_items`
  ADD CONSTRAINT `invoice_items_invoice_id_foreign` FOREIGN KEY (`invoice_id`) REFERENCES `invoices` (`id`) ON DELETE CASCADE ON UPDATE CASCADE;

--
-- Constraints for table `modules`
--
ALTER TABLE `modules`
  ADD CONSTRAINT `modules_module_id_foreign` FOREIGN KEY (`module_id`) REFERENCES `modules` (`id`) ON DELETE CASCADE ON UPDATE CASCADE;

--
-- Constraints for table `payments`
--
ALTER TABLE `payments`
  ADD CONSTRAINT `payments_bank_id_foreign` FOREIGN KEY (`bank_id`) REFERENCES `banks` (`id`) ON DELETE CASCADE,
  ADD CONSTRAINT `payments_payment_id_foreign` FOREIGN KEY (`payment_id`) REFERENCES `payment_methods` (`id`) ON DELETE CASCADE ON UPDATE CASCADE;

--
-- Constraints for table `payrolls`
--
ALTER TABLE `payrolls`
  ADD CONSTRAINT `payrolls_ledger_id_foreign` FOREIGN KEY (`ledger_id`) REFERENCES `account_ledgers` (`id`) ON DELETE CASCADE ON UPDATE CASCADE;

--
-- Constraints for table `payroll_items`
--
ALTER TABLE `payroll_items`
  ADD CONSTRAINT `payroll_items_payroll_id_foreign` FOREIGN KEY (`payroll_id`) REFERENCES `payrolls` (`id`) ON DELETE CASCADE ON UPDATE CASCADE;

--
-- Constraints for table `purchase_orders`
--
ALTER TABLE `purchase_orders`
  ADD CONSTRAINT `purchase_orders_canvass_id_foreign` FOREIGN KEY (`canvass_id`) REFERENCES `canvasses` (`id`) ON DELETE CASCADE ON UPDATE CASCADE,
  ADD CONSTRAINT `purchase_orders_pr_id_foreign` FOREIGN KEY (`pr_id`) REFERENCES `purchase_requests` (`id`) ON DELETE CASCADE ON UPDATE CASCADE;

--
-- Constraints for table `purchase_requests`
--
ALTER TABLE `purchase_requests`
  ADD CONSTRAINT `purchase_requests_roa_id_foreign` FOREIGN KEY (`roa_id`) REFERENCES `roas` (`id`) ON DELETE CASCADE ON UPDATE CASCADE;

--
-- Constraints for table `purchase_request_items`
--
ALTER TABLE `purchase_request_items`
  ADD CONSTRAINT `purchase_request_items_inventory_name_id_foreign` FOREIGN KEY (`inventory_name_id`) REFERENCES `inventory_names` (`id`) ON DELETE CASCADE ON UPDATE CASCADE,
  ADD CONSTRAINT `purchase_request_items_pr_id_foreign` FOREIGN KEY (`pr_id`) REFERENCES `purchase_requests` (`id`) ON DELETE CASCADE ON UPDATE CASCADE,
  ADD CONSTRAINT `purchase_request_items_unit_id_foreign` FOREIGN KEY (`unit_id`) REFERENCES `units` (`id`) ON DELETE CASCADE ON UPDATE CASCADE;

--
-- Constraints for table `receivings`
--
ALTER TABLE `receivings`
  ADD CONSTRAINT `receivings_po_id_foreign` FOREIGN KEY (`po_id`) REFERENCES `purchase_orders` (`id`) ON DELETE CASCADE ON UPDATE CASCADE;

--
-- Constraints for table `receiving_items`
--
ALTER TABLE `receiving_items`
  ADD CONSTRAINT `receiving_items_canvass_item_id_foreign` FOREIGN KEY (`canvass_item_id`) REFERENCES `canvass_items` (`id`) ON DELETE CASCADE ON UPDATE CASCADE,
  ADD CONSTRAINT `receiving_items_receiving_id_foreign` FOREIGN KEY (`receiving_id`) REFERENCES `receivings` (`id`) ON DELETE CASCADE ON UPDATE CASCADE;

--
-- Constraints for table `roas`
--
ALTER TABLE `roas`
  ADD CONSTRAINT `roas_ledger_id_foreign` FOREIGN KEY (`ledger_id`) REFERENCES `account_ledgers` (`id`) ON DELETE CASCADE ON UPDATE CASCADE;

--
-- Constraints for table `signatory_templates`
--
ALTER TABLE `signatory_templates`
  ADD CONSTRAINT `signatory_templates_document_id_foreign` FOREIGN KEY (`document_id`) REFERENCES `documents` (`id`) ON DELETE CASCADE ON UPDATE CASCADE;

--
-- Constraints for table `template_signees`
--
ALTER TABLE `template_signees`
  ADD CONSTRAINT `template_signees_signatory_id_foreign` FOREIGN KEY (`signatory_id`) REFERENCES `signatories` (`id`) ON DELETE CASCADE ON UPDATE CASCADE,
  ADD CONSTRAINT `template_signees_template_id_foreign` FOREIGN KEY (`template_id`) REFERENCES `signatory_templates` (`id`) ON DELETE CASCADE ON UPDATE CASCADE;

--
-- Constraints for table `transactions`
--
ALTER TABLE `transactions`
  ADD CONSTRAINT `transactions_ledger_id_foreign` FOREIGN KEY (`ledger_id`) REFERENCES `account_ledgers` (`id`) ON DELETE CASCADE ON UPDATE CASCADE,
  ADD CONSTRAINT `transactions_payment_id_foreign` FOREIGN KEY (`payment_id`) REFERENCES `payment_methods` (`id`) ON DELETE CASCADE ON UPDATE CASCADE;
COMMIT;

/*!40101 SET CHARACTER_SET_CLIENT=@OLD_CHARACTER_SET_CLIENT */;
/*!40101 SET CHARACTER_SET_RESULTS=@OLD_CHARACTER_SET_RESULTS */;
/*!40101 SET COLLATION_CONNECTION=@OLD_COLLATION_CONNECTION */;
